id_salario,id_periodo,id_indicador,id_geografia,sexo,sector_cnae,ocupacion_cno11,valor
1,385,8,1,Total,N/A,Total,28049.94
2,386,8,1,Total,N/A,Total,26948.87
3,387,8,1,Total,N/A,Total,25896.82
4,388,8,1,Total,N/A,Total,25165.51
5,389,8,1,Total,N/A,Total,24395.98
6,390,8,1,Total,N/A,Total,24009.12
7,391,8,1,Total,N/A,Total,23646.5
8,392,8,1,Total,N/A,Total,23156.34
9,393,8,1,Total,N/A,Total,23106.3
10,394,8,1,Total,N/A,Total,22858.17
11,395,8,1,Total,N/A,Total,22697.86
12,396,8,1,Total,N/A,Total,22726.44
13,397,8,1,Total,N/A,Total,22899.35
14,398,8,1,Total,N/A,Total,22790.2
15,399,8,1,Total,N/A,Total,22511.47
16,400,8,1,Total,N/A,Total,21883.42
17,385,8,1,Mujeres,N/A,Total,25591.31
18,386,8,1,Mujeres,N/A,Total,24359.82
19,387,8,1,Mujeres,N/A,Total,23175.95
20,388,8,1,Mujeres,N/A,Total,22467.48
21,389,8,1,Mujeres,N/A,Total,21682.02
22,390,8,1,Mujeres,N/A,Total,21011.89
23,391,8,1,Mujeres,N/A,Total,20607.85
24,392,8,1,Mujeres,N/A,Total,20131.41
25,393,8,1,Mujeres,N/A,Total,20051.58
26,394,8,1,Mujeres,N/A,Total,19744.82
27,395,8,1,Mujeres,N/A,Total,19514.58
28,396,8,1,Mujeres,N/A,Total,19537.33
29,397,8,1,Mujeres,N/A,Total,19767.59
30,398,8,1,Mujeres,N/A,Total,19735.22
31,399,8,1,Mujeres,N/A,Total,19502.02
32,400,8,1,Mujeres,N/A,Total,18910.62
33,385,8,1,Hombres,N/A,Total,30372.49
34,386,8,1,Hombres,N/A,Total,29381.84
35,387,8,1,Hombres,N/A,Total,28388.69
36,388,8,1,Hombres,N/A,Total,27642.52
37,389,8,1,Hombres,N/A,Total,26934.38
38,390,8,1,Hombres,N/A,Total,26738.19
39,391,8,1,Hombres,N/A,Total,26391.84
40,392,8,1,Hombres,N/A,Total,25924.43
41,393,8,1,Hombres,N/A,Total,25992.76
42,394,8,1,Hombres,N/A,Total,25727.24
43,395,8,1,Hombres,N/A,Total,25675.17
44,396,8,1,Hombres,N/A,Total,25682.05
45,397,8,1,Hombres,N/A,Total,25667.89
46,398,8,1,Hombres,N/A,Total,25479.74
47,399,8,1,Hombres,N/A,Total,25001.05
48,400,8,1,Hombres,N/A,Total,24203.33
49,385,8,1,Total,N/A,Directores y gerentes,60985.96
50,386,8,1,Total,N/A,Directores y gerentes,59478.63
51,387,8,1,Total,N/A,Directores y gerentes,59219.83
52,388,8,1,Total,N/A,Directores y gerentes,58023.75
53,389,8,1,Total,N/A,Directores y gerentes,56634.74
54,390,8,1,Total,N/A,Directores y gerentes,54341.32
55,391,8,1,Total,N/A,Directores y gerentes,51010.54
56,392,8,1,Total,N/A,Directores y gerentes,50530.8
57,393,8,1,Total,N/A,Directores y gerentes,51645.86
58,394,8,1,Total,N/A,Directores y gerentes,52512.99
59,395,8,1,Total,N/A,Directores y gerentes,51594.26
60,396,8,1,Total,N/A,Directores y gerentes,53165.69
61,397,8,1,Total,N/A,Directores y gerentes,54396.44
62,398,8,1,Total,N/A,Directores y gerentes,56602.81
63,399,8,1,Total,N/A,Directores y gerentes,58895.19
64,400,8,1,Total,N/A,Directores y gerentes,57259.16
65,385,8,1,Mujeres,N/A,Directores y gerentes,54003.51
66,386,8,1,Mujeres,N/A,Directores y gerentes,53368.32
67,387,8,1,Mujeres,N/A,Directores y gerentes,51456.82
68,388,8,1,Mujeres,N/A,Directores y gerentes,50788.17
69,389,8,1,Mujeres,N/A,Directores y gerentes,48667.65
70,390,8,1,Mujeres,N/A,Directores y gerentes,46657.12
71,391,8,1,Mujeres,N/A,Directores y gerentes,42901.26
72,392,8,1,Mujeres,N/A,Directores y gerentes,43718.01
73,393,8,1,Mujeres,N/A,Directores y gerentes,44921.93
74,394,8,1,Mujeres,N/A,Directores y gerentes,45540.99
75,395,8,1,Mujeres,N/A,Directores y gerentes,45033.41
76,396,8,1,Mujeres,N/A,Directores y gerentes,47131.4
77,397,8,1,Mujeres,N/A,Directores y gerentes,47807.16
78,398,8,1,Mujeres,N/A,Directores y gerentes,48552.77
79,399,8,1,Mujeres,N/A,Directores y gerentes,47714.85
80,400,8,1,Mujeres,N/A,Directores y gerentes,46842.64
81,385,8,1,Hombres,N/A,Directores y gerentes,65870.11
82,386,8,1,Hombres,N/A,Directores y gerentes,62991.86
83,387,8,1,Hombres,N/A,Directores y gerentes,63703.19
84,388,8,1,Hombres,N/A,Directores y gerentes,61698.18
85,389,8,1,Hombres,N/A,Directores y gerentes,60780.76
86,390,8,1,Hombres,N/A,Directores y gerentes,58850.23
87,391,8,1,Hombres,N/A,Directores y gerentes,55477.96
88,392,8,1,Hombres,N/A,Directores y gerentes,54142.69
89,393,8,1,Hombres,N/A,Directores y gerentes,55327.33
90,394,8,1,Hombres,N/A,Directores y gerentes,56422.49
91,395,8,1,Hombres,N/A,Directores y gerentes,55090.0
92,396,8,1,Hombres,N/A,Directores y gerentes,56164.73
93,397,8,1,Hombres,N/A,Directores y gerentes,57323.26
94,398,8,1,Hombres,N/A,Directores y gerentes,60352.41
95,399,8,1,Hombres,N/A,Directores y gerentes,62696.93
96,400,8,1,Hombres,N/A,Directores y gerentes,61997.66
97,385,8,1,Total,N/A,Técnicos y profesionales científicos e intelectuales de la salud y la enseñanza,38857.91
98,386,8,1,Total,N/A,Técnicos y profesionales científicos e intelectuales de la salud y la enseñanza,37456.34
99,387,8,1,Total,N/A,Técnicos y profesionales científicos e intelectuales de la salud y la enseñanza,36101.1
100,388,8,1,Total,N/A,Técnicos y profesionales científicos e intelectuales de la salud y la enseñanza,34809.61
101,389,8,1,Total,N/A,Técnicos y profesionales científicos e intelectuales de la salud y la enseñanza,33199.26
102,390,8,1,Total,N/A,Técnicos y profesionales científicos e intelectuales de la salud y la enseñanza,31607.73
103,391,8,1,Total,N/A,Técnicos y profesionales científicos e intelectuales de la salud y la enseñanza,31627.9
104,392,8,1,Total,N/A,Técnicos y profesionales científicos e intelectuales de la salud y la enseñanza,30653.34
105,393,8,1,Total,N/A,Técnicos y profesionales científicos e intelectuales de la salud y la enseñanza,29669.62
106,394,8,1,Total,N/A,Técnicos y profesionales científicos e intelectuales de la salud y la enseñanza,28838.91
107,395,8,1,Total,N/A,Técnicos y profesionales científicos e intelectuales de la salud y la enseñanza,29807.74
108,396,8,1,Total,N/A,Técnicos y profesionales científicos e intelectuales de la salud y la enseñanza,29460.87
109,397,8,1,Total,N/A,Técnicos y profesionales científicos e intelectuales de la salud y la enseñanza,30087.55
110,398,8,1,Total,N/A,Técnicos y profesionales científicos e intelectuales de la salud y la enseñanza,31054.93
111,399,8,1,Total,N/A,Técnicos y profesionales científicos e intelectuales de la salud y la enseñanza,30536.16
112,400,8,1,Total,N/A,Técnicos y profesionales científicos e intelectuales de la salud y la enseñanza,29319.57
113,385,8,1,Mujeres,N/A,Técnicos y profesionales científicos e intelectuales de la salud y la enseñanza,37939.33
114,386,8,1,Mujeres,N/A,Técnicos y profesionales científicos e intelectuales de la salud y la enseñanza,36240.4
115,387,8,1,Mujeres,N/A,Técnicos y profesionales científicos e intelectuales de la salud y la enseñanza,34605.37
116,388,8,1,Mujeres,N/A,Técnicos y profesionales científicos e intelectuales de la salud y la enseñanza,33447.03
117,389,8,1,Mujeres,N/A,Técnicos y profesionales científicos e intelectuales de la salud y la enseñanza,32136.34
118,390,8,1,Mujeres,N/A,Técnicos y profesionales científicos e intelectuales de la salud y la enseñanza,30723.97
119,391,8,1,Mujeres,N/A,Técnicos y profesionales científicos e intelectuales de la salud y la enseñanza,30166.12
120,392,8,1,Mujeres,N/A,Técnicos y profesionales científicos e intelectuales de la salud y la enseñanza,29084.27
121,393,8,1,Mujeres,N/A,Técnicos y profesionales científicos e intelectuales de la salud y la enseñanza,28540.05
122,394,8,1,Mujeres,N/A,Técnicos y profesionales científicos e intelectuales de la salud y la enseñanza,27562.6
123,395,8,1,Mujeres,N/A,Técnicos y profesionales científicos e intelectuales de la salud y la enseñanza,28335.41
124,396,8,1,Mujeres,N/A,Técnicos y profesionales científicos e intelectuales de la salud y la enseñanza,27907.45
125,397,8,1,Mujeres,N/A,Técnicos y profesionales científicos e intelectuales de la salud y la enseñanza,28740.62
126,398,8,1,Mujeres,N/A,Técnicos y profesionales científicos e intelectuales de la salud y la enseñanza,29540.43
127,399,8,1,Mujeres,N/A,Técnicos y profesionales científicos e intelectuales de la salud y la enseñanza,29840.96
128,400,8,1,Mujeres,N/A,Técnicos y profesionales científicos e intelectuales de la salud y la enseñanza,28756.91
129,385,8,1,Hombres,N/A,Técnicos y profesionales científicos e intelectuales de la salud y la enseñanza,41035.77
130,386,8,1,Hombres,N/A,Técnicos y profesionales científicos e intelectuales de la salud y la enseñanza,40183.85
131,387,8,1,Hombres,N/A,Técnicos y profesionales científicos e intelectuales de la salud y la enseñanza,39270.32
132,388,8,1,Hombres,N/A,Técnicos y profesionales científicos e intelectuales de la salud y la enseñanza,37664.38
133,389,8,1,Hombres,N/A,Técnicos y profesionales científicos e intelectuales de la salud y la enseñanza,35488.04
134,390,8,1,Hombres,N/A,Técnicos y profesionales científicos e intelectuales de la salud y la enseñanza,33434.02
135,391,8,1,Hombres,N/A,Técnicos y profesionales científicos e intelectuales de la salud y la enseñanza,34790.05
136,392,8,1,Hombres,N/A,Técnicos y profesionales científicos e intelectuales de la salud y la enseñanza,34293.42
137,393,8,1,Hombres,N/A,Técnicos y profesionales científicos e intelectuales de la salud y la enseñanza,32451.97
138,394,8,1,Hombres,N/A,Técnicos y profesionales científicos e intelectuales de la salud y la enseñanza,31817.56
139,395,8,1,Hombres,N/A,Técnicos y profesionales científicos e intelectuales de la salud y la enseñanza,33251.72
140,396,8,1,Hombres,N/A,Técnicos y profesionales científicos e intelectuales de la salud y la enseñanza,33056.44
141,397,8,1,Hombres,N/A,Técnicos y profesionales científicos e intelectuales de la salud y la enseñanza,33148.85
142,398,8,1,Hombres,N/A,Técnicos y profesionales científicos e intelectuales de la salud y la enseñanza,34476.97
143,399,8,1,Hombres,N/A,Técnicos y profesionales científicos e intelectuales de la salud y la enseñanza,32083.1
144,400,8,1,Hombres,N/A,Técnicos y profesionales científicos e intelectuales de la salud y la enseñanza,30509.37
145,385,8,1,Total,N/A,Otros técnicos y profesionales científicos e intelectuales,42996.72
146,386,8,1,Total,N/A,Otros técnicos y profesionales científicos e intelectuales,41382.28
147,387,8,1,Total,N/A,Otros técnicos y profesionales científicos e intelectuales,39871.28
148,388,8,1,Total,N/A,Otros técnicos y profesionales científicos e intelectuales,38523.51
149,389,8,1,Total,N/A,Otros técnicos y profesionales científicos e intelectuales,37244.45
150,390,8,1,Total,N/A,Otros técnicos y profesionales científicos e intelectuales,37908.75
151,391,8,1,Total,N/A,Otros técnicos y profesionales científicos e intelectuales,36181.36
152,392,8,1,Total,N/A,Otros técnicos y profesionales científicos e intelectuales,37049.91
153,393,8,1,Total,N/A,Otros técnicos y profesionales científicos e intelectuales,36287.87
154,394,8,1,Total,N/A,Otros técnicos y profesionales científicos e intelectuales,37100.54
155,395,8,1,Total,N/A,Otros técnicos y profesionales científicos e intelectuales,35885.97
156,396,8,1,Total,N/A,Otros técnicos y profesionales científicos e intelectuales,34975.77
157,397,8,1,Total,N/A,Otros técnicos y profesionales científicos e intelectuales,34368.77
158,398,8,1,Total,N/A,Otros técnicos y profesionales científicos e intelectuales,35196.58
159,399,8,1,Total,N/A,Otros técnicos y profesionales científicos e intelectuales,35991.91
160,400,8,1,Total,N/A,Otros técnicos y profesionales científicos e intelectuales,34027.21
161,385,8,1,Mujeres,N/A,Otros técnicos y profesionales científicos e intelectuales,39654.07
162,386,8,1,Mujeres,N/A,Otros técnicos y profesionales científicos e intelectuales,37828.59
163,387,8,1,Mujeres,N/A,Otros técnicos y profesionales científicos e intelectuales,36511.0
164,388,8,1,Mujeres,N/A,Otros técnicos y profesionales científicos e intelectuales,35104.74
165,389,8,1,Mujeres,N/A,Otros técnicos y profesionales científicos e intelectuales,33916.08
166,390,8,1,Mujeres,N/A,Otros técnicos y profesionales científicos e intelectuales,34100.87
167,391,8,1,Mujeres,N/A,Otros técnicos y profesionales científicos e intelectuales,32746.95
168,392,8,1,Mujeres,N/A,Otros técnicos y profesionales científicos e intelectuales,33419.81
169,393,8,1,Mujeres,N/A,Otros técnicos y profesionales científicos e intelectuales,32526.81
170,394,8,1,Mujeres,N/A,Otros técnicos y profesionales científicos e intelectuales,33028.3
171,395,8,1,Mujeres,N/A,Otros técnicos y profesionales científicos e intelectuales,31560.46
172,396,8,1,Mujeres,N/A,Otros técnicos y profesionales científicos e intelectuales,30748.71
173,397,8,1,Mujeres,N/A,Otros técnicos y profesionales científicos e intelectuales,30040.01
174,398,8,1,Mujeres,N/A,Otros técnicos y profesionales científicos e intelectuales,31192.01
175,399,8,1,Mujeres,N/A,Otros técnicos y profesionales científicos e intelectuales,31588.13
176,400,8,1,Mujeres,N/A,Otros técnicos y profesionales científicos e intelectuales,29454.95
177,385,8,1,Hombres,N/A,Otros técnicos y profesionales científicos e intelectuales,46213.05
178,386,8,1,Hombres,N/A,Otros técnicos y profesionales científicos e intelectuales,44874.37
179,387,8,1,Hombres,N/A,Otros técnicos y profesionales científicos e intelectuales,43029.52
180,388,8,1,Hombres,N/A,Otros técnicos y profesionales científicos e intelectuales,41735.68
181,389,8,1,Hombres,N/A,Otros técnicos y profesionales científicos e intelectuales,40333.67
182,390,8,1,Hombres,N/A,Otros técnicos y profesionales científicos e intelectuales,41408.09
183,391,8,1,Hombres,N/A,Otros técnicos y profesionales científicos e intelectuales,39229.34
184,392,8,1,Hombres,N/A,Otros técnicos y profesionales científicos e intelectuales,40077.02
185,393,8,1,Hombres,N/A,Otros técnicos y profesionales científicos e intelectuales,39476.36
186,394,8,1,Hombres,N/A,Otros técnicos y profesionales científicos e intelectuales,40643.77
187,395,8,1,Hombres,N/A,Otros técnicos y profesionales científicos e intelectuales,39308.59
188,396,8,1,Hombres,N/A,Otros técnicos y profesionales científicos e intelectuales,38339.44
189,397,8,1,Hombres,N/A,Otros técnicos y profesionales científicos e intelectuales,37771.54
190,398,8,1,Hombres,N/A,Otros técnicos y profesionales científicos e intelectuales,38681.55
191,399,8,1,Hombres,N/A,Otros técnicos y profesionales científicos e intelectuales,39325.22
192,400,8,1,Hombres,N/A,Otros técnicos y profesionales científicos e intelectuales,37495.09
193,385,8,1,Total,N/A,Técnicos; profesionales de apoyo,33242.65
194,386,8,1,Total,N/A,Técnicos; profesionales de apoyo,31899.95
195,387,8,1,Total,N/A,Técnicos; profesionales de apoyo,31321.69
196,388,8,1,Total,N/A,Técnicos; profesionales de apoyo,30067.52
197,389,8,1,Total,N/A,Técnicos; profesionales de apoyo,29247.01
198,390,8,1,Total,N/A,Técnicos; profesionales de apoyo,29261.35
199,391,8,1,Total,N/A,Técnicos; profesionales de apoyo,29238.49
200,392,8,1,Total,N/A,Técnicos; profesionales de apoyo,28585.99
201,393,8,1,Total,N/A,Técnicos; profesionales de apoyo,28943.22
202,394,8,1,Total,N/A,Técnicos; profesionales de apoyo,28232.05
203,395,8,1,Total,N/A,Técnicos; profesionales de apoyo,28501.99
204,396,8,1,Total,N/A,Técnicos; profesionales de apoyo,28360.42
205,397,8,1,Total,N/A,Técnicos; profesionales de apoyo,28176.89
206,398,8,1,Total,N/A,Técnicos; profesionales de apoyo,27914.0
207,399,8,1,Total,N/A,Técnicos; profesionales de apoyo,28684.28
208,400,8,1,Total,N/A,Técnicos; profesionales de apoyo,27771.52
209,385,8,1,Mujeres,N/A,Técnicos; profesionales de apoyo,29902.47
210,386,8,1,Mujeres,N/A,Técnicos; profesionales de apoyo,28515.6
211,387,8,1,Mujeres,N/A,Técnicos; profesionales de apoyo,27972.7
212,388,8,1,Mujeres,N/A,Técnicos; profesionales de apoyo,26830.62
213,389,8,1,Mujeres,N/A,Técnicos; profesionales de apoyo,25950.74
214,390,8,1,Mujeres,N/A,Técnicos; profesionales de apoyo,25618.99
215,391,8,1,Mujeres,N/A,Técnicos; profesionales de apoyo,25757.88
216,392,8,1,Mujeres,N/A,Técnicos; profesionales de apoyo,25160.98
217,393,8,1,Mujeres,N/A,Técnicos; profesionales de apoyo,25475.37
218,394,8,1,Mujeres,N/A,Técnicos; profesionales de apoyo,24641.22
219,395,8,1,Mujeres,N/A,Técnicos; profesionales de apoyo,24960.14
220,396,8,1,Mujeres,N/A,Técnicos; profesionales de apoyo,24823.82
221,397,8,1,Mujeres,N/A,Técnicos; profesionales de apoyo,24795.63
222,398,8,1,Mujeres,N/A,Técnicos; profesionales de apoyo,24353.73
223,399,8,1,Mujeres,N/A,Técnicos; profesionales de apoyo,24849.07
224,400,8,1,Mujeres,N/A,Técnicos; profesionales de apoyo,24038.34
225,385,8,1,Hombres,N/A,Técnicos; profesionales de apoyo,35947.05
226,386,8,1,Hombres,N/A,Técnicos; profesionales de apoyo,34550.52
227,387,8,1,Hombres,N/A,Técnicos; profesionales de apoyo,33849.87
228,388,8,1,Hombres,N/A,Técnicos; profesionales de apoyo,32611.21
229,389,8,1,Hombres,N/A,Técnicos; profesionales de apoyo,31816.3
230,390,8,1,Hombres,N/A,Técnicos; profesionales de apoyo,31979.93
231,391,8,1,Hombres,N/A,Técnicos; profesionales de apoyo,31891.63
232,392,8,1,Hombres,N/A,Técnicos; profesionales de apoyo,31206.15
233,393,8,1,Hombres,N/A,Técnicos; profesionales de apoyo,31548.13
234,394,8,1,Hombres,N/A,Técnicos; profesionales de apoyo,31150.02
235,395,8,1,Hombres,N/A,Técnicos; profesionales de apoyo,31027.41
236,396,8,1,Hombres,N/A,Técnicos; profesionales de apoyo,30878.49
237,397,8,1,Hombres,N/A,Técnicos; profesionales de apoyo,30543.06
238,398,8,1,Hombres,N/A,Técnicos; profesionales de apoyo,30564.05
239,399,8,1,Hombres,N/A,Técnicos; profesionales de apoyo,31650.85
240,400,8,1,Hombres,N/A,Técnicos; profesionales de apoyo,30538.81
241,385,8,1,Total,N/A,Empleados de oficina que no atienden al público,28148.26
242,386,8,1,Total,N/A,Empleados de oficina que no atienden al público,27402.9
243,387,8,1,Total,N/A,Empleados de oficina que no atienden al público,24680.03
244,388,8,1,Total,N/A,Empleados de oficina que no atienden al público,23632.89
245,389,8,1,Total,N/A,Empleados de oficina que no atienden al público,22354.77
246,390,8,1,Total,N/A,Empleados de oficina que no atienden al público,24266.55
247,391,8,1,Total,N/A,Empleados de oficina que no atienden al público,22487.64
248,392,8,1,Total,N/A,Empleados de oficina que no atienden al público,21517.9
249,393,8,1,Total,N/A,Empleados de oficina que no atienden al público,21331.32
250,394,8,1,Total,N/A,Empleados de oficina que no atienden al público,20852.87
251,395,8,1,Total,N/A,Empleados de oficina que no atienden al público,20983.35
252,396,8,1,Total,N/A,Empleados de oficina que no atienden al público,21228.39
253,397,8,1,Total,N/A,Empleados de oficina que no atienden al público,21646.35
254,398,8,1,Total,N/A,Empleados de oficina que no atienden al público,21245.68
255,399,8,1,Total,N/A,Empleados de oficina que no atienden al público,21312.78
256,400,8,1,Total,N/A,Empleados de oficina que no atienden al público,20793.7
257,385,8,1,Mujeres,N/A,Empleados de oficina que no atienden al público,26551.09
258,386,8,1,Mujeres,N/A,Empleados de oficina que no atienden al público,25646.72
259,387,8,1,Mujeres,N/A,Empleados de oficina que no atienden al público,23040.15
260,388,8,1,Mujeres,N/A,Empleados de oficina que no atienden al público,21923.21
261,389,8,1,Mujeres,N/A,Empleados de oficina que no atienden al público,20584.99
262,390,8,1,Mujeres,N/A,Empleados de oficina que no atienden al público,22314.23
263,391,8,1,Mujeres,N/A,Empleados de oficina que no atienden al público,20688.48
264,392,8,1,Mujeres,N/A,Empleados de oficina que no atienden al público,19628.23
265,393,8,1,Mujeres,N/A,Empleados de oficina que no atienden al público,19543.87
266,394,8,1,Mujeres,N/A,Empleados de oficina que no atienden al público,18932.55
267,395,8,1,Mujeres,N/A,Empleados de oficina que no atienden al público,19251.1
268,396,8,1,Mujeres,N/A,Empleados de oficina que no atienden al público,19445.11
269,397,8,1,Mujeres,N/A,Empleados de oficina que no atienden al público,19722.67
270,398,8,1,Mujeres,N/A,Empleados de oficina que no atienden al público,19193.65
271,399,8,1,Mujeres,N/A,Empleados de oficina que no atienden al público,19155.29
272,400,8,1,Mujeres,N/A,Empleados de oficina que no atienden al público,18482.72
273,385,8,1,Hombres,N/A,Empleados de oficina que no atienden al público,30717.82
274,386,8,1,Hombres,N/A,Empleados de oficina que no atienden al público,30217.44
275,387,8,1,Hombres,N/A,Empleados de oficina que no atienden al público,27394.81
276,388,8,1,Hombres,N/A,Empleados de oficina que no atienden al público,26465.12
277,389,8,1,Hombres,N/A,Empleados de oficina que no atienden al público,25634.12
278,390,8,1,Hombres,N/A,Empleados de oficina que no atienden al público,27420.25
279,391,8,1,Hombres,N/A,Empleados de oficina que no atienden al público,25169.41
280,392,8,1,Hombres,N/A,Empleados de oficina que no atienden al público,24711.85
281,393,8,1,Hombres,N/A,Empleados de oficina que no atienden al público,24467.54
282,394,8,1,Hombres,N/A,Empleados de oficina que no atienden al público,24147.61
283,395,8,1,Hombres,N/A,Empleados de oficina que no atienden al público,23844.41
284,396,8,1,Hombres,N/A,Empleados de oficina que no atienden al público,24132.89
285,397,8,1,Hombres,N/A,Empleados de oficina que no atienden al público,24743.77
286,398,8,1,Hombres,N/A,Empleados de oficina que no atienden al público,24757.31
287,399,8,1,Hombres,N/A,Empleados de oficina que no atienden al público,24509.27
288,400,8,1,Hombres,N/A,Empleados de oficina que no atienden al público,24038.82
289,385,8,1,Total,N/A,Empleados de oficina que atienden al público,22263.18
290,386,8,1,Total,N/A,Empleados de oficina que atienden al público,21462.56
291,387,8,1,Total,N/A,Empleados de oficina que atienden al público,20237.83
292,388,8,1,Total,N/A,Empleados de oficina que atienden al público,19842.16
293,389,8,1,Total,N/A,Empleados de oficina que atienden al público,19969.91
294,390,8,1,Total,N/A,Empleados de oficina que atienden al público,19257.04
295,391,8,1,Total,N/A,Empleados de oficina que atienden al público,18367.51
296,392,8,1,Total,N/A,Empleados de oficina que atienden al público,18163.65
297,393,8,1,Total,N/A,Empleados de oficina que atienden al público,18390.82
298,394,8,1,Total,N/A,Empleados de oficina que atienden al público,18642.82
299,395,8,1,Total,N/A,Empleados de oficina que atienden al público,17864.17
300,396,8,1,Total,N/A,Empleados de oficina que atienden al público,17751.84
301,397,8,1,Total,N/A,Empleados de oficina que atienden al público,18013.83
302,398,8,1,Total,N/A,Empleados de oficina que atienden al público,17876.82
303,399,8,1,Total,N/A,Empleados de oficina que atienden al público,17190.06
304,400,8,1,Total,N/A,Empleados de oficina que atienden al público,16842.67
305,385,8,1,Mujeres,N/A,Empleados de oficina que atienden al público,21272.71
306,386,8,1,Mujeres,N/A,Empleados de oficina que atienden al público,20467.84
307,387,8,1,Mujeres,N/A,Empleados de oficina que atienden al público,19247.82
308,388,8,1,Mujeres,N/A,Empleados de oficina que atienden al público,18803.91
309,389,8,1,Mujeres,N/A,Empleados de oficina que atienden al público,18810.2
310,390,8,1,Mujeres,N/A,Empleados de oficina que atienden al público,18137.76
311,391,8,1,Mujeres,N/A,Empleados de oficina que atienden al público,17090.99
312,392,8,1,Mujeres,N/A,Empleados de oficina que atienden al público,16928.51
313,393,8,1,Mujeres,N/A,Empleados de oficina que atienden al público,17171.28
314,394,8,1,Mujeres,N/A,Empleados de oficina que atienden al público,17252.39
315,395,8,1,Mujeres,N/A,Empleados de oficina que atienden al público,16620.05
316,396,8,1,Mujeres,N/A,Empleados de oficina que atienden al público,16573.43
317,397,8,1,Mujeres,N/A,Empleados de oficina que atienden al público,16868.46
318,398,8,1,Mujeres,N/A,Empleados de oficina que atienden al público,16712.8
319,399,8,1,Mujeres,N/A,Empleados de oficina que atienden al público,16042.02
320,400,8,1,Mujeres,N/A,Empleados de oficina que atienden al público,15727.65
321,385,8,1,Hombres,N/A,Empleados de oficina que atienden al público,24956.61
322,386,8,1,Hombres,N/A,Empleados de oficina que atienden al público,24273.47
323,387,8,1,Hombres,N/A,Empleados de oficina que atienden al público,22845.68
324,388,8,1,Hombres,N/A,Empleados de oficina que atienden al público,22442.04
325,389,8,1,Hombres,N/A,Empleados de oficina que atienden al público,22437.5
326,390,8,1,Hombres,N/A,Empleados de oficina que atienden al público,22149.69
327,391,8,1,Hombres,N/A,Empleados de oficina que atienden al público,22049.89
328,392,8,1,Hombres,N/A,Empleados de oficina que atienden al público,21272.65
329,393,8,1,Hombres,N/A,Empleados de oficina que atienden al público,21464.84
330,394,8,1,Hombres,N/A,Empleados de oficina que atienden al público,21761.91
331,395,8,1,Hombres,N/A,Empleados de oficina que atienden al público,21069.99
332,396,8,1,Hombres,N/A,Empleados de oficina que atienden al público,20931.48
333,397,8,1,Hombres,N/A,Empleados de oficina que atienden al público,20979.41
334,398,8,1,Hombres,N/A,Empleados de oficina que atienden al público,20875.05
335,399,8,1,Hombres,N/A,Empleados de oficina que atienden al público,20732.89
336,400,8,1,Hombres,N/A,Empleados de oficina que atienden al público,20176.5
337,385,8,1,Total,N/A,Trabajadores de los servicios de restauración y comercio,18028.33
338,386,8,1,Total,N/A,Trabajadores de los servicios de restauración y comercio,17168.88
339,387,8,1,Total,N/A,Trabajadores de los servicios de restauración y comercio,16310.91
340,388,8,1,Total,N/A,Trabajadores de los servicios de restauración y comercio,16004.18
341,389,8,1,Total,N/A,Trabajadores de los servicios de restauración y comercio,16142.16
342,390,8,1,Total,N/A,Trabajadores de los servicios de restauración y comercio,15702.34
343,391,8,1,Total,N/A,Trabajadores de los servicios de restauración y comercio,15173.65
344,392,8,1,Total,N/A,Trabajadores de los servicios de restauración y comercio,14617.52
345,393,8,1,Total,N/A,Trabajadores de los servicios de restauración y comercio,14698.91
346,394,8,1,Total,N/A,Trabajadores de los servicios de restauración y comercio,14501.66
347,395,8,1,Total,N/A,Trabajadores de los servicios de restauración y comercio,14642.94
348,396,8,1,Total,N/A,Trabajadores de los servicios de restauración y comercio,14442.36
349,397,8,1,Total,N/A,Trabajadores de los servicios de restauración y comercio,14562.06
350,398,8,1,Total,N/A,Trabajadores de los servicios de restauración y comercio,14740.52
351,399,8,1,Total,N/A,Trabajadores de los servicios de restauración y comercio,14651.05
352,400,8,1,Total,N/A,Trabajadores de los servicios de restauración y comercio,14325.12
353,385,8,1,Mujeres,N/A,Trabajadores de los servicios de restauración y comercio,16854.35
354,386,8,1,Mujeres,N/A,Trabajadores de los servicios de restauración y comercio,16057.61
355,387,8,1,Mujeres,N/A,Trabajadores de los servicios de restauración y comercio,15103.95
356,388,8,1,Mujeres,N/A,Trabajadores de los servicios de restauración y comercio,14682.47
357,389,8,1,Mujeres,N/A,Trabajadores de los servicios de restauración y comercio,14981.95
358,390,8,1,Mujeres,N/A,Trabajadores de los servicios de restauración y comercio,14238.51
359,391,8,1,Mujeres,N/A,Trabajadores de los servicios de restauración y comercio,14142.93
360,392,8,1,Mujeres,N/A,Trabajadores de los servicios de restauración y comercio,13613.26
361,393,8,1,Mujeres,N/A,Trabajadores de los servicios de restauración y comercio,13452.44
362,394,8,1,Mujeres,N/A,Trabajadores de los servicios de restauración y comercio,13249.91
363,395,8,1,Mujeres,N/A,Trabajadores de los servicios de restauración y comercio,13397.52
364,396,8,1,Mujeres,N/A,Trabajadores de los servicios de restauración y comercio,13209.83
365,397,8,1,Mujeres,N/A,Trabajadores de los servicios de restauración y comercio,13461.54
366,398,8,1,Mujeres,N/A,Trabajadores de los servicios de restauración y comercio,13425.04
367,399,8,1,Mujeres,N/A,Trabajadores de los servicios de restauración y comercio,13284.42
368,400,8,1,Mujeres,N/A,Trabajadores de los servicios de restauración y comercio,13069.64
369,385,8,1,Hombres,N/A,Trabajadores de los servicios de restauración y comercio,19927.01
370,386,8,1,Hombres,N/A,Trabajadores de los servicios de restauración y comercio,18930.29
371,387,8,1,Hombres,N/A,Trabajadores de los servicios de restauración y comercio,18260.31
372,388,8,1,Hombres,N/A,Trabajadores de los servicios de restauración y comercio,18248.13
373,389,8,1,Hombres,N/A,Trabajadores de los servicios de restauración y comercio,18154.8
374,390,8,1,Hombres,N/A,Trabajadores de los servicios de restauración y comercio,17962.51
375,391,8,1,Hombres,N/A,Trabajadores de los servicios de restauración y comercio,16825.86
376,392,8,1,Hombres,N/A,Trabajadores de los servicios de restauración y comercio,16260.68
377,393,8,1,Hombres,N/A,Trabajadores de los servicios de restauración y comercio,16782.4
378,394,8,1,Hombres,N/A,Trabajadores de los servicios de restauración y comercio,16633.36
379,395,8,1,Hombres,N/A,Trabajadores de los servicios de restauración y comercio,16761.03
380,396,8,1,Hombres,N/A,Trabajadores de los servicios de restauración y comercio,16602.4
381,397,8,1,Hombres,N/A,Trabajadores de los servicios de restauración y comercio,16530.45
382,398,8,1,Hombres,N/A,Trabajadores de los servicios de restauración y comercio,17107.22
383,399,8,1,Hombres,N/A,Trabajadores de los servicios de restauración y comercio,17033.97
384,400,8,1,Hombres,N/A,Trabajadores de los servicios de restauración y comercio,16589.59
385,385,8,1,Total,N/A,Trabajadores de los servicios de salud y el cuidado de personas,18739.11
386,386,8,1,Total,N/A,Trabajadores de los servicios de salud y el cuidado de personas,18232.24
387,387,8,1,Total,N/A,Trabajadores de los servicios de salud y el cuidado de personas,17435.22
388,388,8,1,Total,N/A,Trabajadores de los servicios de salud y el cuidado de personas,17256.0
389,389,8,1,Total,N/A,Trabajadores de los servicios de salud y el cuidado de personas,16815.98
390,390,8,1,Total,N/A,Trabajadores de los servicios de salud y el cuidado de personas,15863.27
391,391,8,1,Total,N/A,Trabajadores de los servicios de salud y el cuidado de personas,15527.66
392,392,8,1,Total,N/A,Trabajadores de los servicios de salud y el cuidado de personas,15445.45
393,393,8,1,Total,N/A,Trabajadores de los servicios de salud y el cuidado de personas,15494.52
394,394,8,1,Total,N/A,Trabajadores de los servicios de salud y el cuidado de personas,14971.15
395,395,8,1,Total,N/A,Trabajadores de los servicios de salud y el cuidado de personas,15240.88
396,396,8,1,Total,N/A,Trabajadores de los servicios de salud y el cuidado de personas,15169.7
397,397,8,1,Total,N/A,Trabajadores de los servicios de salud y el cuidado de personas,15767.31
398,398,8,1,Total,N/A,Trabajadores de los servicios de salud y el cuidado de personas,15864.62
399,399,8,1,Total,N/A,Trabajadores de los servicios de salud y el cuidado de personas,15404.27
400,400,8,1,Total,N/A,Trabajadores de los servicios de salud y el cuidado de personas,15395.96
401,385,8,1,Mujeres,N/A,Trabajadores de los servicios de salud y el cuidado de personas,17609.56
402,386,8,1,Mujeres,N/A,Trabajadores de los servicios de salud y el cuidado de personas,17155.7
403,387,8,1,Mujeres,N/A,Trabajadores de los servicios de salud y el cuidado de personas,16251.63
404,388,8,1,Mujeres,N/A,Trabajadores de los servicios de salud y el cuidado de personas,15983.02
405,389,8,1,Mujeres,N/A,Trabajadores de los servicios de salud y el cuidado de personas,15418.17
406,390,8,1,Mujeres,N/A,Trabajadores de los servicios de salud y el cuidado de personas,14442.64
407,391,8,1,Mujeres,N/A,Trabajadores de los servicios de salud y el cuidado de personas,14765.21
408,392,8,1,Mujeres,N/A,Trabajadores de los servicios de salud y el cuidado de personas,14558.05
409,393,8,1,Mujeres,N/A,Trabajadores de los servicios de salud y el cuidado de personas,14575.41
410,394,8,1,Mujeres,N/A,Trabajadores de los servicios de salud y el cuidado de personas,13969.92
411,395,8,1,Mujeres,N/A,Trabajadores de los servicios de salud y el cuidado de personas,14444.14
412,396,8,1,Mujeres,N/A,Trabajadores de los servicios de salud y el cuidado de personas,14364.7
413,397,8,1,Mujeres,N/A,Trabajadores de los servicios de salud y el cuidado de personas,14809.24
414,398,8,1,Mujeres,N/A,Trabajadores de los servicios de salud y el cuidado de personas,14909.8
415,399,8,1,Mujeres,N/A,Trabajadores de los servicios de salud y el cuidado de personas,14582.77
416,400,8,1,Mujeres,N/A,Trabajadores de los servicios de salud y el cuidado de personas,14532.67
417,385,8,1,Hombres,N/A,Trabajadores de los servicios de salud y el cuidado de personas,22421.02
418,386,8,1,Hombres,N/A,Trabajadores de los servicios de salud y el cuidado de personas,21996.86
419,387,8,1,Hombres,N/A,Trabajadores de los servicios de salud y el cuidado de personas,21204.39
420,388,8,1,Hombres,N/A,Trabajadores de los servicios de salud y el cuidado de personas,21281.83
421,389,8,1,Hombres,N/A,Trabajadores de los servicios de salud y el cuidado de personas,21005.55
422,390,8,1,Hombres,N/A,Trabajadores de los servicios de salud y el cuidado de personas,20198.04
423,391,8,1,Hombres,N/A,Trabajadores de los servicios de salud y el cuidado de personas,18343.56
424,392,8,1,Hombres,N/A,Trabajadores de los servicios de salud y el cuidado de personas,18877.78
425,393,8,1,Hombres,N/A,Trabajadores de los servicios de salud y el cuidado de personas,19159.6
426,394,8,1,Hombres,N/A,Trabajadores de los servicios de salud y el cuidado de personas,18648.8
427,395,8,1,Hombres,N/A,Trabajadores de los servicios de salud y el cuidado de personas,18346.0
428,396,8,1,Hombres,N/A,Trabajadores de los servicios de salud y el cuidado de personas,18263.28
429,397,8,1,Hombres,N/A,Trabajadores de los servicios de salud y el cuidado de personas,19249.39
430,398,8,1,Hombres,N/A,Trabajadores de los servicios de salud y el cuidado de personas,19121.56
431,399,8,1,Hombres,N/A,Trabajadores de los servicios de salud y el cuidado de personas,18551.51
432,400,8,1,Hombres,N/A,Trabajadores de los servicios de salud y el cuidado de personas,18477.19
433,385,8,1,Total,N/A,Trabajadores de los servicios de protección y seguridad,35215.11
434,386,8,1,Total,N/A,Trabajadores de los servicios de protección y seguridad,31896.15
435,387,8,1,Total,N/A,Trabajadores de los servicios de protección y seguridad,32985.38
436,388,8,1,Total,N/A,Trabajadores de los servicios de protección y seguridad,30904.89
437,389,8,1,Total,N/A,Trabajadores de los servicios de protección y seguridad,28785.25
438,390,8,1,Total,N/A,Trabajadores de los servicios de protección y seguridad,28467.92
439,391,8,1,Total,N/A,Trabajadores de los servicios de protección y seguridad,28228.42
440,392,8,1,Total,N/A,Trabajadores de los servicios de protección y seguridad,28018.41
441,393,8,1,Total,N/A,Trabajadores de los servicios de protección y seguridad,27421.15
442,394,8,1,Total,N/A,Trabajadores de los servicios de protección y seguridad,25727.47
443,395,8,1,Total,N/A,Trabajadores de los servicios de protección y seguridad,25711.4
444,396,8,1,Total,N/A,Trabajadores de los servicios de protección y seguridad,25603.83
445,397,8,1,Total,N/A,Trabajadores de los servicios de protección y seguridad,26474.05
446,398,8,1,Total,N/A,Trabajadores de los servicios de protección y seguridad,26409.57
447,399,8,1,Total,N/A,Trabajadores de los servicios de protección y seguridad,26437.94
448,400,8,1,Total,N/A,Trabajadores de los servicios de protección y seguridad,25881.53
449,385,8,1,Mujeres,N/A,Trabajadores de los servicios de protección y seguridad,29465.71
450,386,8,1,Mujeres,N/A,Trabajadores de los servicios de protección y seguridad,26809.79
451,387,8,1,Mujeres,N/A,Trabajadores de los servicios de protección y seguridad,28314.54
452,388,8,1,Mujeres,N/A,Trabajadores de los servicios de protección y seguridad,27807.97
453,389,8,1,Mujeres,N/A,Trabajadores de los servicios de protección y seguridad,26187.39
454,390,8,1,Mujeres,N/A,Trabajadores de los servicios de protección y seguridad,24941.45
455,391,8,1,Mujeres,N/A,Trabajadores de los servicios de protección y seguridad,24439.82
456,392,8,1,Mujeres,N/A,Trabajadores de los servicios de protección y seguridad,24404.2
457,393,8,1,Mujeres,N/A,Trabajadores de los servicios de protección y seguridad,21508.21
458,394,8,1,Mujeres,N/A,Trabajadores de los servicios de protección y seguridad,21576.41
459,395,8,1,Mujeres,N/A,Trabajadores de los servicios de protección y seguridad,21039.88
460,396,8,1,Mujeres,N/A,Trabajadores de los servicios de protección y seguridad,22011.92
461,397,8,1,Mujeres,N/A,Trabajadores de los servicios de protección y seguridad,22650.02
462,398,8,1,Mujeres,N/A,Trabajadores de los servicios de protección y seguridad,21815.7
463,399,8,1,Mujeres,N/A,Trabajadores de los servicios de protección y seguridad,21867.0
464,400,8,1,Mujeres,N/A,Trabajadores de los servicios de protección y seguridad,21435.33
465,385,8,1,Hombres,N/A,Trabajadores de los servicios de protección y seguridad,36215.0
466,386,8,1,Hombres,N/A,Trabajadores de los servicios de protección y seguridad,32779.4
467,387,8,1,Hombres,N/A,Trabajadores de los servicios de protección y seguridad,33695.67
468,388,8,1,Hombres,N/A,Trabajadores de los servicios de protección y seguridad,31425.49
469,389,8,1,Hombres,N/A,Trabajadores de los servicios de protección y seguridad,29339.08
470,390,8,1,Hombres,N/A,Trabajadores de los servicios de protección y seguridad,29087.46
471,391,8,1,Hombres,N/A,Trabajadores de los servicios de protección y seguridad,28802.95
472,392,8,1,Hombres,N/A,Trabajadores de los servicios de protección y seguridad,28589.6
473,393,8,1,Hombres,N/A,Trabajadores de los servicios de protección y seguridad,28369.04
474,394,8,1,Hombres,N/A,Trabajadores de los servicios de protección y seguridad,26347.82
475,395,8,1,Hombres,N/A,Trabajadores de los servicios de protección y seguridad,26483.76
476,396,8,1,Hombres,N/A,Trabajadores de los servicios de protección y seguridad,26204.87
477,397,8,1,Hombres,N/A,Trabajadores de los servicios de protección y seguridad,27115.38
478,398,8,1,Hombres,N/A,Trabajadores de los servicios de protección y seguridad,27142.1
479,399,8,1,Hombres,N/A,Trabajadores de los servicios de protección y seguridad,27283.79
480,400,8,1,Hombres,N/A,Trabajadores de los servicios de protección y seguridad,26671.82
481,385,8,1,Total,N/A,"Trabajadores cualificados en el sector agrícola, ganadero, forestal y pesquero",24550.71
482,386,8,1,Total,N/A,"Trabajadores cualificados en el sector agrícola, ganadero, forestal y pesquero",21383.06
483,387,8,1,Total,N/A,"Trabajadores cualificados en el sector agrícola, ganadero, forestal y pesquero",22859.73
484,388,8,1,Total,N/A,"Trabajadores cualificados en el sector agrícola, ganadero, forestal y pesquero",22440.93
485,389,8,1,Total,N/A,"Trabajadores cualificados en el sector agrícola, ganadero, forestal y pesquero",21232.11
486,390,8,1,Total,N/A,"Trabajadores cualificados en el sector agrícola, ganadero, forestal y pesquero",19690.87
487,391,8,1,Total,N/A,"Trabajadores cualificados en el sector agrícola, ganadero, forestal y pesquero",19783.93
488,392,8,1,Total,N/A,"Trabajadores cualificados en el sector agrícola, ganadero, forestal y pesquero",18773.13
489,393,8,1,Total,N/A,"Trabajadores cualificados en el sector agrícola, ganadero, forestal y pesquero",18600.98
490,394,8,1,Total,N/A,"Trabajadores cualificados en el sector agrícola, ganadero, forestal y pesquero",18273.16
491,395,8,1,Total,N/A,"Trabajadores cualificados en el sector agrícola, ganadero, forestal y pesquero",18217.14
492,396,8,1,Total,N/A,"Trabajadores cualificados en el sector agrícola, ganadero, forestal y pesquero",17528.06
493,397,8,1,Total,N/A,"Trabajadores cualificados en el sector agrícola, ganadero, forestal y pesquero",17935.07
494,398,8,1,Total,N/A,"Trabajadores cualificados en el sector agrícola, ganadero, forestal y pesquero",17752.13
495,399,8,1,Total,N/A,"Trabajadores cualificados en el sector agrícola, ganadero, forestal y pesquero",19371.77
496,400,8,1,Total,N/A,"Trabajadores cualificados en el sector agrícola, ganadero, forestal y pesquero",18032.22
497,387,8,1,Mujeres,N/A,"Trabajadores cualificados en el sector agrícola, ganadero, forestal y pesquero",-24028.06
498,388,8,1,Mujeres,N/A,"Trabajadores cualificados en el sector agrícola, ganadero, forestal y pesquero",-23070.72
499,389,8,1,Mujeres,N/A,"Trabajadores cualificados en el sector agrícola, ganadero, forestal y pesquero",-16531.69
500,397,8,1,Mujeres,N/A,"Trabajadores cualificados en el sector agrícola, ganadero, forestal y pesquero",-16288.32
501,400,8,1,Mujeres,N/A,"Trabajadores cualificados en el sector agrícola, ganadero, forestal y pesquero",-18454.83
502,385,8,1,Hombres,N/A,"Trabajadores cualificados en el sector agrícola, ganadero, forestal y pesquero",24636.19
503,386,8,1,Hombres,N/A,"Trabajadores cualificados en el sector agrícola, ganadero, forestal y pesquero",21715.91
504,387,8,1,Hombres,N/A,"Trabajadores cualificados en el sector agrícola, ganadero, forestal y pesquero",22708.61
505,388,8,1,Hombres,N/A,"Trabajadores cualificados en el sector agrícola, ganadero, forestal y pesquero",22334.74
506,389,8,1,Hombres,N/A,"Trabajadores cualificados en el sector agrícola, ganadero, forestal y pesquero",22112.47
507,390,8,1,Hombres,N/A,"Trabajadores cualificados en el sector agrícola, ganadero, forestal y pesquero",19899.19
508,391,8,1,Hombres,N/A,"Trabajadores cualificados en el sector agrícola, ganadero, forestal y pesquero",-19743.03
509,392,8,1,Hombres,N/A,"Trabajadores cualificados en el sector agrícola, ganadero, forestal y pesquero",18996.56
510,393,8,1,Hombres,N/A,"Trabajadores cualificados en el sector agrícola, ganadero, forestal y pesquero",18787.55
511,394,8,1,Hombres,N/A,"Trabajadores cualificados en el sector agrícola, ganadero, forestal y pesquero",18340.9
512,395,8,1,Hombres,N/A,"Trabajadores cualificados en el sector agrícola, ganadero, forestal y pesquero",18220.65
513,396,8,1,Hombres,N/A,"Trabajadores cualificados en el sector agrícola, ganadero, forestal y pesquero",17671.99
514,397,8,1,Hombres,N/A,"Trabajadores cualificados en el sector agrícola, ganadero, forestal y pesquero",18281.62
515,398,8,1,Hombres,N/A,"Trabajadores cualificados en el sector agrícola, ganadero, forestal y pesquero",17947.78
516,399,8,1,Hombres,N/A,"Trabajadores cualificados en el sector agrícola, ganadero, forestal y pesquero",19607.04
517,400,8,1,Hombres,N/A,"Trabajadores cualificados en el sector agrícola, ganadero, forestal y pesquero",17986.57
518,385,8,1,Total,N/A,"Trabajadores cualificados de la construcción, excepto operadores de máquinas",23320.75
519,386,8,1,Total,N/A,"Trabajadores cualificados de la construcción, excepto operadores de máquinas",22273.76
520,387,8,1,Total,N/A,"Trabajadores cualificados de la construcción, excepto operadores de máquinas",21909.39
521,388,8,1,Total,N/A,"Trabajadores cualificados de la construcción, excepto operadores de máquinas",21105.93
522,389,8,1,Total,N/A,"Trabajadores cualificados de la construcción, excepto operadores de máquinas",20827.39
523,390,8,1,Total,N/A,"Trabajadores cualificados de la construcción, excepto operadores de máquinas",20796.74
524,391,8,1,Total,N/A,"Trabajadores cualificados de la construcción, excepto operadores de máquinas",20123.84
525,392,8,1,Total,N/A,"Trabajadores cualificados de la construcción, excepto operadores de máquinas",20061.31
526,393,8,1,Total,N/A,"Trabajadores cualificados de la construcción, excepto operadores de máquinas",20114.27
527,394,8,1,Total,N/A,"Trabajadores cualificados de la construcción, excepto operadores de máquinas",19347.85
528,395,8,1,Total,N/A,"Trabajadores cualificados de la construcción, excepto operadores de máquinas",19463.18
529,396,8,1,Total,N/A,"Trabajadores cualificados de la construcción, excepto operadores de máquinas",19525.05
530,397,8,1,Total,N/A,"Trabajadores cualificados de la construcción, excepto operadores de máquinas",19253.58
531,398,8,1,Total,N/A,"Trabajadores cualificados de la construcción, excepto operadores de máquinas",19216.16
532,399,8,1,Total,N/A,"Trabajadores cualificados de la construcción, excepto operadores de máquinas",19127.85
533,400,8,1,Total,N/A,"Trabajadores cualificados de la construcción, excepto operadores de máquinas",18857.14
534,385,8,1,Mujeres,N/A,"Trabajadores cualificados de la construcción, excepto operadores de máquinas",-20666.84
535,386,8,1,Mujeres,N/A,"Trabajadores cualificados de la construcción, excepto operadores de máquinas",-19314.99
536,387,8,1,Mujeres,N/A,"Trabajadores cualificados de la construcción, excepto operadores de máquinas",-19341.07
537,388,8,1,Mujeres,N/A,"Trabajadores cualificados de la construcción, excepto operadores de máquinas",-17660.01
538,389,8,1,Mujeres,N/A,"Trabajadores cualificados de la construcción, excepto operadores de máquinas",-17392.78
539,390,8,1,Mujeres,N/A,"Trabajadores cualificados de la construcción, excepto operadores de máquinas",-17085.4
540,391,8,1,Mujeres,N/A,"Trabajadores cualificados de la construcción, excepto operadores de máquinas",-14939.05
541,392,8,1,Mujeres,N/A,"Trabajadores cualificados de la construcción, excepto operadores de máquinas",-16069.47
542,393,8,1,Mujeres,N/A,"Trabajadores cualificados de la construcción, excepto operadores de máquinas",-18580.45
543,394,8,1,Mujeres,N/A,"Trabajadores cualificados de la construcción, excepto operadores de máquinas",-18139.66
544,395,8,1,Mujeres,N/A,"Trabajadores cualificados de la construcción, excepto operadores de máquinas",-18504.22
545,396,8,1,Mujeres,N/A,"Trabajadores cualificados de la construcción, excepto operadores de máquinas",-18697.33
546,397,8,1,Mujeres,N/A,"Trabajadores cualificados de la construcción, excepto operadores de máquinas",-18566.01
547,398,8,1,Mujeres,N/A,"Trabajadores cualificados de la construcción, excepto operadores de máquinas",-18179.18
548,399,8,1,Mujeres,N/A,"Trabajadores cualificados de la construcción, excepto operadores de máquinas",16762.98
549,400,8,1,Mujeres,N/A,"Trabajadores cualificados de la construcción, excepto operadores de máquinas",16501.11
550,385,8,1,Hombres,N/A,"Trabajadores cualificados de la construcción, excepto operadores de máquinas",23396.16
551,386,8,1,Hombres,N/A,"Trabajadores cualificados de la construcción, excepto operadores de máquinas",22348.0
552,387,8,1,Hombres,N/A,"Trabajadores cualificados de la construcción, excepto operadores de máquinas",22000.05
553,388,8,1,Hombres,N/A,"Trabajadores cualificados de la construcción, excepto operadores de máquinas",21265.56
554,389,8,1,Hombres,N/A,"Trabajadores cualificados de la construcción, excepto operadores de máquinas",21070.11
555,390,8,1,Hombres,N/A,"Trabajadores cualificados de la construcción, excepto operadores de máquinas",20928.83
556,391,8,1,Hombres,N/A,"Trabajadores cualificados de la construcción, excepto operadores de máquinas",20303.27
557,392,8,1,Hombres,N/A,"Trabajadores cualificados de la construcción, excepto operadores de máquinas",20191.67
558,393,8,1,Hombres,N/A,"Trabajadores cualificados de la construcción, excepto operadores de máquinas",20150.02
559,394,8,1,Hombres,N/A,"Trabajadores cualificados de la construcción, excepto operadores de máquinas",19368.99
560,395,8,1,Hombres,N/A,"Trabajadores cualificados de la construcción, excepto operadores de máquinas",19504.4
561,396,8,1,Hombres,N/A,"Trabajadores cualificados de la construcción, excepto operadores de máquinas",19552.01
562,397,8,1,Hombres,N/A,"Trabajadores cualificados de la construcción, excepto operadores de máquinas",19276.93
563,398,8,1,Hombres,N/A,"Trabajadores cualificados de la construcción, excepto operadores de máquinas",19241.73
564,399,8,1,Hombres,N/A,"Trabajadores cualificados de la construcción, excepto operadores de máquinas",19181.91
565,400,8,1,Hombres,N/A,"Trabajadores cualificados de la construcción, excepto operadores de máquinas",18918.41
566,385,8,1,Total,N/A,"Trabajadores cualificados de las industrias manufactureras, excepto operadores de instalaciones y máquinas",26344.74
567,386,8,1,Total,N/A,"Trabajadores cualificados de las industrias manufactureras, excepto operadores de instalaciones y máquinas",25304.77
568,387,8,1,Total,N/A,"Trabajadores cualificados de las industrias manufactureras, excepto operadores de instalaciones y máquinas",23797.17
569,388,8,1,Total,N/A,"Trabajadores cualificados de las industrias manufactureras, excepto operadores de instalaciones y máquinas",23119.86
570,389,8,1,Total,N/A,"Trabajadores cualificados de las industrias manufactureras, excepto operadores de instalaciones y máquinas",23169.95
571,390,8,1,Total,N/A,"Trabajadores cualificados de las industrias manufactureras, excepto operadores de instalaciones y máquinas",23479.29
572,391,8,1,Total,N/A,"Trabajadores cualificados de las industrias manufactureras, excepto operadores de instalaciones y máquinas",23474.69
573,392,8,1,Total,N/A,"Trabajadores cualificados de las industrias manufactureras, excepto operadores de instalaciones y máquinas",22664.36
574,393,8,1,Total,N/A,"Trabajadores cualificados de las industrias manufactureras, excepto operadores de instalaciones y máquinas",22384.48
575,394,8,1,Total,N/A,"Trabajadores cualificados de las industrias manufactureras, excepto operadores de instalaciones y máquinas",22539.5
576,395,8,1,Total,N/A,"Trabajadores cualificados de las industrias manufactureras, excepto operadores de instalaciones y máquinas",21789.75
577,396,8,1,Total,N/A,"Trabajadores cualificados de las industrias manufactureras, excepto operadores de instalaciones y máquinas",21798.65
578,397,8,1,Total,N/A,"Trabajadores cualificados de las industrias manufactureras, excepto operadores de instalaciones y máquinas",22029.94
579,398,8,1,Total,N/A,"Trabajadores cualificados de las industrias manufactureras, excepto operadores de instalaciones y máquinas",22034.75
580,399,8,1,Total,N/A,"Trabajadores cualificados de las industrias manufactureras, excepto operadores de instalaciones y máquinas",20998.27
581,400,8,1,Total,N/A,"Trabajadores cualificados de las industrias manufactureras, excepto operadores de instalaciones y máquinas",21027.99
582,385,8,1,Mujeres,N/A,"Trabajadores cualificados de las industrias manufactureras, excepto operadores de instalaciones y máquinas",20428.55
583,386,8,1,Mujeres,N/A,"Trabajadores cualificados de las industrias manufactureras, excepto operadores de instalaciones y máquinas",19772.34
584,387,8,1,Mujeres,N/A,"Trabajadores cualificados de las industrias manufactureras, excepto operadores de instalaciones y máquinas",18223.34
585,388,8,1,Mujeres,N/A,"Trabajadores cualificados de las industrias manufactureras, excepto operadores de instalaciones y máquinas",17894.7
586,389,8,1,Mujeres,N/A,"Trabajadores cualificados de las industrias manufactureras, excepto operadores de instalaciones y máquinas",17573.21
587,390,8,1,Mujeres,N/A,"Trabajadores cualificados de las industrias manufactureras, excepto operadores de instalaciones y máquinas",17509.61
588,391,8,1,Mujeres,N/A,"Trabajadores cualificados de las industrias manufactureras, excepto operadores de instalaciones y máquinas",17247.66
589,392,8,1,Mujeres,N/A,"Trabajadores cualificados de las industrias manufactureras, excepto operadores de instalaciones y máquinas",16611.88
590,393,8,1,Mujeres,N/A,"Trabajadores cualificados de las industrias manufactureras, excepto operadores de instalaciones y máquinas",16675.0
591,394,8,1,Mujeres,N/A,"Trabajadores cualificados de las industrias manufactureras, excepto operadores de instalaciones y máquinas",16488.9
592,395,8,1,Mujeres,N/A,"Trabajadores cualificados de las industrias manufactureras, excepto operadores de instalaciones y máquinas",15675.68
593,396,8,1,Mujeres,N/A,"Trabajadores cualificados de las industrias manufactureras, excepto operadores de instalaciones y máquinas",15811.12
594,397,8,1,Mujeres,N/A,"Trabajadores cualificados de las industrias manufactureras, excepto operadores de instalaciones y máquinas",16242.99
595,398,8,1,Mujeres,N/A,"Trabajadores cualificados de las industrias manufactureras, excepto operadores de instalaciones y máquinas",16458.95
596,399,8,1,Mujeres,N/A,"Trabajadores cualificados de las industrias manufactureras, excepto operadores de instalaciones y máquinas",14844.09
597,400,8,1,Mujeres,N/A,"Trabajadores cualificados de las industrias manufactureras, excepto operadores de instalaciones y máquinas",15297.52
598,385,8,1,Hombres,N/A,"Trabajadores cualificados de las industrias manufactureras, excepto operadores de instalaciones y máquinas",27386.64
599,386,8,1,Hombres,N/A,"Trabajadores cualificados de las industrias manufactureras, excepto operadores de instalaciones y máquinas",26400.67
600,387,8,1,Hombres,N/A,"Trabajadores cualificados de las industrias manufactureras, excepto operadores de instalaciones y máquinas",24755.05
601,388,8,1,Hombres,N/A,"Trabajadores cualificados de las industrias manufactureras, excepto operadores de instalaciones y máquinas",24104.05
602,389,8,1,Hombres,N/A,"Trabajadores cualificados de las industrias manufactureras, excepto operadores de instalaciones y máquinas",24405.77
603,390,8,1,Hombres,N/A,"Trabajadores cualificados de las industrias manufactureras, excepto operadores de instalaciones y máquinas",24564.77
604,391,8,1,Hombres,N/A,"Trabajadores cualificados de las industrias manufactureras, excepto operadores de instalaciones y máquinas",24122.82
605,392,8,1,Hombres,N/A,"Trabajadores cualificados de las industrias manufactureras, excepto operadores de instalaciones y máquinas",23476.74
606,393,8,1,Hombres,N/A,"Trabajadores cualificados de las industrias manufactureras, excepto operadores de instalaciones y máquinas",23217.62
607,394,8,1,Hombres,N/A,"Trabajadores cualificados de las industrias manufactureras, excepto operadores de instalaciones y máquinas",23194.49
608,395,8,1,Hombres,N/A,"Trabajadores cualificados de las industrias manufactureras, excepto operadores de instalaciones y máquinas",22682.48
609,396,8,1,Hombres,N/A,"Trabajadores cualificados de las industrias manufactureras, excepto operadores de instalaciones y máquinas",22720.59
610,397,8,1,Hombres,N/A,"Trabajadores cualificados de las industrias manufactureras, excepto operadores de instalaciones y máquinas",22879.41
611,398,8,1,Hombres,N/A,"Trabajadores cualificados de las industrias manufactureras, excepto operadores de instalaciones y máquinas",22717.35
612,399,8,1,Hombres,N/A,"Trabajadores cualificados de las industrias manufactureras, excepto operadores de instalaciones y máquinas",21844.42
613,400,8,1,Hombres,N/A,"Trabajadores cualificados de las industrias manufactureras, excepto operadores de instalaciones y máquinas",21925.29
614,385,8,1,Total,N/A,"Operadores de instalaciones y maquinaria fijas, y montadores",28851.99
615,386,8,1,Total,N/A,"Operadores de instalaciones y maquinaria fijas, y montadores",28251.07
616,387,8,1,Total,N/A,"Operadores de instalaciones y maquinaria fijas, y montadores",27089.86
617,388,8,1,Total,N/A,"Operadores de instalaciones y maquinaria fijas, y montadores",26416.53
618,389,8,1,Total,N/A,"Operadores de instalaciones y maquinaria fijas, y montadores",26152.28
619,390,8,1,Total,N/A,"Operadores de instalaciones y maquinaria fijas, y montadores",26078.13
620,391,8,1,Total,N/A,"Operadores de instalaciones y maquinaria fijas, y montadores",24194.83
621,392,8,1,Total,N/A,"Operadores de instalaciones y maquinaria fijas, y montadores",23470.74
622,393,8,1,Total,N/A,"Operadores de instalaciones y maquinaria fijas, y montadores",23108.95
623,394,8,1,Total,N/A,"Operadores de instalaciones y maquinaria fijas, y montadores",23404.36
624,395,8,1,Total,N/A,"Operadores de instalaciones y maquinaria fijas, y montadores",22464.69
625,396,8,1,Total,N/A,"Operadores de instalaciones y maquinaria fijas, y montadores",21708.19
626,397,8,1,Total,N/A,"Operadores de instalaciones y maquinaria fijas, y montadores",21707.59
627,398,8,1,Total,N/A,"Operadores de instalaciones y maquinaria fijas, y montadores",21165.13
628,399,8,1,Total,N/A,"Operadores de instalaciones y maquinaria fijas, y montadores",20472.24
629,400,8,1,Total,N/A,"Operadores de instalaciones y maquinaria fijas, y montadores",20768.72
630,385,8,1,Mujeres,N/A,"Operadores de instalaciones y maquinaria fijas, y montadores",22816.31
631,386,8,1,Mujeres,N/A,"Operadores de instalaciones y maquinaria fijas, y montadores",21935.96
632,387,8,1,Mujeres,N/A,"Operadores de instalaciones y maquinaria fijas, y montadores",21156.18
633,388,8,1,Mujeres,N/A,"Operadores de instalaciones y maquinaria fijas, y montadores",20483.08
634,389,8,1,Mujeres,N/A,"Operadores de instalaciones y maquinaria fijas, y montadores",20327.07
635,390,8,1,Mujeres,N/A,"Operadores de instalaciones y maquinaria fijas, y montadores",20223.23
636,391,8,1,Mujeres,N/A,"Operadores de instalaciones y maquinaria fijas, y montadores",18831.97
637,392,8,1,Mujeres,N/A,"Operadores de instalaciones y maquinaria fijas, y montadores",18149.9
638,393,8,1,Mujeres,N/A,"Operadores de instalaciones y maquinaria fijas, y montadores",17558.23
639,394,8,1,Mujeres,N/A,"Operadores de instalaciones y maquinaria fijas, y montadores",17763.67
640,395,8,1,Mujeres,N/A,"Operadores de instalaciones y maquinaria fijas, y montadores",17367.02
641,396,8,1,Mujeres,N/A,"Operadores de instalaciones y maquinaria fijas, y montadores",16865.14
642,397,8,1,Mujeres,N/A,"Operadores de instalaciones y maquinaria fijas, y montadores",16647.53
643,398,8,1,Mujeres,N/A,"Operadores de instalaciones y maquinaria fijas, y montadores",16401.01
644,399,8,1,Mujeres,N/A,"Operadores de instalaciones y maquinaria fijas, y montadores",15625.68
645,400,8,1,Mujeres,N/A,"Operadores de instalaciones y maquinaria fijas, y montadores",15750.35
646,385,8,1,Hombres,N/A,"Operadores de instalaciones y maquinaria fijas, y montadores",30472.86
647,386,8,1,Hombres,N/A,"Operadores de instalaciones y maquinaria fijas, y montadores",29847.5
648,387,8,1,Hombres,N/A,"Operadores de instalaciones y maquinaria fijas, y montadores",28463.11
649,388,8,1,Hombres,N/A,"Operadores de instalaciones y maquinaria fijas, y montadores",27884.51
650,389,8,1,Hombres,N/A,"Operadores de instalaciones y maquinaria fijas, y montadores",27672.25
651,390,8,1,Hombres,N/A,"Operadores de instalaciones y maquinaria fijas, y montadores",27490.45
652,391,8,1,Hombres,N/A,"Operadores de instalaciones y maquinaria fijas, y montadores",25930.9
653,392,8,1,Hombres,N/A,"Operadores de instalaciones y maquinaria fijas, y montadores",25395.99
654,393,8,1,Hombres,N/A,"Operadores de instalaciones y maquinaria fijas, y montadores",25245.39
655,394,8,1,Hombres,N/A,"Operadores de instalaciones y maquinaria fijas, y montadores",25316.77
656,395,8,1,Hombres,N/A,"Operadores de instalaciones y maquinaria fijas, y montadores",24289.43
657,396,8,1,Hombres,N/A,"Operadores de instalaciones y maquinaria fijas, y montadores",23461.68
658,397,8,1,Hombres,N/A,"Operadores de instalaciones y maquinaria fijas, y montadores",23570.2
659,398,8,1,Hombres,N/A,"Operadores de instalaciones y maquinaria fijas, y montadores",23112.6
660,399,8,1,Hombres,N/A,"Operadores de instalaciones y maquinaria fijas, y montadores",22103.52
661,400,8,1,Hombres,N/A,"Operadores de instalaciones y maquinaria fijas, y montadores",22480.21
662,385,8,1,Total,N/A,Conductores y operadores de maquinaria móvil,23536.09
663,386,8,1,Total,N/A,Conductores y operadores de maquinaria móvil,22996.64
664,387,8,1,Total,N/A,Conductores y operadores de maquinaria móvil,21488.35
665,388,8,1,Total,N/A,Conductores y operadores de maquinaria móvil,21078.8
666,389,8,1,Total,N/A,Conductores y operadores de maquinaria móvil,20661.53
667,390,8,1,Total,N/A,Conductores y operadores de maquinaria móvil,21359.91
668,391,8,1,Total,N/A,Conductores y operadores de maquinaria móvil,20374.52
669,392,8,1,Total,N/A,Conductores y operadores de maquinaria móvil,20009.83
670,393,8,1,Total,N/A,Conductores y operadores de maquinaria móvil,20048.37
671,394,8,1,Total,N/A,Conductores y operadores de maquinaria móvil,20131.11
672,395,8,1,Total,N/A,Conductores y operadores de maquinaria móvil,19934.16
673,396,8,1,Total,N/A,Conductores y operadores de maquinaria móvil,20051.99
674,397,8,1,Total,N/A,Conductores y operadores de maquinaria móvil,20157.54
675,398,8,1,Total,N/A,Conductores y operadores de maquinaria móvil,19786.19
676,399,8,1,Total,N/A,Conductores y operadores de maquinaria móvil,19971.66
677,400,8,1,Total,N/A,Conductores y operadores de maquinaria móvil,19677.69
678,385,8,1,Mujeres,N/A,Conductores y operadores de maquinaria móvil,21311.05
679,386,8,1,Mujeres,N/A,Conductores y operadores de maquinaria móvil,-19904.66
680,387,8,1,Mujeres,N/A,Conductores y operadores de maquinaria móvil,-19276.73
681,388,8,1,Mujeres,N/A,Conductores y operadores de maquinaria móvil,-18923.94
682,389,8,1,Mujeres,N/A,Conductores y operadores de maquinaria móvil,17257.64
683,390,8,1,Mujeres,N/A,Conductores y operadores de maquinaria móvil,-17992.46
684,391,8,1,Mujeres,N/A,Conductores y operadores de maquinaria móvil,18549.15
685,392,8,1,Mujeres,N/A,Conductores y operadores de maquinaria móvil,16894.43
686,393,8,1,Mujeres,N/A,Conductores y operadores de maquinaria móvil,18010.87
687,394,8,1,Mujeres,N/A,Conductores y operadores de maquinaria móvil,-17506.95
688,395,8,1,Mujeres,N/A,Conductores y operadores de maquinaria móvil,16785.93
689,396,8,1,Mujeres,N/A,Conductores y operadores de maquinaria móvil,17667.87
690,397,8,1,Mujeres,N/A,Conductores y operadores de maquinaria móvil,17022.48
691,398,8,1,Mujeres,N/A,Conductores y operadores de maquinaria móvil,-16586.47
692,399,8,1,Mujeres,N/A,Conductores y operadores de maquinaria móvil,-15873.07
693,400,8,1,Mujeres,N/A,Conductores y operadores de maquinaria móvil,15129.51
694,385,8,1,Hombres,N/A,Conductores y operadores de maquinaria móvil,23646.12
695,386,8,1,Hombres,N/A,Conductores y operadores de maquinaria móvil,23136.9
696,387,8,1,Hombres,N/A,Conductores y operadores de maquinaria móvil,21570.16
697,388,8,1,Hombres,N/A,Conductores y operadores de maquinaria móvil,21182.11
698,389,8,1,Hombres,N/A,Conductores y operadores de maquinaria móvil,20919.98
699,390,8,1,Hombres,N/A,Conductores y operadores de maquinaria móvil,21487.48
700,391,8,1,Hombres,N/A,Conductores y operadores de maquinaria móvil,20452.19
701,392,8,1,Hombres,N/A,Conductores y operadores de maquinaria móvil,20161.12
702,393,8,1,Hombres,N/A,Conductores y operadores de maquinaria móvil,20148.64
703,394,8,1,Hombres,N/A,Conductores y operadores de maquinaria móvil,20234.0
704,395,8,1,Hombres,N/A,Conductores y operadores de maquinaria móvil,20125.03
705,396,8,1,Hombres,N/A,Conductores y operadores de maquinaria móvil,20182.23
706,397,8,1,Hombres,N/A,Conductores y operadores de maquinaria móvil,20358.71
707,398,8,1,Hombres,N/A,Conductores y operadores de maquinaria móvil,19906.43
708,399,8,1,Hombres,N/A,Conductores y operadores de maquinaria móvil,20111.18
709,400,8,1,Hombres,N/A,Conductores y operadores de maquinaria móvil,19885.81
710,385,8,1,Total,N/A,Trabajadores no cualificados en servicios (excepto transportes),15276.84
711,386,8,1,Total,N/A,Trabajadores no cualificados en servicios (excepto transportes),14665.4
712,387,8,1,Total,N/A,Trabajadores no cualificados en servicios (excepto transportes),13874.28
713,388,8,1,Total,N/A,Trabajadores no cualificados en servicios (excepto transportes),13765.34
714,389,8,1,Total,N/A,Trabajadores no cualificados en servicios (excepto transportes),13796.53
715,390,8,1,Total,N/A,Trabajadores no cualificados en servicios (excepto transportes),13065.9
716,391,8,1,Total,N/A,Trabajadores no cualificados en servicios (excepto transportes),12954.64
717,392,8,1,Total,N/A,Trabajadores no cualificados en servicios (excepto transportes),12826.4
718,393,8,1,Total,N/A,Trabajadores no cualificados en servicios (excepto transportes),12700.7
719,394,8,1,Total,N/A,Trabajadores no cualificados en servicios (excepto transportes),12199.99
720,395,8,1,Total,N/A,Trabajadores no cualificados en servicios (excepto transportes),12601.53
721,396,8,1,Total,N/A,Trabajadores no cualificados en servicios (excepto transportes),12819.51
722,397,8,1,Total,N/A,Trabajadores no cualificados en servicios (excepto transportes),12945.54
723,398,8,1,Total,N/A,Trabajadores no cualificados en servicios (excepto transportes),12551.5
724,399,8,1,Total,N/A,Trabajadores no cualificados en servicios (excepto transportes),13454.02
725,400,8,1,Total,N/A,Trabajadores no cualificados en servicios (excepto transportes),13302.41
726,385,8,1,Mujeres,N/A,Trabajadores no cualificados en servicios (excepto transportes),13933.33
727,386,8,1,Mujeres,N/A,Trabajadores no cualificados en servicios (excepto transportes),13353.87
728,387,8,1,Mujeres,N/A,Trabajadores no cualificados en servicios (excepto transportes),12618.05
729,388,8,1,Mujeres,N/A,Trabajadores no cualificados en servicios (excepto transportes),12346.05
730,389,8,1,Mujeres,N/A,Trabajadores no cualificados en servicios (excepto transportes),12410.62
731,390,8,1,Mujeres,N/A,Trabajadores no cualificados en servicios (excepto transportes),11716.52
732,391,8,1,Mujeres,N/A,Trabajadores no cualificados en servicios (excepto transportes),11657.11
733,392,8,1,Mujeres,N/A,Trabajadores no cualificados en servicios (excepto transportes),11517.33
734,393,8,1,Mujeres,N/A,Trabajadores no cualificados en servicios (excepto transportes),11319.84
735,394,8,1,Mujeres,N/A,Trabajadores no cualificados en servicios (excepto transportes),10859.77
736,395,8,1,Mujeres,N/A,Trabajadores no cualificados en servicios (excepto transportes),11315.44
737,396,8,1,Mujeres,N/A,Trabajadores no cualificados en servicios (excepto transportes),11480.3
738,397,8,1,Mujeres,N/A,Trabajadores no cualificados en servicios (excepto transportes),11542.23
739,398,8,1,Mujeres,N/A,Trabajadores no cualificados en servicios (excepto transportes),11307.67
740,399,8,1,Mujeres,N/A,Trabajadores no cualificados en servicios (excepto transportes),11816.18
741,400,8,1,Mujeres,N/A,Trabajadores no cualificados en servicios (excepto transportes),11797.56
742,385,8,1,Hombres,N/A,Trabajadores no cualificados en servicios (excepto transportes),18601.7
743,386,8,1,Hombres,N/A,Trabajadores no cualificados en servicios (excepto transportes),18018.35
744,387,8,1,Hombres,N/A,Trabajadores no cualificados en servicios (excepto transportes),17109.73
745,388,8,1,Hombres,N/A,Trabajadores no cualificados en servicios (excepto transportes),17159.21
746,389,8,1,Hombres,N/A,Trabajadores no cualificados en servicios (excepto transportes),17346.84
747,390,8,1,Hombres,N/A,Trabajadores no cualificados en servicios (excepto transportes),16478.99
748,391,8,1,Hombres,N/A,Trabajadores no cualificados en servicios (excepto transportes),16268.21
749,392,8,1,Hombres,N/A,Trabajadores no cualificados en servicios (excepto transportes),16028.07
750,393,8,1,Hombres,N/A,Trabajadores no cualificados en servicios (excepto transportes),16539.73
751,394,8,1,Hombres,N/A,Trabajadores no cualificados en servicios (excepto transportes),15760.05
752,395,8,1,Hombres,N/A,Trabajadores no cualificados en servicios (excepto transportes),16173.09
753,396,8,1,Hombres,N/A,Trabajadores no cualificados en servicios (excepto transportes),16558.98
754,397,8,1,Hombres,N/A,Trabajadores no cualificados en servicios (excepto transportes),16479.83
755,398,8,1,Hombres,N/A,Trabajadores no cualificados en servicios (excepto transportes),16261.58
756,399,8,1,Hombres,N/A,Trabajadores no cualificados en servicios (excepto transportes),17550.0
757,400,8,1,Hombres,N/A,Trabajadores no cualificados en servicios (excepto transportes),16704.87
758,385,8,1,Total,N/A,"Peones de la agricultura, pesca, construcción, industrias manufactureras y transportes",20817.06
759,386,8,1,Total,N/A,"Peones de la agricultura, pesca, construcción, industrias manufactureras y transportes",20241.79
760,387,8,1,Total,N/A,"Peones de la agricultura, pesca, construcción, industrias manufactureras y transportes",18927.93
761,388,8,1,Total,N/A,"Peones de la agricultura, pesca, construcción, industrias manufactureras y transportes",18521.56
762,389,8,1,Total,N/A,"Peones de la agricultura, pesca, construcción, industrias manufactureras y transportes",18241.14
763,390,8,1,Total,N/A,"Peones de la agricultura, pesca, construcción, industrias manufactureras y transportes",18280.74
764,391,8,1,Total,N/A,"Peones de la agricultura, pesca, construcción, industrias manufactureras y transportes",16725.74
765,392,8,1,Total,N/A,"Peones de la agricultura, pesca, construcción, industrias manufactureras y transportes",15946.65
766,393,8,1,Total,N/A,"Peones de la agricultura, pesca, construcción, industrias manufactureras y transportes",16209.08
767,394,8,1,Total,N/A,"Peones de la agricultura, pesca, construcción, industrias manufactureras y transportes",15772.51
768,395,8,1,Total,N/A,"Peones de la agricultura, pesca, construcción, industrias manufactureras y transportes",15888.96
769,396,8,1,Total,N/A,"Peones de la agricultura, pesca, construcción, industrias manufactureras y transportes",15939.96
770,397,8,1,Total,N/A,"Peones de la agricultura, pesca, construcción, industrias manufactureras y transportes",16053.35
771,398,8,1,Total,N/A,"Peones de la agricultura, pesca, construcción, industrias manufactureras y transportes",16048.15
772,399,8,1,Total,N/A,"Peones de la agricultura, pesca, construcción, industrias manufactureras y transportes",15343.04
773,400,8,1,Total,N/A,"Peones de la agricultura, pesca, construcción, industrias manufactureras y transportes",15328.05
774,385,8,1,Mujeres,N/A,"Peones de la agricultura, pesca, construcción, industrias manufactureras y transportes",17821.4
775,386,8,1,Mujeres,N/A,"Peones de la agricultura, pesca, construcción, industrias manufactureras y transportes",17470.05
776,387,8,1,Mujeres,N/A,"Peones de la agricultura, pesca, construcción, industrias manufactureras y transportes",16322.02
777,388,8,1,Mujeres,N/A,"Peones de la agricultura, pesca, construcción, industrias manufactureras y transportes",15966.57
778,389,8,1,Mujeres,N/A,"Peones de la agricultura, pesca, construcción, industrias manufactureras y transportes",16008.78
779,390,8,1,Mujeres,N/A,"Peones de la agricultura, pesca, construcción, industrias manufactureras y transportes",15349.84
780,391,8,1,Mujeres,N/A,"Peones de la agricultura, pesca, construcción, industrias manufactureras y transportes",14449.6
781,392,8,1,Mujeres,N/A,"Peones de la agricultura, pesca, construcción, industrias manufactureras y transportes",13463.67
782,393,8,1,Mujeres,N/A,"Peones de la agricultura, pesca, construcción, industrias manufactureras y transportes",13388.34
783,394,8,1,Mujeres,N/A,"Peones de la agricultura, pesca, construcción, industrias manufactureras y transportes",13050.89
784,395,8,1,Mujeres,N/A,"Peones de la agricultura, pesca, construcción, industrias manufactureras y transportes",13245.8
785,396,8,1,Mujeres,N/A,"Peones de la agricultura, pesca, construcción, industrias manufactureras y transportes",13561.04
786,397,8,1,Mujeres,N/A,"Peones de la agricultura, pesca, construcción, industrias manufactureras y transportes",13410.38
787,398,8,1,Mujeres,N/A,"Peones de la agricultura, pesca, construcción, industrias manufactureras y transportes",13404.71
788,399,8,1,Mujeres,N/A,"Peones de la agricultura, pesca, construcción, industrias manufactureras y transportes",12849.44
789,400,8,1,Mujeres,N/A,"Peones de la agricultura, pesca, construcción, industrias manufactureras y transportes",12893.16
790,385,8,1,Hombres,N/A,"Peones de la agricultura, pesca, construcción, industrias manufactureras y transportes",21718.88
791,386,8,1,Hombres,N/A,"Peones de la agricultura, pesca, construcción, industrias manufactureras y transportes",20998.67
792,387,8,1,Hombres,N/A,"Peones de la agricultura, pesca, construcción, industrias manufactureras y transportes",19689.32
793,388,8,1,Hombres,N/A,"Peones de la agricultura, pesca, construcción, industrias manufactureras y transportes",19279.74
794,389,8,1,Hombres,N/A,"Peones de la agricultura, pesca, construcción, industrias manufactureras y transportes",18920.61
795,390,8,1,Hombres,N/A,"Peones de la agricultura, pesca, construcción, industrias manufactureras y transportes",19076.56
796,391,8,1,Hombres,N/A,"Peones de la agricultura, pesca, construcción, industrias manufactureras y transportes",17518.79
797,392,8,1,Hombres,N/A,"Peones de la agricultura, pesca, construcción, industrias manufactureras y transportes",16754.26
798,393,8,1,Hombres,N/A,"Peones de la agricultura, pesca, construcción, industrias manufactureras y transportes",17191.57
799,394,8,1,Hombres,N/A,"Peones de la agricultura, pesca, construcción, industrias manufactureras y transportes",16672.94
800,395,8,1,Hombres,N/A,"Peones de la agricultura, pesca, construcción, industrias manufactureras y transportes",16862.51
801,396,8,1,Hombres,N/A,"Peones de la agricultura, pesca, construcción, industrias manufactureras y transportes",16838.9
802,397,8,1,Hombres,N/A,"Peones de la agricultura, pesca, construcción, industrias manufactureras y transportes",16923.64
803,398,8,1,Hombres,N/A,"Peones de la agricultura, pesca, construcción, industrias manufactureras y transportes",16816.67
804,399,8,1,Hombres,N/A,"Peones de la agricultura, pesca, construcción, industrias manufactureras y transportes",15962.51
805,400,8,1,Hombres,N/A,"Peones de la agricultura, pesca, construcción, industrias manufactureras y transportes",15914.17
806,385,9,1,Total,N/A,N/A,28049.94
807,386,9,1,Total,N/A,N/A,26948.87
808,387,9,1,Total,N/A,N/A,25896.82
809,388,9,1,Total,N/A,N/A,25165.51
810,389,9,1,Total,N/A,N/A,24395.98
811,390,9,1,Total,N/A,N/A,24009.12
812,391,9,1,Total,N/A,N/A,23646.5
813,392,9,1,Total,N/A,N/A,23156.34
814,393,9,1,Total,N/A,N/A,23106.3
815,394,9,1,Total,N/A,N/A,22858.17
816,395,9,1,Total,N/A,N/A,22697.86
817,396,9,1,Total,N/A,N/A,22726.44
818,397,9,1,Total,N/A,N/A,22899.35
819,398,9,1,Total,N/A,N/A,22790.2
820,399,9,1,Total,N/A,N/A,22511.47
821,400,9,1,Total,N/A,N/A,21883.42
822,385,10,1,Total,N/A,N/A,11466.88
823,386,10,1,Total,N/A,N/A,10657.37
824,387,10,1,Total,N/A,N/A,10192.38
825,388,10,1,Total,N/A,N/A,9586.51
826,389,10,1,Total,N/A,N/A,8943.26
827,390,10,1,Total,N/A,N/A,8457.36
828,391,10,1,Total,N/A,N/A,8583.81
829,392,10,1,Total,N/A,N/A,8095.44
830,393,10,1,Total,N/A,N/A,7962.45
831,394,10,1,Total,N/A,N/A,7626.2
832,395,10,1,Total,N/A,N/A,7692.3
833,396,10,1,Total,N/A,N/A,7979.4
834,397,10,1,Total,N/A,N/A,8402.15
835,398,10,1,Total,N/A,N/A,8643.66
836,399,10,1,Total,N/A,N/A,8723.15
837,400,10,1,Total,N/A,N/A,8903.52
838,385,11,1,Total,N/A,N/A,16632.97
839,386,11,1,Total,N/A,N/A,15913.52
840,387,11,1,Total,N/A,N/A,15215.03
841,388,11,1,Total,N/A,N/A,14641.96
842,389,11,1,Total,N/A,N/A,14271.06
843,390,11,1,Total,N/A,N/A,13998.29
844,391,11,1,Total,N/A,N/A,13897.22
845,392,11,1,Total,N/A,N/A,13369.74
846,393,11,1,Total,N/A,N/A,13414.92
847,394,11,1,Total,N/A,N/A,13217.84
848,395,11,1,Total,N/A,N/A,13039.36
849,396,11,1,Total,N/A,N/A,13369.45
850,397,11,1,Total,N/A,N/A,13553.97
851,398,11,1,Total,N/A,N/A,13602.53
852,399,11,1,Total,N/A,N/A,13587.26
853,400,11,1,Total,N/A,N/A,13342.53
854,385,12,1,Total,N/A,N/A,23349.0
855,386,12,1,Total,N/A,N/A,22383.11
856,387,12,1,Total,N/A,N/A,21638.69
857,388,12,1,Total,N/A,N/A,20920.12
858,389,12,1,Total,N/A,N/A,20351.02
859,390,12,1,Total,N/A,N/A,20078.44
860,391,12,1,Total,N/A,N/A,19830.12
861,392,12,1,Total,N/A,N/A,19432.62
862,393,12,1,Total,N/A,N/A,19466.49
863,394,12,1,Total,N/A,N/A,19263.78
864,395,12,1,Total,N/A,N/A,19029.66
865,396,12,1,Total,N/A,N/A,19040.98
866,397,12,1,Total,N/A,N/A,19303.51
867,398,12,1,Total,N/A,N/A,19017.09
868,399,12,1,Total,N/A,N/A,18803.28
869,400,12,1,Total,N/A,N/A,18244.4
870,385,9,2,Total,N/A,N/A,25051.51
871,386,9,2,Total,N/A,N/A,24094.32
872,387,9,2,Total,N/A,N/A,23154.99
873,388,9,2,Total,N/A,N/A,22323.85
874,389,9,2,Total,N/A,N/A,22060.99
875,390,9,2,Total,N/A,N/A,21805.92
876,391,9,2,Total,N/A,N/A,21404.28
877,392,9,2,Total,N/A,N/A,21268.41
878,393,9,2,Total,N/A,N/A,21381.03
879,394,9,2,Total,N/A,N/A,20840.3
880,395,9,2,Total,N/A,N/A,20782.03
881,396,9,2,Total,N/A,N/A,20891.63
882,397,9,2,Total,N/A,N/A,21350.98
883,398,9,2,Total,N/A,N/A,20964.36
884,399,9,2,Total,N/A,N/A,20906.33
885,400,9,2,Total,N/A,N/A,20138.56
886,385,10,2,Total,N/A,N/A,10276.37
887,386,10,2,Total,N/A,N/A,9822.45
888,387,10,2,Total,N/A,N/A,9072.77
889,388,10,2,Total,N/A,N/A,8336.04
890,389,10,2,Total,N/A,N/A,8185.05
891,390,10,2,Total,N/A,N/A,7438.62
892,391,10,2,Total,N/A,N/A,7836.76
893,392,10,2,Total,N/A,N/A,7427.89
894,393,10,2,Total,N/A,N/A,7438.69
895,394,10,2,Total,N/A,N/A,6741.52
896,395,10,2,Total,N/A,N/A,7066.88
897,396,10,2,Total,N/A,N/A,7393.08
898,397,10,2,Total,N/A,N/A,7440.95
899,398,10,2,Total,N/A,N/A,7418.63
900,399,10,2,Total,N/A,N/A,7757.16
901,400,10,2,Total,N/A,N/A,8153.42
902,385,11,2,Total,N/A,N/A,15161.57
903,386,11,2,Total,N/A,N/A,14540.28
904,387,11,2,Total,N/A,N/A,14119.33
905,388,11,2,Total,N/A,N/A,13312.61
906,389,11,2,Total,N/A,N/A,13112.86
907,390,11,2,Total,N/A,N/A,12408.06
908,391,11,2,Total,N/A,N/A,12735.0
909,392,11,2,Total,N/A,N/A,12212.29
910,393,11,2,Total,N/A,N/A,12454.33
911,394,11,2,Total,N/A,N/A,11937.48
912,395,11,2,Total,N/A,N/A,12012.54
913,396,11,2,Total,N/A,N/A,12321.3
914,397,11,2,Total,N/A,N/A,12510.79
915,398,11,2,Total,N/A,N/A,12556.13
916,399,11,2,Total,N/A,N/A,12816.46
917,400,11,2,Total,N/A,N/A,12906.0
918,385,12,2,Total,N/A,N/A,20863.77
919,386,12,2,Total,N/A,N/A,19883.6
920,387,12,2,Total,N/A,N/A,19522.21
921,388,12,2,Total,N/A,N/A,18766.66
922,389,12,2,Total,N/A,N/A,18671.83
923,390,12,2,Total,N/A,N/A,18317.19
924,391,12,2,Total,N/A,N/A,18251.94
925,392,12,2,Total,N/A,N/A,18051.91
926,393,12,2,Total,N/A,N/A,18101.7
927,394,12,2,Total,N/A,N/A,18034.03
928,395,12,2,Total,N/A,N/A,17722.42
929,396,12,2,Total,N/A,N/A,17910.11
930,397,12,2,Total,N/A,N/A,18193.56
931,398,12,2,Total,N/A,N/A,17565.81
932,399,12,2,Total,N/A,N/A,17866.08
933,400,12,2,Total,N/A,N/A,17371.95
934,385,9,3,Total,N/A,N/A,26822.32
935,386,9,3,Total,N/A,N/A,26012.71
936,387,9,3,Total,N/A,N/A,25011.55
937,388,9,3,Total,N/A,N/A,24113.57
938,389,9,3,Total,N/A,N/A,23565.09
939,390,9,3,Total,N/A,N/A,23531.83
940,391,9,3,Total,N/A,N/A,23039.94
941,392,9,3,Total,N/A,N/A,22248.76
942,393,9,3,Total,N/A,N/A,22327.18
943,394,9,3,Total,N/A,N/A,22095.79
944,395,9,3,Total,N/A,N/A,22054.85
945,396,9,3,Total,N/A,N/A,22103.79
946,397,9,3,Total,N/A,N/A,22333.53
947,398,9,3,Total,N/A,N/A,22316.69
948,399,9,3,Total,N/A,N/A,22133.77
949,400,9,3,Total,N/A,N/A,21594.47
950,385,10,3,Total,N/A,N/A,11335.81
951,386,10,3,Total,N/A,N/A,10359.5
952,387,10,3,Total,N/A,N/A,10781.83
953,388,10,3,Total,N/A,N/A,10127.54
954,389,10,3,Total,N/A,N/A,8931.4
955,390,10,3,Total,N/A,N/A,8337.6
956,391,10,3,Total,N/A,N/A,9082.3
957,392,10,3,Total,N/A,N/A,7896.6
958,393,10,3,Total,N/A,N/A,7875.69
959,394,10,3,Total,N/A,N/A,7799.43
960,395,10,3,Total,N/A,N/A,7735.35
961,396,10,3,Total,N/A,N/A,8216.38
962,397,10,3,Total,N/A,N/A,8863.66
963,398,10,3,Total,N/A,N/A,8683.56
964,399,10,3,Total,N/A,N/A,8641.36
965,400,10,3,Total,N/A,N/A,9051.37
966,385,11,3,Total,N/A,N/A,17680.58
967,386,11,3,Total,N/A,N/A,16970.82
968,387,11,3,Total,N/A,N/A,16054.72
969,388,11,3,Total,N/A,N/A,15580.27
970,389,11,3,Total,N/A,N/A,14826.55
971,390,11,3,Total,N/A,N/A,14672.57
972,391,11,3,Total,N/A,N/A,14438.76
973,392,11,3,Total,N/A,N/A,13664.48
974,393,11,3,Total,N/A,N/A,13424.35
975,394,11,3,Total,N/A,N/A,13853.64
976,395,11,3,Total,N/A,N/A,13415.54
977,396,11,3,Total,N/A,N/A,13688.48
978,397,11,3,Total,N/A,N/A,14044.52
979,398,11,3,Total,N/A,N/A,14176.97
980,399,11,3,Total,N/A,N/A,14051.02
981,400,11,3,Total,N/A,N/A,13875.48
982,385,12,3,Total,N/A,N/A,23675.82
983,386,12,3,Total,N/A,N/A,22734.18
984,387,12,3,Total,N/A,N/A,22220.28
985,388,12,3,Total,N/A,N/A,21207.6
986,389,12,3,Total,N/A,N/A,20604.72
987,390,12,3,Total,N/A,N/A,20859.78
988,391,12,3,Total,N/A,N/A,20198.39
989,392,12,3,Total,N/A,N/A,19417.81
990,393,12,3,Total,N/A,N/A,19589.29
991,394,12,3,Total,N/A,N/A,19539.86
992,395,12,3,Total,N/A,N/A,19094.86
993,396,12,3,Total,N/A,N/A,19094.81
994,397,12,3,Total,N/A,N/A,19646.75
995,398,12,3,Total,N/A,N/A,19552.41
996,399,12,3,Total,N/A,N/A,19413.22
997,400,12,3,Total,N/A,N/A,19084.91
998,385,9,4,Total,N/A,N/A,27916.6
999,386,9,4,Total,N/A,N/A,26745.93
1000,387,9,4,Total,N/A,N/A,25046.6
1001,388,9,4,Total,N/A,N/A,24527.96
1002,389,9,4,Total,N/A,N/A,24865.89
1003,390,9,4,Total,N/A,N/A,23914.61
1004,391,9,4,Total,N/A,N/A,23609.67
1005,392,9,4,Total,N/A,N/A,23095.83
1006,393,9,4,Total,N/A,N/A,22826.06
1007,394,9,4,Total,N/A,N/A,22045.29
1008,395,9,4,Total,N/A,N/A,21994.99
1009,396,9,4,Total,N/A,N/A,21750.66
1010,397,9,4,Total,N/A,N/A,22286.48
1011,398,9,4,Total,N/A,N/A,22241.39
1012,399,9,4,Total,N/A,N/A,22597.97
1013,400,9,4,Total,N/A,N/A,21805.67
1014,385,10,4,Total,N/A,N/A,11562.02
1015,386,10,4,Total,N/A,N/A,10609.0
1016,387,10,4,Total,N/A,N/A,9717.49
1017,388,10,4,Total,N/A,N/A,8830.44
1018,389,10,4,Total,N/A,N/A,8418.88
1019,390,10,4,Total,N/A,N/A,7716.53
1020,391,10,4,Total,N/A,N/A,8504.22
1021,392,10,4,Total,N/A,N/A,7591.08
1022,393,10,4,Total,N/A,N/A,7591.08
1023,394,10,4,Total,N/A,N/A,7226.86
1024,395,10,4,Total,N/A,N/A,7226.9
1025,396,10,4,Total,N/A,N/A,7538.76
1026,397,10,4,Total,N/A,N/A,8429.6
1027,398,10,4,Total,N/A,N/A,8783.94
1028,399,10,4,Total,N/A,N/A,8547.94
1029,400,10,4,Total,N/A,N/A,8634.04
1030,385,11,4,Total,N/A,N/A,16519.81
1031,386,11,4,Total,N/A,N/A,16017.28
1032,387,11,4,Total,N/A,N/A,14682.96
1033,388,11,4,Total,N/A,N/A,14325.79
1034,389,11,4,Total,N/A,N/A,14330.92
1035,390,11,4,Total,N/A,N/A,13866.0
1036,391,11,4,Total,N/A,N/A,13482.98
1037,392,11,4,Total,N/A,N/A,12923.35
1038,393,11,4,Total,N/A,N/A,13042.22
1039,394,11,4,Total,N/A,N/A,12813.0
1040,395,11,4,Total,N/A,N/A,12401.25
1041,396,11,4,Total,N/A,N/A,12918.05
1042,397,11,4,Total,N/A,N/A,13658.6
1043,398,11,4,Total,N/A,N/A,13651.02
1044,399,11,4,Total,N/A,N/A,13687.68
1045,400,11,4,Total,N/A,N/A,13335.75
1046,385,12,4,Total,N/A,N/A,24063.59
1047,386,12,4,Total,N/A,N/A,23001.52
1048,387,12,4,Total,N/A,N/A,21975.31
1049,388,12,4,Total,N/A,N/A,21331.73
1050,389,12,4,Total,N/A,N/A,21559.07
1051,390,12,4,Total,N/A,N/A,20890.13
1052,391,12,4,Total,N/A,N/A,20174.85
1053,392,12,4,Total,N/A,N/A,20081.25
1054,393,12,4,Total,N/A,N/A,19959.74
1055,394,12,4,Total,N/A,N/A,19212.77
1056,395,12,4,Total,N/A,N/A,19057.38
1057,396,12,4,Total,N/A,N/A,18784.7
1058,397,12,4,Total,N/A,N/A,19276.74
1059,398,12,4,Total,N/A,N/A,19055.8
1060,399,12,4,Total,N/A,N/A,19202.33
1061,400,12,4,Total,N/A,N/A,18697.53
1062,385,9,5,Total,N/A,N/A,27537.0
1063,386,9,5,Total,N/A,N/A,27145.79
1064,387,9,5,Total,N/A,N/A,24134.73
1065,388,9,5,Total,N/A,N/A,23881.42
1066,389,9,5,Total,N/A,N/A,23325.33
1067,390,9,5,Total,N/A,N/A,22800.87
1068,391,9,5,Total,N/A,N/A,22036.46
1069,392,9,5,Total,N/A,N/A,21478.34
1070,393,9,5,Total,N/A,N/A,21395.42
1071,394,9,5,Total,N/A,N/A,21322.08
1072,395,9,5,Total,N/A,N/A,20776.29
1073,396,9,5,Total,N/A,N/A,20960.53
1074,397,9,5,Total,N/A,N/A,21351.0
1075,398,9,5,Total,N/A,N/A,21613.6
1076,399,9,5,Total,N/A,N/A,21070.14
1077,400,9,5,Total,N/A,N/A,20388.09
1078,385,10,5,Total,N/A,N/A,13855.52
1079,386,10,5,Total,N/A,N/A,13389.86
1080,387,10,5,Total,N/A,N/A,11273.66
1081,388,10,5,Total,N/A,N/A,10875.23
1082,389,10,5,Total,N/A,N/A,10941.15
1083,390,10,5,Total,N/A,N/A,9613.53
1084,391,10,5,Total,N/A,N/A,9900.99
1085,392,10,5,Total,N/A,N/A,8594.84
1086,393,10,5,Total,N/A,N/A,8969.64
1087,394,10,5,Total,N/A,N/A,9312.05
1088,395,10,5,Total,N/A,N/A,8278.16
1089,396,10,5,Total,N/A,N/A,8588.24
1090,397,10,5,Total,N/A,N/A,9012.96
1091,398,10,5,Total,N/A,N/A,9219.76
1092,399,10,5,Total,N/A,N/A,9565.98
1093,400,10,5,Total,N/A,N/A,9619.14
1094,385,11,5,Total,N/A,N/A,18424.75
1095,386,11,5,Total,N/A,N/A,17706.86
1096,387,11,5,Total,N/A,N/A,16248.48
1097,388,11,5,Total,N/A,N/A,15477.05
1098,389,11,5,Total,N/A,N/A,15535.23
1099,390,11,5,Total,N/A,N/A,14786.86
1100,391,11,5,Total,N/A,N/A,14735.55
1101,392,11,5,Total,N/A,N/A,13884.59
1102,393,11,5,Total,N/A,N/A,14201.02
1103,394,11,5,Total,N/A,N/A,14131.02
1104,395,11,5,Total,N/A,N/A,13765.16
1105,396,11,5,Total,N/A,N/A,13954.34
1106,397,11,5,Total,N/A,N/A,14209.9
1107,398,11,5,Total,N/A,N/A,14303.77
1108,399,11,5,Total,N/A,N/A,14008.65
1109,400,11,5,Total,N/A,N/A,13486.1
1110,385,12,5,Total,N/A,N/A,23533.37
1111,386,12,5,Total,N/A,N/A,23134.21
1112,387,12,5,Total,N/A,N/A,20837.19
1113,388,12,5,Total,N/A,N/A,20241.15
1114,389,12,5,Total,N/A,N/A,20276.91
1115,390,12,5,Total,N/A,N/A,20121.18
1116,391,12,5,Total,N/A,N/A,19264.02
1117,392,12,5,Total,N/A,N/A,18847.22
1118,393,12,5,Total,N/A,N/A,18610.0
1119,394,12,5,Total,N/A,N/A,18714.35
1120,395,12,5,Total,N/A,N/A,18030.53
1121,396,12,5,Total,N/A,N/A,18088.52
1122,397,12,5,Total,N/A,N/A,18403.17
1123,398,12,5,Total,N/A,N/A,18406.42
1124,399,12,5,Total,N/A,N/A,17224.24
1125,400,12,5,Total,N/A,N/A,16813.32
1126,385,9,6,Total,N/A,N/A,24033.57
1127,386,9,6,Total,N/A,N/A,23096.92
1128,387,9,6,Total,N/A,N/A,22466.23
1129,388,9,6,Total,N/A,N/A,21631.17
1130,389,9,6,Total,N/A,N/A,20861.14
1131,390,9,6,Total,N/A,N/A,20763.48
1132,391,9,6,Total,N/A,N/A,20185.33
1133,392,9,6,Total,N/A,N/A,19749.03
1134,393,9,6,Total,N/A,N/A,19856.61
1135,394,9,6,Total,N/A,N/A,19436.48
1136,395,9,6,Total,N/A,N/A,19167.93
1137,396,9,6,Total,N/A,N/A,19277.62
1138,397,9,6,Total,N/A,N/A,19516.96
1139,398,9,6,Total,N/A,N/A,19315.56
1140,399,9,6,Total,N/A,N/A,18926.36
1141,400,9,6,Total,N/A,N/A,18466.99
1142,385,10,6,Total,N/A,N/A,11508.69
1143,386,10,6,Total,N/A,N/A,11092.0
1144,387,10,6,Total,N/A,N/A,9437.8
1145,388,10,6,Total,N/A,N/A,8850.18
1146,389,10,6,Total,N/A,N/A,8793.55
1147,390,10,6,Total,N/A,N/A,8806.74
1148,391,10,6,Total,N/A,N/A,8504.67
1149,392,10,6,Total,N/A,N/A,7840.41
1150,393,10,6,Total,N/A,N/A,7283.78
1151,394,10,6,Total,N/A,N/A,7381.98
1152,395,10,6,Total,N/A,N/A,6623.23
1153,396,10,6,Total,N/A,N/A,6772.32
1154,397,10,6,Total,N/A,N/A,7529.64
1155,398,10,6,Total,N/A,N/A,7913.84
1156,399,10,6,Total,N/A,N/A,8186.66
1157,400,10,6,Total,N/A,N/A,8591.6
1158,385,11,6,Total,N/A,N/A,15384.0
1159,386,11,6,Total,N/A,N/A,14964.49
1160,387,11,6,Total,N/A,N/A,13717.53
1161,388,11,6,Total,N/A,N/A,13299.96
1162,389,11,6,Total,N/A,N/A,12845.75
1163,390,11,6,Total,N/A,N/A,12896.45
1164,391,11,6,Total,N/A,N/A,12491.9
1165,392,11,6,Total,N/A,N/A,11892.67
1166,393,11,6,Total,N/A,N/A,11609.2
1167,394,11,6,Total,N/A,N/A,11550.49
1168,395,11,6,Total,N/A,N/A,11127.36
1169,396,11,6,Total,N/A,N/A,11137.92
1170,397,11,6,Total,N/A,N/A,11577.26
1171,398,11,6,Total,N/A,N/A,11643.18
1172,399,11,6,Total,N/A,N/A,12144.18
1173,400,11,6,Total,N/A,N/A,12028.43
1174,385,12,6,Total,N/A,N/A,19803.97
1175,386,12,6,Total,N/A,N/A,19214.15
1176,387,12,6,Total,N/A,N/A,18179.7
1177,388,12,6,Total,N/A,N/A,17702.02
1178,389,12,6,Total,N/A,N/A,17379.17
1179,390,12,6,Total,N/A,N/A,17413.53
1180,391,12,6,Total,N/A,N/A,17223.25
1181,392,12,6,Total,N/A,N/A,16833.69
1182,393,12,6,Total,N/A,N/A,17025.12
1183,394,12,6,Total,N/A,N/A,16509.48
1184,395,12,6,Total,N/A,N/A,16405.41
1185,396,12,6,Total,N/A,N/A,16584.6
1186,397,12,6,Total,N/A,N/A,16487.68
1187,398,12,6,Total,N/A,N/A,15897.41
1188,399,12,6,Total,N/A,N/A,16229.38
1189,400,12,6,Total,N/A,N/A,15725.28
1190,385,9,7,Total,N/A,N/A,26568.7
1191,386,9,7,Total,N/A,N/A,25291.14
1192,387,9,7,Total,N/A,N/A,24470.7
1193,388,9,7,Total,N/A,N/A,23495.12
1194,389,9,7,Total,N/A,N/A,23347.52
1195,390,9,7,Total,N/A,N/A,22554.83
1196,391,9,7,Total,N/A,N/A,22390.4
1197,392,9,7,Total,N/A,N/A,22063.02
1198,393,9,7,Total,N/A,N/A,21856.81
1199,394,9,7,Total,N/A,N/A,21199.83
1200,395,9,7,Total,N/A,N/A,20052.12
1201,396,9,7,Total,N/A,N/A,20191.51
1202,397,9,7,Total,N/A,N/A,20931.68
1203,398,9,7,Total,N/A,N/A,21156.79
1204,399,9,7,Total,N/A,N/A,20869.86
1205,400,9,7,Total,N/A,N/A,20377.68
1206,385,10,7,Total,N/A,N/A,11806.49
1207,386,10,7,Total,N/A,N/A,10191.96
1208,387,10,7,Total,N/A,N/A,10041.26
1209,388,10,7,Total,N/A,N/A,9941.13
1210,389,10,7,Total,N/A,N/A,9362.49
1211,390,10,7,Total,N/A,N/A,8914.92
1212,391,10,7,Total,N/A,N/A,8844.61
1213,392,10,7,Total,N/A,N/A,8480.47
1214,393,10,7,Total,N/A,N/A,8085.88
1215,394,10,7,Total,N/A,N/A,7134.6
1216,395,10,7,Total,N/A,N/A,7566.98
1217,396,10,7,Total,N/A,N/A,7518.84
1218,397,10,7,Total,N/A,N/A,8082.61
1219,398,10,7,Total,N/A,N/A,8248.8
1220,399,10,7,Total,N/A,N/A,8209.95
1221,400,10,7,Total,N/A,N/A,8763.7
1222,385,11,7,Total,N/A,N/A,16803.37
1223,386,11,7,Total,N/A,N/A,15752.1
1224,387,11,7,Total,N/A,N/A,15089.14
1225,388,11,7,Total,N/A,N/A,14271.68
1226,389,11,7,Total,N/A,N/A,14433.6
1227,390,11,7,Total,N/A,N/A,14122.67
1228,391,11,7,Total,N/A,N/A,13534.85
1229,392,11,7,Total,N/A,N/A,12939.01
1230,393,11,7,Total,N/A,N/A,13443.74
1231,394,11,7,Total,N/A,N/A,12659.03
1232,395,11,7,Total,N/A,N/A,12336.9
1233,396,11,7,Total,N/A,N/A,12534.9
1234,397,11,7,Total,N/A,N/A,13222.5
1235,398,11,7,Total,N/A,N/A,13160.89
1236,399,11,7,Total,N/A,N/A,12899.82
1237,400,11,7,Total,N/A,N/A,13201.31
1238,385,12,7,Total,N/A,N/A,22628.22
1239,386,12,7,Total,N/A,N/A,21645.24
1240,387,12,7,Total,N/A,N/A,20871.86
1241,388,12,7,Total,N/A,N/A,20086.04
1242,389,12,7,Total,N/A,N/A,20114.15
1243,390,12,7,Total,N/A,N/A,18910.81
1244,391,12,7,Total,N/A,N/A,19092.46
1245,392,12,7,Total,N/A,N/A,18590.39
1246,393,12,7,Total,N/A,N/A,18861.3
1247,394,12,7,Total,N/A,N/A,18514.74
1248,395,12,7,Total,N/A,N/A,17632.21
1249,396,12,7,Total,N/A,N/A,17284.05
1250,397,12,7,Total,N/A,N/A,18023.05
1251,398,12,7,Total,N/A,N/A,18071.76
1252,399,12,7,Total,N/A,N/A,18002.19
1253,400,12,7,Total,N/A,N/A,17624.84
1254,385,9,8,Total,N/A,N/A,25227.03
1255,386,9,8,Total,N/A,N/A,24186.89
1256,387,9,8,Total,N/A,N/A,23564.33
1257,388,9,8,Total,N/A,N/A,22948.76
1258,389,9,8,Total,N/A,N/A,22061.44
1259,390,9,8,Total,N/A,N/A,22034.53
1260,391,9,8,Total,N/A,N/A,21846.88
1261,392,9,8,Total,N/A,N/A,21551.57
1262,393,9,8,Total,N/A,N/A,21296.1
1263,394,9,8,Total,N/A,N/A,20524.83
1264,395,9,8,Total,N/A,N/A,20440.56
1265,396,9,8,Total,N/A,N/A,20569.14
1266,397,9,8,Total,N/A,N/A,21029.37
1267,398,9,8,Total,N/A,N/A,20960.87
1268,399,9,8,Total,N/A,N/A,21037.13
1269,400,9,8,Total,N/A,N/A,20218.21
1270,385,10,8,Total,N/A,N/A,10762.99
1271,386,10,8,Total,N/A,N/A,9172.42
1272,387,10,8,Total,N/A,N/A,9144.4
1273,388,10,8,Total,N/A,N/A,8498.47
1274,389,10,8,Total,N/A,N/A,8772.96
1275,390,10,8,Total,N/A,N/A,8012.56
1276,391,10,8,Total,N/A,N/A,8450.96
1277,392,10,8,Total,N/A,N/A,8070.71
1278,393,10,8,Total,N/A,N/A,7992.37
1279,394,10,8,Total,N/A,N/A,7293.62
1280,395,10,8,Total,N/A,N/A,6898.27
1281,396,10,8,Total,N/A,N/A,6960.99
1282,397,10,8,Total,N/A,N/A,7779.75
1283,398,10,8,Total,N/A,N/A,7430.51
1284,399,10,8,Total,N/A,N/A,8736.0
1285,400,10,8,Total,N/A,N/A,8878.06
1286,385,11,8,Total,N/A,N/A,16396.95
1287,386,11,8,Total,N/A,N/A,15026.55
1288,387,11,8,Total,N/A,N/A,14778.12
1289,388,11,8,Total,N/A,N/A,14257.96
1290,389,11,8,Total,N/A,N/A,13706.79
1291,390,11,8,Total,N/A,N/A,13819.11
1292,391,11,8,Total,N/A,N/A,13426.68
1293,392,11,8,Total,N/A,N/A,13301.51
1294,393,11,8,Total,N/A,N/A,13117.8
1295,394,11,8,Total,N/A,N/A,12826.83
1296,395,11,8,Total,N/A,N/A,12370.71
1297,396,11,8,Total,N/A,N/A,12679.08
1298,397,11,8,Total,N/A,N/A,13282.54
1299,398,11,8,Total,N/A,N/A,12848.71
1300,399,11,8,Total,N/A,N/A,13087.83
1301,400,11,8,Total,N/A,N/A,12828.48
1302,385,12,8,Total,N/A,N/A,21766.05
1303,386,12,8,Total,N/A,N/A,20677.5
1304,387,12,8,Total,N/A,N/A,20343.86
1305,388,12,8,Total,N/A,N/A,19713.12
1306,389,12,8,Total,N/A,N/A,19152.61
1307,390,12,8,Total,N/A,N/A,19057.88
1308,391,12,8,Total,N/A,N/A,18672.47
1309,392,12,8,Total,N/A,N/A,18594.84
1310,393,12,8,Total,N/A,N/A,18381.52
1311,394,12,8,Total,N/A,N/A,17687.69
1312,395,12,8,Total,N/A,N/A,17557.96
1313,396,12,8,Total,N/A,N/A,17465.56
1314,397,12,8,Total,N/A,N/A,17971.26
1315,398,12,8,Total,N/A,N/A,17669.77
1316,399,12,8,Total,N/A,N/A,17577.2
1317,400,12,8,Total,N/A,N/A,17246.99
1318,385,9,9,Total,N/A,N/A,24885.63
1319,386,9,9,Total,N/A,N/A,23751.71
1320,387,9,9,Total,N/A,N/A,23234.55
1321,388,9,9,Total,N/A,N/A,22575.01
1322,389,9,9,Total,N/A,N/A,21908.92
1323,390,9,9,Total,N/A,N/A,21756.38
1324,391,9,9,Total,N/A,N/A,21033.32
1325,392,9,9,Total,N/A,N/A,20825.87
1326,393,9,9,Total,N/A,N/A,20670.55
1327,394,9,9,Total,N/A,N/A,20644.88
1328,395,9,9,Total,N/A,N/A,20630.07
1329,396,9,9,Total,N/A,N/A,20536.42
1330,397,9,9,Total,N/A,N/A,20664.9
1331,398,9,9,Total,N/A,N/A,20363.01
1332,399,9,9,Total,N/A,N/A,20228.79
1333,400,9,9,Total,N/A,N/A,19736.37
1334,385,10,9,Total,N/A,N/A,10942.33
1335,386,10,9,Total,N/A,N/A,9513.04
1336,387,10,9,Total,N/A,N/A,10196.09
1337,388,10,9,Total,N/A,N/A,9809.47
1338,389,10,9,Total,N/A,N/A,8380.32
1339,390,10,9,Total,N/A,N/A,8334.07
1340,391,10,9,Total,N/A,N/A,7860.36
1341,392,10,9,Total,N/A,N/A,7404.0
1342,393,10,9,Total,N/A,N/A,7292.25
1343,394,10,9,Total,N/A,N/A,7571.41
1344,395,10,9,Total,N/A,N/A,7545.12
1345,396,10,9,Total,N/A,N/A,7678.67
1346,397,10,9,Total,N/A,N/A,8133.07
1347,398,10,9,Total,N/A,N/A,8409.04
1348,399,10,9,Total,N/A,N/A,8084.76
1349,400,10,9,Total,N/A,N/A,8807.16
1350,385,11,9,Total,N/A,N/A,16200.0
1351,386,11,9,Total,N/A,N/A,15422.47
1352,387,11,9,Total,N/A,N/A,15102.21
1353,388,11,9,Total,N/A,N/A,14374.76
1354,389,11,9,Total,N/A,N/A,14268.7
1355,390,11,9,Total,N/A,N/A,13851.37
1356,391,11,9,Total,N/A,N/A,12959.57
1357,392,11,9,Total,N/A,N/A,12954.4
1358,393,11,9,Total,N/A,N/A,12932.13
1359,394,11,9,Total,N/A,N/A,13230.07
1360,395,11,9,Total,N/A,N/A,12921.49
1361,396,11,9,Total,N/A,N/A,12975.76
1362,397,11,9,Total,N/A,N/A,13503.19
1363,398,11,9,Total,N/A,N/A,13350.05
1364,399,11,9,Total,N/A,N/A,13267.84
1365,400,11,9,Total,N/A,N/A,12816.57
1366,385,12,9,Total,N/A,N/A,21071.33
1367,386,12,9,Total,N/A,N/A,20477.58
1368,387,12,9,Total,N/A,N/A,19671.51
1369,388,12,9,Total,N/A,N/A,18995.0
1370,389,12,9,Total,N/A,N/A,18618.9
1371,390,12,9,Total,N/A,N/A,18533.67
1372,391,12,9,Total,N/A,N/A,17735.19
1373,392,12,9,Total,N/A,N/A,17874.62
1374,393,12,9,Total,N/A,N/A,17741.88
1375,394,12,9,Total,N/A,N/A,17912.98
1376,395,12,9,Total,N/A,N/A,17443.75
1377,396,12,9,Total,N/A,N/A,17300.72
1378,397,12,9,Total,N/A,N/A,17850.54
1379,398,12,9,Total,N/A,N/A,17378.84
1380,399,12,9,Total,N/A,N/A,17069.99
1381,400,12,9,Total,N/A,N/A,16581.33
1382,385,9,10,Total,N/A,N/A,29978.69
1383,386,9,10,Total,N/A,N/A,28774.55
1384,387,9,10,Total,N/A,N/A,28145.02
1385,388,9,10,Total,N/A,N/A,27100.11
1386,389,9,10,Total,N/A,N/A,25968.2
1387,390,9,10,Total,N/A,N/A,25552.84
1388,391,9,10,Total,N/A,N/A,25180.45
1389,392,9,10,Total,N/A,N/A,24454.64
1390,393,9,10,Total,N/A,N/A,24321.57
1391,394,9,10,Total,N/A,N/A,23927.17
1392,395,9,10,Total,N/A,N/A,24253.73
1393,396,9,10,Total,N/A,N/A,24436.39
1394,397,9,10,Total,N/A,N/A,24499.32
1395,398,9,10,Total,N/A,N/A,24449.19
1396,399,9,10,Total,N/A,N/A,23851.31
1397,400,9,10,Total,N/A,N/A,23375.54
1398,385,10,10,Total,N/A,N/A,12169.08
1399,386,10,10,Total,N/A,N/A,10988.1
1400,387,10,10,Total,N/A,N/A,10898.33
1401,388,10,10,Total,N/A,N/A,10566.45
1402,389,10,10,Total,N/A,N/A,9541.39
1403,390,10,10,Total,N/A,N/A,8991.48
1404,391,10,10,Total,N/A,N/A,9176.86
1405,392,10,10,Total,N/A,N/A,8470.49
1406,393,10,10,Total,N/A,N/A,8246.79
1407,394,10,10,Total,N/A,N/A,7841.98
1408,395,10,10,Total,N/A,N/A,8068.64
1409,396,10,10,Total,N/A,N/A,8684.82
1410,397,10,10,Total,N/A,N/A,8870.68
1411,398,10,10,Total,N/A,N/A,9237.79
1412,399,10,10,Total,N/A,N/A,9246.15
1413,400,10,10,Total,N/A,N/A,9221.03
1414,385,11,10,Total,N/A,N/A,17737.92
1415,386,11,10,Total,N/A,N/A,16887.95
1416,387,11,10,Total,N/A,N/A,16355.41
1417,388,11,10,Total,N/A,N/A,15944.35
1418,389,11,10,Total,N/A,N/A,15374.55
1419,390,11,10,Total,N/A,N/A,15043.66
1420,391,11,10,Total,N/A,N/A,15053.96
1421,392,11,10,Total,N/A,N/A,14238.29
1422,393,11,10,Total,N/A,N/A,14345.12
1423,394,11,10,Total,N/A,N/A,14010.69
1424,395,11,10,Total,N/A,N/A,13986.96
1425,396,11,10,Total,N/A,N/A,14429.08
1426,397,11,10,Total,N/A,N/A,14411.74
1427,398,11,10,Total,N/A,N/A,14476.86
1428,399,11,10,Total,N/A,N/A,14465.39
1429,400,11,10,Total,N/A,N/A,14162.82
1430,385,12,10,Total,N/A,N/A,25826.11
1431,386,12,10,Total,N/A,N/A,24772.36
1432,387,12,10,Total,N/A,N/A,23962.36
1433,388,12,10,Total,N/A,N/A,23184.02
1434,389,12,10,Total,N/A,N/A,22319.4
1435,390,12,10,Total,N/A,N/A,22151.28
1436,391,12,10,Total,N/A,N/A,21719.75
1437,392,12,10,Total,N/A,N/A,21188.49
1438,393,12,10,Total,N/A,N/A,20972.14
1439,394,12,10,Total,N/A,N/A,20601.39
1440,395,12,10,Total,N/A,N/A,20763.38
1441,396,12,10,Total,N/A,N/A,20991.85
1442,397,12,10,Total,N/A,N/A,21249.33
1443,398,12,10,Total,N/A,N/A,20851.5
1444,399,12,10,Total,N/A,N/A,20633.92
1445,400,12,10,Total,N/A,N/A,19904.44
1446,385,9,11,Total,N/A,N/A,25632.37
1447,386,9,11,Total,N/A,N/A,24510.34
1448,387,9,11,Total,N/A,N/A,23448.29
1449,388,9,11,Total,N/A,N/A,22856.7
1450,389,9,11,Total,N/A,N/A,22045.66
1451,390,9,11,Total,N/A,N/A,22121.05
1452,391,9,11,Total,N/A,N/A,21362.39
1453,392,9,11,Total,N/A,N/A,21168.81
1454,393,9,11,Total,N/A,N/A,20935.41
1455,394,9,11,Total,N/A,N/A,20639.58
1456,395,9,11,Total,N/A,N/A,20878.02
1457,396,9,11,Total,N/A,N/A,21223.72
1458,397,9,11,Total,N/A,N/A,21316.34
1459,398,9,11,Total,N/A,N/A,20707.24
1460,399,9,11,Total,N/A,N/A,20489.79
1461,400,9,11,Total,N/A,N/A,19793.62
1462,385,10,11,Total,N/A,N/A,9891.63
1463,386,10,11,Total,N/A,N/A,10170.63
1464,387,10,11,Total,N/A,N/A,8499.99
1465,388,10,11,Total,N/A,N/A,8360.76
1466,389,10,11,Total,N/A,N/A,7705.15
1467,390,10,11,Total,N/A,N/A,7559.78
1468,391,10,11,Total,N/A,N/A,7265.78
1469,392,10,11,Total,N/A,N/A,7043.28
1470,393,10,11,Total,N/A,N/A,6897.32
1471,394,10,11,Total,N/A,N/A,6636.24
1472,395,10,11,Total,N/A,N/A,7283.51
1473,396,10,11,Total,N/A,N/A,7487.14
1474,397,10,11,Total,N/A,N/A,7747.32
1475,398,10,11,Total,N/A,N/A,7718.91
1476,399,10,11,Total,N/A,N/A,7612.14
1477,400,10,11,Total,N/A,N/A,8317.02
1478,385,11,11,Total,N/A,N/A,15936.16
1479,386,11,11,Total,N/A,N/A,15505.54
1480,387,11,11,Total,N/A,N/A,14127.59
1481,388,11,11,Total,N/A,N/A,13650.62
1482,389,11,11,Total,N/A,N/A,13231.62
1483,390,11,11,Total,N/A,N/A,13281.5
1484,391,11,11,Total,N/A,N/A,12865.12
1485,392,11,11,Total,N/A,N/A,12808.8
1486,393,11,11,Total,N/A,N/A,12428.28
1487,394,11,11,Total,N/A,N/A,12244.8
1488,395,11,11,Total,N/A,N/A,12362.83
1489,396,11,11,Total,N/A,N/A,12887.28
1490,397,11,11,Total,N/A,N/A,12977.23
1491,398,11,11,Total,N/A,N/A,12962.67
1492,399,11,11,Total,N/A,N/A,12850.38
1493,400,11,11,Total,N/A,N/A,12797.3
1494,385,12,11,Total,N/A,N/A,21610.74
1495,386,12,11,Total,N/A,N/A,20768.8
1496,387,12,11,Total,N/A,N/A,19842.63
1497,388,12,11,Total,N/A,N/A,19108.09
1498,389,12,11,Total,N/A,N/A,18650.01
1499,390,12,11,Total,N/A,N/A,18887.4
1500,391,12,11,Total,N/A,N/A,18310.86
1501,392,12,11,Total,N/A,N/A,18008.49
1502,393,12,11,Total,N/A,N/A,18000.0
1503,394,12,11,Total,N/A,N/A,17856.7
1504,395,12,11,Total,N/A,N/A,17865.28
1505,396,12,11,Total,N/A,N/A,18074.33
1506,397,12,11,Total,N/A,N/A,18137.57
1507,398,12,11,Total,N/A,N/A,17483.64
1508,399,12,11,Total,N/A,N/A,17429.24
1509,400,12,11,Total,N/A,N/A,16863.72
1510,385,9,12,Total,N/A,N/A,23684.22
1511,386,9,12,Total,N/A,N/A,21922.73
1512,387,9,12,Total,N/A,N/A,21393.01
1513,388,9,12,Total,N/A,N/A,20479.3
1514,389,9,12,Total,N/A,N/A,19940.68
1515,390,9,12,Total,N/A,N/A,19947.8
1516,391,9,12,Total,N/A,N/A,19672.4
1517,392,9,12,Total,N/A,N/A,19475.2
1518,393,9,12,Total,N/A,N/A,19564.49
1519,394,9,12,Total,N/A,N/A,19180.57
1520,395,9,12,Total,N/A,N/A,19129.72
1521,396,9,12,Total,N/A,N/A,19721.35
1522,397,9,12,Total,N/A,N/A,19879.46
1523,398,9,12,Total,N/A,N/A,19480.55
1524,399,9,12,Total,N/A,N/A,19099.56
1525,400,9,12,Total,N/A,N/A,18264.9
1526,385,10,12,Total,N/A,N/A,8727.75
1527,386,10,12,Total,N/A,N/A,8069.48
1528,387,10,12,Total,N/A,N/A,8107.82
1529,388,10,12,Total,N/A,N/A,7441.94
1530,389,10,12,Total,N/A,N/A,7452.2
1531,390,10,12,Total,N/A,N/A,6985.47
1532,391,10,12,Total,N/A,N/A,6224.16
1533,392,10,12,Total,N/A,N/A,6024.68
1534,393,10,12,Total,N/A,N/A,6069.2
1535,394,10,12,Total,N/A,N/A,6358.7
1536,395,10,12,Total,N/A,N/A,5700.69
1537,396,10,12,Total,N/A,N/A,7313.14
1538,397,10,12,Total,N/A,N/A,7654.8
1539,398,10,12,Total,N/A,N/A,7611.02
1540,399,10,12,Total,N/A,N/A,7871.95
1541,400,10,12,Total,N/A,N/A,8596.36
1542,385,11,12,Total,N/A,N/A,15121.7
1543,386,11,12,Total,N/A,N/A,14140.99
1544,387,11,12,Total,N/A,N/A,13542.22
1545,388,11,12,Total,N/A,N/A,13265.03
1546,389,11,12,Total,N/A,N/A,12701.76
1547,390,11,12,Total,N/A,N/A,12047.28
1548,391,11,12,Total,N/A,N/A,12219.53
1549,392,11,12,Total,N/A,N/A,11299.56
1550,393,11,12,Total,N/A,N/A,11730.48
1551,394,11,12,Total,N/A,N/A,11354.96
1552,395,11,12,Total,N/A,N/A,11637.2
1553,396,11,12,Total,N/A,N/A,12558.69
1554,397,11,12,Total,N/A,N/A,13060.18
1555,398,11,12,Total,N/A,N/A,12770.8
1556,399,11,12,Total,N/A,N/A,12624.0
1557,400,11,12,Total,N/A,N/A,12322.15
1558,385,12,12,Total,N/A,N/A,19918.08
1559,386,12,12,Total,N/A,N/A,18859.71
1560,387,12,12,Total,N/A,N/A,18146.41
1561,388,12,12,Total,N/A,N/A,17492.05
1562,389,12,12,Total,N/A,N/A,17110.33
1563,390,12,12,Total,N/A,N/A,17259.71
1564,391,12,12,Total,N/A,N/A,17166.32
1565,392,12,12,Total,N/A,N/A,16700.25
1566,393,12,12,Total,N/A,N/A,16836.63
1567,394,12,12,Total,N/A,N/A,16345.61
1568,395,12,12,Total,N/A,N/A,16635.96
1569,396,12,12,Total,N/A,N/A,16644.58
1570,397,12,12,Total,N/A,N/A,16805.45
1571,398,12,12,Total,N/A,N/A,16122.46
1572,399,12,12,Total,N/A,N/A,16300.34
1573,400,12,12,Total,N/A,N/A,15528.87
1574,385,9,13,Total,N/A,N/A,25279.15
1575,386,9,13,Total,N/A,N/A,24169.68
1576,387,9,13,Total,N/A,N/A,23305.86
1577,388,9,13,Total,N/A,N/A,22834.66
1578,389,9,13,Total,N/A,N/A,22177.4
1579,390,9,13,Total,N/A,N/A,22244.59
1580,391,9,13,Total,N/A,N/A,21605.88
1581,392,9,13,Total,N/A,N/A,21082.12
1582,393,9,13,Total,N/A,N/A,20624.55
1583,394,9,13,Total,N/A,N/A,20195.89
1584,395,9,13,Total,N/A,N/A,19824.66
1585,396,9,13,Total,N/A,N/A,19389.2
1586,397,9,13,Total,N/A,N/A,19970.29
1587,398,9,13,Total,N/A,N/A,20241.99
1588,399,9,13,Total,N/A,N/A,19806.66
1589,400,9,13,Total,N/A,N/A,19156.41
1590,385,10,13,Total,N/A,N/A,11344.31
1591,386,10,13,Total,N/A,N/A,9755.28
1592,387,10,13,Total,N/A,N/A,10065.82
1593,388,10,13,Total,N/A,N/A,9009.15
1594,389,10,13,Total,N/A,N/A,8824.97
1595,390,10,13,Total,N/A,N/A,8568.76
1596,391,10,13,Total,N/A,N/A,8588.31
1597,392,10,13,Total,N/A,N/A,8161.71
1598,393,10,13,Total,N/A,N/A,8028.43
1599,394,10,13,Total,N/A,N/A,7736.9
1600,395,10,13,Total,N/A,N/A,7763.16
1601,396,10,13,Total,N/A,N/A,7815.32
1602,397,10,13,Total,N/A,N/A,8287.56
1603,398,10,13,Total,N/A,N/A,8828.16
1604,399,10,13,Total,N/A,N/A,8742.56
1605,400,10,13,Total,N/A,N/A,8400.0
1606,385,11,13,Total,N/A,N/A,16168.2
1607,386,11,13,Total,N/A,N/A,15318.52
1608,387,11,13,Total,N/A,N/A,14491.19
1609,388,11,13,Total,N/A,N/A,14084.57
1610,389,11,13,Total,N/A,N/A,13991.27
1611,390,11,13,Total,N/A,N/A,13679.88
1612,391,11,13,Total,N/A,N/A,13571.11
1613,392,11,13,Total,N/A,N/A,13136.33
1614,393,11,13,Total,N/A,N/A,13199.46
1615,394,11,13,Total,N/A,N/A,12629.69
1616,395,11,13,Total,N/A,N/A,12815.14
1617,396,11,13,Total,N/A,N/A,12718.73
1618,397,11,13,Total,N/A,N/A,12962.34
1619,398,11,13,Total,N/A,N/A,13025.44
1620,399,11,13,Total,N/A,N/A,12730.61
1621,400,11,13,Total,N/A,N/A,12293.82
1622,385,12,13,Total,N/A,N/A,21775.07
1623,386,12,13,Total,N/A,N/A,20497.55
1624,387,12,13,Total,N/A,N/A,19880.64
1625,388,12,13,Total,N/A,N/A,19389.46
1626,389,12,13,Total,N/A,N/A,18813.49
1627,390,12,13,Total,N/A,N/A,18600.0
1628,391,12,13,Total,N/A,N/A,18529.26
1629,392,12,13,Total,N/A,N/A,18146.24
1630,393,12,13,Total,N/A,N/A,17599.99
1631,394,12,13,Total,N/A,N/A,17379.48
1632,395,12,13,Total,N/A,N/A,17187.12
1633,396,12,13,Total,N/A,N/A,16632.45
1634,397,12,13,Total,N/A,N/A,16873.88
1635,398,12,13,Total,N/A,N/A,17216.32
1636,399,12,13,Total,N/A,N/A,16569.15
1637,400,12,13,Total,N/A,N/A,16150.71
1638,385,9,14,Total,N/A,N/A,32219.6
1639,386,9,14,Total,N/A,N/A,31230.73
1640,387,9,14,Total,N/A,N/A,29512.58
1641,388,9,14,Total,N/A,N/A,28829.06
1642,389,9,14,Total,N/A,N/A,27817.76
1643,390,9,14,Total,N/A,N/A,27010.93
1644,391,9,14,Total,N/A,N/A,27089.12
1645,392,9,14,Total,N/A,N/A,26330.14
1646,393,9,14,Total,N/A,N/A,26448.04
1647,394,9,14,Total,N/A,N/A,26570.35
1648,395,9,14,Total,N/A,N/A,26215.36
1649,396,9,14,Total,N/A,N/A,26044.39
1650,397,9,14,Total,N/A,N/A,25845.2
1651,398,9,14,Total,N/A,N/A,25988.95
1652,399,9,14,Total,N/A,N/A,25860.65
1653,400,9,14,Total,N/A,N/A,25269.61
1654,385,10,14,Total,N/A,N/A,13160.0
1655,386,10,14,Total,N/A,N/A,12432.75
1656,387,10,14,Total,N/A,N/A,11769.4
1657,388,10,14,Total,N/A,N/A,11402.18
1658,389,10,14,Total,N/A,N/A,10063.68
1659,390,10,14,Total,N/A,N/A,9396.89
1660,391,10,14,Total,N/A,N/A,9920.36
1661,392,10,14,Total,N/A,N/A,9619.78
1662,393,10,14,Total,N/A,N/A,9165.01
1663,394,10,14,Total,N/A,N/A,8862.52
1664,395,10,14,Total,N/A,N/A,8884.58
1665,396,10,14,Total,N/A,N/A,9154.8
1666,397,10,14,Total,N/A,N/A,9307.05
1667,398,10,14,Total,N/A,N/A,10101.07
1668,399,10,14,Total,N/A,N/A,9773.58
1669,400,10,14,Total,N/A,N/A,9715.01
1670,385,11,14,Total,N/A,N/A,17938.54
1671,386,11,14,Total,N/A,N/A,17085.48
1672,387,11,14,Total,N/A,N/A,16463.53
1673,388,11,14,Total,N/A,N/A,15709.73
1674,389,11,14,Total,N/A,N/A,15070.7
1675,390,11,14,Total,N/A,N/A,14732.73
1676,391,11,14,Total,N/A,N/A,14697.3
1677,392,11,14,Total,N/A,N/A,14263.26
1678,393,11,14,Total,N/A,N/A,14359.3
1679,394,11,14,Total,N/A,N/A,14275.72
1680,395,11,14,Total,N/A,N/A,14117.55
1681,396,11,14,Total,N/A,N/A,14323.48
1682,397,11,14,Total,N/A,N/A,14192.74
1683,398,11,14,Total,N/A,N/A,14604.68
1684,399,11,14,Total,N/A,N/A,14205.96
1685,400,11,14,Total,N/A,N/A,13915.75
1686,385,12,14,Total,N/A,N/A,26100.08
1687,386,12,14,Total,N/A,N/A,25203.47
1688,387,12,14,Total,N/A,N/A,24090.61
1689,388,12,14,Total,N/A,N/A,23231.04
1690,389,12,14,Total,N/A,N/A,22262.74
1691,390,12,14,Total,N/A,N/A,21477.88
1692,391,12,14,Total,N/A,N/A,21608.08
1693,392,12,14,Total,N/A,N/A,21165.0
1694,393,12,14,Total,N/A,N/A,21307.78
1695,394,12,14,Total,N/A,N/A,21579.38
1696,395,12,14,Total,N/A,N/A,21273.89
1697,396,12,14,Total,N/A,N/A,21418.48
1698,397,12,14,Total,N/A,N/A,21045.69
1699,398,12,14,Total,N/A,N/A,21319.25
1700,399,12,14,Total,N/A,N/A,20712.42
1701,400,12,14,Total,N/A,N/A,20269.59
1702,385,9,15,Total,N/A,N/A,25329.87
1703,386,9,15,Total,N/A,N/A,23851.69
1704,387,9,15,Total,N/A,N/A,23281.39
1705,388,9,15,Total,N/A,N/A,22919.62
1706,389,9,15,Total,N/A,N/A,22123.99
1707,390,9,15,Total,N/A,N/A,21510.59
1708,391,9,15,Total,N/A,N/A,21309.22
1709,392,9,15,Total,N/A,N/A,21242.5
1710,393,9,15,Total,N/A,N/A,20928.98
1711,394,9,15,Total,N/A,N/A,20717.07
1712,395,9,15,Total,N/A,N/A,20449.83
1713,396,9,15,Total,N/A,N/A,20682.01
1714,397,9,15,Total,N/A,N/A,21077.49
1715,398,9,15,Total,N/A,N/A,20863.37
1716,399,9,15,Total,N/A,N/A,20430.4
1717,400,9,15,Total,N/A,N/A,18911.75
1718,385,10,15,Total,N/A,N/A,10202.36
1719,386,10,15,Total,N/A,N/A,10017.7
1720,387,10,15,Total,N/A,N/A,9848.06
1721,388,10,15,Total,N/A,N/A,9150.06
1722,389,10,15,Total,N/A,N/A,8938.21
1723,390,10,15,Total,N/A,N/A,7812.2
1724,391,10,15,Total,N/A,N/A,7736.02
1725,392,10,15,Total,N/A,N/A,7567.09
1726,393,10,15,Total,N/A,N/A,7000.71
1727,394,10,15,Total,N/A,N/A,6893.23
1728,395,10,15,Total,N/A,N/A,6788.11
1729,396,10,15,Total,N/A,N/A,6926.64
1730,397,10,15,Total,N/A,N/A,7689.32
1731,398,10,15,Total,N/A,N/A,7481.65
1732,399,10,15,Total,N/A,N/A,7907.43
1733,400,10,15,Total,N/A,N/A,7895.09
1734,385,11,15,Total,N/A,N/A,15337.92
1735,386,11,15,Total,N/A,N/A,14182.58
1736,387,11,15,Total,N/A,N/A,13957.39
1737,388,11,15,Total,N/A,N/A,13433.11
1738,389,11,15,Total,N/A,N/A,13402.47
1739,390,11,15,Total,N/A,N/A,12970.44
1740,391,11,15,Total,N/A,N/A,12970.82
1741,392,11,15,Total,N/A,N/A,12265.37
1742,393,11,15,Total,N/A,N/A,12402.24
1743,394,11,15,Total,N/A,N/A,12437.58
1744,395,11,15,Total,N/A,N/A,11717.17
1745,396,11,15,Total,N/A,N/A,12444.96
1746,397,11,15,Total,N/A,N/A,12531.12
1747,398,11,15,Total,N/A,N/A,12589.39
1748,399,11,15,Total,N/A,N/A,12492.0
1749,400,11,15,Total,N/A,N/A,12270.02
1750,385,12,15,Total,N/A,N/A,21155.77
1751,386,12,15,Total,N/A,N/A,19903.52
1752,387,12,15,Total,N/A,N/A,19550.44
1753,388,12,15,Total,N/A,N/A,19377.52
1754,389,12,15,Total,N/A,N/A,18519.9
1755,390,12,15,Total,N/A,N/A,18641.49
1756,391,12,15,Total,N/A,N/A,18004.27
1757,392,12,15,Total,N/A,N/A,17551.8
1758,393,12,15,Total,N/A,N/A,17669.43
1759,394,12,15,Total,N/A,N/A,17459.44
1760,395,12,15,Total,N/A,N/A,17401.72
1761,396,12,15,Total,N/A,N/A,17650.5
1762,397,12,15,Total,N/A,N/A,17783.88
1763,398,12,15,Total,N/A,N/A,17436.29
1764,399,12,15,Total,N/A,N/A,17243.78
1765,400,12,15,Total,N/A,N/A,16321.96
1766,385,9,16,Total,N/A,N/A,31199.66
1767,386,9,16,Total,N/A,N/A,29189.52
1768,387,9,16,Total,N/A,N/A,28459.37
1769,388,9,16,Total,N/A,N/A,27995.96
1770,389,9,16,Total,N/A,N/A,27493.93
1771,390,9,16,Total,N/A,N/A,26364.75
1772,391,9,16,Total,N/A,N/A,26329.79
1773,392,9,16,Total,N/A,N/A,25468.38
1774,393,9,16,Total,N/A,N/A,24863.98
1775,394,9,16,Total,N/A,N/A,24700.78
1776,395,9,16,Total,N/A,N/A,23836.93
1777,396,9,16,Total,N/A,N/A,23784.38
1778,397,9,16,Total,N/A,N/A,24384.92
1779,398,9,16,Total,N/A,N/A,23824.88
1780,399,9,16,Total,N/A,N/A,23657.71
1781,400,9,16,Total,N/A,N/A,23342.74
1782,385,10,16,Total,N/A,N/A,13679.3
1783,386,10,16,Total,N/A,N/A,11415.73
1784,387,10,16,Total,N/A,N/A,11359.48
1785,388,10,16,Total,N/A,N/A,10536.13
1786,389,10,16,Total,N/A,N/A,10070.98
1787,390,10,16,Total,N/A,N/A,10548.78
1788,391,10,16,Total,N/A,N/A,10059.23
1789,392,10,16,Total,N/A,N/A,9390.12
1790,393,10,16,Total,N/A,N/A,8720.64
1791,394,10,16,Total,N/A,N/A,9363.55
1792,395,10,16,Total,N/A,N/A,8114.18
1793,396,10,16,Total,N/A,N/A,8228.46
1794,397,10,16,Total,N/A,N/A,8950.65
1795,398,10,16,Total,N/A,N/A,9104.65
1796,399,10,16,Total,N/A,N/A,8553.84
1797,400,10,16,Total,N/A,N/A,9036.69
1798,385,11,16,Total,N/A,N/A,20426.31
1799,386,11,16,Total,N/A,N/A,19042.79
1800,387,11,16,Total,N/A,N/A,18302.83
1801,388,11,16,Total,N/A,N/A,17908.53
1802,389,11,16,Total,N/A,N/A,17770.64
1803,390,11,16,Total,N/A,N/A,17607.97
1804,391,11,16,Total,N/A,N/A,16530.41
1805,392,11,16,Total,N/A,N/A,15700.74
1806,393,11,16,Total,N/A,N/A,15145.36
1807,394,11,16,Total,N/A,N/A,15725.64
1808,395,11,16,Total,N/A,N/A,14543.12
1809,396,11,16,Total,N/A,N/A,15083.7
1810,397,11,16,Total,N/A,N/A,15921.13
1811,398,11,16,Total,N/A,N/A,15233.56
1812,399,11,16,Total,N/A,N/A,16032.66
1813,400,11,16,Total,N/A,N/A,15445.79
1814,385,12,16,Total,N/A,N/A,28145.42
1815,386,12,16,Total,N/A,N/A,26334.35
1816,387,12,16,Total,N/A,N/A,25606.09
1817,388,12,16,Total,N/A,N/A,25211.89
1818,389,12,16,Total,N/A,N/A,24978.02
1819,390,12,16,Total,N/A,N/A,23602.88
1820,391,12,16,Total,N/A,N/A,23450.74
1821,392,12,16,Total,N/A,N/A,22578.2
1822,393,12,16,Total,N/A,N/A,22423.62
1823,394,12,16,Total,N/A,N/A,22258.27
1824,395,12,16,Total,N/A,N/A,21360.9
1825,396,12,16,Total,N/A,N/A,21476.76
1826,397,12,16,Total,N/A,N/A,22511.4
1827,398,12,16,Total,N/A,N/A,21633.28
1828,399,12,16,Total,N/A,N/A,21482.41
1829,400,12,16,Total,N/A,N/A,21369.54
1830,385,9,17,Total,N/A,N/A,33504.92
1831,386,9,17,Total,N/A,N/A,32313.73
1832,387,9,17,Total,N/A,N/A,31063.68
1833,388,9,17,Total,N/A,N/A,30224.16
1834,389,9,17,Total,N/A,N/A,29476.21
1835,390,9,17,Total,N/A,N/A,28470.94
1836,391,9,17,Total,N/A,N/A,28204.49
1837,392,9,17,Total,N/A,N/A,27480.71
1838,393,9,17,Total,N/A,N/A,27571.31
1839,394,9,17,Total,N/A,N/A,27786.57
1840,395,9,17,Total,N/A,N/A,26915.07
1841,396,9,17,Total,N/A,N/A,26535.61
1842,397,9,17,Total,N/A,N/A,26370.36
1843,398,9,17,Total,N/A,N/A,26593.7
1844,399,9,17,Total,N/A,N/A,26162.45
1845,400,9,17,Total,N/A,N/A,25547.13
1846,385,10,17,Total,N/A,N/A,13616.19
1847,386,10,17,Total,N/A,N/A,12609.48
1848,387,10,17,Total,N/A,N/A,12481.42
1849,388,10,17,Total,N/A,N/A,11578.19
1850,389,10,17,Total,N/A,N/A,10754.04
1851,390,10,17,Total,N/A,N/A,9824.86
1852,391,10,17,Total,N/A,N/A,10126.72
1853,392,10,17,Total,N/A,N/A,9549.97
1854,393,10,17,Total,N/A,N/A,9876.0
1855,394,10,17,Total,N/A,N/A,9087.11
1856,395,10,17,Total,N/A,N/A,9397.69
1857,396,10,17,Total,N/A,N/A,9057.48
1858,397,10,17,Total,N/A,N/A,9596.42
1859,398,10,17,Total,N/A,N/A,9725.86
1860,399,10,17,Total,N/A,N/A,10248.5
1861,400,10,17,Total,N/A,N/A,9996.0
1862,385,11,17,Total,N/A,N/A,20646.01
1863,386,11,17,Total,N/A,N/A,19177.0
1864,387,11,17,Total,N/A,N/A,19000.72
1865,388,11,17,Total,N/A,N/A,18460.05
1866,389,11,17,Total,N/A,N/A,17686.0
1867,390,11,17,Total,N/A,N/A,16813.31
1868,391,11,17,Total,N/A,N/A,16997.0
1869,392,11,17,Total,N/A,N/A,16233.05
1870,393,11,17,Total,N/A,N/A,16617.8
1871,394,11,17,Total,N/A,N/A,16780.23
1872,395,11,17,Total,N/A,N/A,15951.23
1873,396,11,17,Total,N/A,N/A,16379.11
1874,397,11,17,Total,N/A,N/A,16552.0
1875,398,11,17,Total,N/A,N/A,16544.33
1876,399,11,17,Total,N/A,N/A,16400.34
1877,400,11,17,Total,N/A,N/A,15984.69
1878,385,12,17,Total,N/A,N/A,30190.8
1879,386,12,17,Total,N/A,N/A,28857.03
1880,387,12,17,Total,N/A,N/A,27884.0
1881,388,12,17,Total,N/A,N/A,26788.95
1882,389,12,17,Total,N/A,N/A,26104.0
1883,390,12,17,Total,N/A,N/A,25427.64
1884,391,12,17,Total,N/A,N/A,25584.0
1885,392,12,17,Total,N/A,N/A,24939.0
1886,393,12,17,Total,N/A,N/A,25171.7
1887,394,12,17,Total,N/A,N/A,25600.93
1888,395,12,17,Total,N/A,N/A,23728.74
1889,396,12,17,Total,N/A,N/A,23974.14
1890,397,12,17,Total,N/A,N/A,24197.46
1891,398,12,17,Total,N/A,N/A,23799.14
1892,399,12,17,Total,N/A,N/A,23855.99
1893,400,12,17,Total,N/A,N/A,23143.68
1894,385,9,18,Total,N/A,N/A,26319.06
1895,386,9,18,Total,N/A,N/A,24903.38
1896,387,9,18,Total,N/A,N/A,23716.88
1897,388,9,18,Total,N/A,N/A,23292.63
1898,389,9,18,Total,N/A,N/A,22877.13
1899,390,9,18,Total,N/A,N/A,22641.17
1900,391,9,18,Total,N/A,N/A,22234.21
1901,392,9,18,Total,N/A,N/A,21999.02
1902,393,9,18,Total,N/A,N/A,21756.79
1903,394,9,18,Total,N/A,N/A,21954.1
1904,395,9,18,Total,N/A,N/A,20628.81
1905,396,9,18,Total,N/A,N/A,20346.24
1906,397,9,18,Total,N/A,N/A,20996.76
1907,398,9,18,Total,N/A,N/A,21035.86
1908,399,9,18,Total,N/A,N/A,21179.93
1909,400,9,18,Total,N/A,N/A,20674.16
1910,385,10,18,Total,N/A,N/A,11829.18
1911,386,10,18,Total,N/A,N/A,9750.51
1912,387,10,18,Total,N/A,N/A,9764.83
1913,388,10,18,Total,N/A,N/A,9347.79
1914,389,10,18,Total,N/A,N/A,8516.62
1915,390,10,18,Total,N/A,N/A,8801.47
1916,391,10,18,Total,N/A,N/A,8389.56
1917,392,10,18,Total,N/A,N/A,8116.12
1918,393,10,18,Total,N/A,N/A,7519.28
1919,394,10,18,Total,N/A,N/A,7937.79
1920,395,10,18,Total,N/A,N/A,7139.23
1921,396,10,18,Total,N/A,N/A,7539.29
1922,397,10,18,Total,N/A,N/A,8163.78
1923,398,10,18,Total,N/A,N/A,8196.91
1924,399,10,18,Total,N/A,N/A,8803.96
1925,400,10,18,Total,N/A,N/A,8604.54
1926,385,11,18,Total,N/A,N/A,17209.84
1927,386,11,18,Total,N/A,N/A,15502.44
1928,387,11,18,Total,N/A,N/A,15016.92
1929,388,11,18,Total,N/A,N/A,14649.98
1930,389,11,18,Total,N/A,N/A,14235.4
1931,390,11,18,Total,N/A,N/A,14275.96
1932,391,11,18,Total,N/A,N/A,13717.73
1933,392,11,18,Total,N/A,N/A,13830.08
1934,393,11,18,Total,N/A,N/A,13817.14
1935,394,11,18,Total,N/A,N/A,14027.8
1936,395,11,18,Total,N/A,N/A,12762.86
1937,396,11,18,Total,N/A,N/A,12728.06
1938,397,11,18,Total,N/A,N/A,13390.08
1939,398,11,18,Total,N/A,N/A,13360.5
1940,399,11,18,Total,N/A,N/A,14194.56
1941,400,11,18,Total,N/A,N/A,13771.38
1942,385,12,18,Total,N/A,N/A,23156.34
1943,386,12,18,Total,N/A,N/A,22041.59
1944,387,12,18,Total,N/A,N/A,20930.21
1945,388,12,18,Total,N/A,N/A,20432.36
1946,389,12,18,Total,N/A,N/A,19944.0
1947,390,12,18,Total,N/A,N/A,19995.84
1948,391,12,18,Total,N/A,N/A,19539.48
1949,392,12,18,Total,N/A,N/A,19507.74
1950,393,12,18,Total,N/A,N/A,19136.19
1951,394,12,18,Total,N/A,N/A,19049.29
1952,395,12,18,Total,N/A,N/A,17764.74
1953,396,12,18,Total,N/A,N/A,17897.06
1954,397,12,18,Total,N/A,N/A,18615.48
1955,398,12,18,Total,N/A,N/A,18632.33
1956,399,12,18,Total,N/A,N/A,18562.9
1957,400,12,18,Total,N/A,N/A,17826.9
1958,385,9,1,Mujeres,N/A,N/A,25591.31
1959,386,9,1,Mujeres,N/A,N/A,24359.82
1960,387,9,1,Mujeres,N/A,N/A,23175.95
1961,388,9,1,Mujeres,N/A,N/A,22467.48
1962,389,9,1,Mujeres,N/A,N/A,21682.02
1963,390,9,1,Mujeres,N/A,N/A,21011.89
1964,391,9,1,Mujeres,N/A,N/A,20607.85
1965,392,9,1,Mujeres,N/A,N/A,20131.41
1966,393,9,1,Mujeres,N/A,N/A,20051.58
1967,394,9,1,Mujeres,N/A,N/A,19744.82
1968,395,9,1,Mujeres,N/A,N/A,19514.58
1969,396,9,1,Mujeres,N/A,N/A,19537.33
1970,397,9,1,Mujeres,N/A,N/A,19767.59
1971,398,9,1,Mujeres,N/A,N/A,19735.22
1972,399,9,1,Mujeres,N/A,N/A,19502.02
1973,400,9,1,Mujeres,N/A,N/A,18910.62
1974,385,10,1,Mujeres,N/A,N/A,9421.49
1975,386,10,1,Mujeres,N/A,N/A,8732.51
1976,387,10,1,Mujeres,N/A,N/A,8329.95
1977,388,10,1,Mujeres,N/A,N/A,7837.68
1978,389,10,1,Mujeres,N/A,N/A,7416.44
1979,390,10,1,Mujeres,N/A,N/A,6958.16
1980,391,10,1,Mujeres,N/A,N/A,7161.93
1981,392,10,1,Mujeres,N/A,N/A,6808.88
1982,393,10,1,Mujeres,N/A,N/A,6630.92
1983,394,10,1,Mujeres,N/A,N/A,6205.32
1984,395,10,1,Mujeres,N/A,N/A,6457.78
1985,396,10,1,Mujeres,N/A,N/A,6750.12
1986,397,10,1,Mujeres,N/A,N/A,6996.22
1987,398,10,1,Mujeres,N/A,N/A,7001.27
1988,399,10,1,Mujeres,N/A,N/A,7027.1
1989,400,10,1,Mujeres,N/A,N/A,7088.36
1990,385,11,1,Mujeres,N/A,N/A,14977.44
1991,386,11,1,Mujeres,N/A,N/A,14094.78
1992,387,11,1,Mujeres,N/A,N/A,13369.98
1993,388,11,1,Mujeres,N/A,N/A,12781.59
1994,389,11,1,Mujeres,N/A,N/A,12403.36
1995,390,11,1,Mujeres,N/A,N/A,11617.31
1996,391,11,1,Mujeres,N/A,N/A,11567.75
1997,392,11,1,Mujeres,N/A,N/A,11129.97
1998,393,11,1,Mujeres,N/A,N/A,10993.54
1999,394,11,1,Mujeres,N/A,N/A,10900.7
2000,395,11,1,Mujeres,N/A,N/A,10801.94
2001,396,11,1,Mujeres,N/A,N/A,11153.94
2002,397,11,1,Mujeres,N/A,N/A,11376.86
2003,398,11,1,Mujeres,N/A,N/A,11462.43
2004,399,11,1,Mujeres,N/A,N/A,11324.09
2005,400,11,1,Mujeres,N/A,N/A,11038.28
2006,385,12,1,Mujeres,N/A,N/A,21177.99
2007,386,12,1,Mujeres,N/A,N/A,20045.68
2008,387,12,1,Mujeres,N/A,N/A,19162.47
2009,388,12,1,Mujeres,N/A,N/A,18556.68
2010,389,12,1,Mujeres,N/A,N/A,17961.93
2011,390,12,1,Mujeres,N/A,N/A,17467.43
2012,391,12,1,Mujeres,N/A,N/A,17214.6
2013,392,12,1,Mujeres,N/A,N/A,16831.58
2014,393,12,1,Mujeres,N/A,N/A,16825.11
2015,394,12,1,Mujeres,N/A,N/A,16771.32
2016,395,12,1,Mujeres,N/A,N/A,16452.43
2017,396,12,1,Mujeres,N/A,N/A,16524.51
2018,397,12,1,Mujeres,N/A,N/A,16796.41
2019,398,12,1,Mujeres,N/A,N/A,16536.1
2020,399,12,1,Mujeres,N/A,N/A,16433.14
2021,400,12,1,Mujeres,N/A,N/A,15886.02
2022,385,9,2,Mujeres,N/A,N/A,22714.95
2023,386,9,2,Mujeres,N/A,N/A,21729.48
2024,387,9,2,Mujeres,N/A,N/A,20427.8
2025,388,9,2,Mujeres,N/A,N/A,19517.52
2026,389,9,2,Mujeres,N/A,N/A,19391.52
2027,390,9,2,Mujeres,N/A,N/A,18672.11
2028,391,9,2,Mujeres,N/A,N/A,18287.29
2029,392,9,2,Mujeres,N/A,N/A,18177.37
2030,393,9,2,Mujeres,N/A,N/A,18340.96
2031,394,9,2,Mujeres,N/A,N/A,17576.13
2032,395,9,2,Mujeres,N/A,N/A,17690.19
2033,396,9,2,Mujeres,N/A,N/A,17828.44
2034,397,9,2,Mujeres,N/A,N/A,18389.21
2035,398,9,2,Mujeres,N/A,N/A,17921.33
2036,399,9,2,Mujeres,N/A,N/A,18371.23
2037,400,9,2,Mujeres,N/A,N/A,17298.33
2038,385,10,2,Mujeres,N/A,N/A,8691.3
2039,386,10,2,Mujeres,N/A,N/A,8029.15
2040,387,10,2,Mujeres,N/A,N/A,7549.7
2041,388,10,2,Mujeres,N/A,N/A,6702.68
2042,389,10,2,Mujeres,N/A,N/A,6532.82
2043,390,10,2,Mujeres,N/A,N/A,6143.88
2044,391,10,2,Mujeres,N/A,N/A,6598.44
2045,392,10,2,Mujeres,N/A,N/A,6077.43
2046,393,10,2,Mujeres,N/A,N/A,6117.82
2047,394,10,2,Mujeres,N/A,N/A,5014.88
2048,395,10,2,Mujeres,N/A,N/A,5975.64
2049,396,10,2,Mujeres,N/A,N/A,6335.14
2050,397,10,2,Mujeres,N/A,N/A,6168.16
2051,398,10,2,Mujeres,N/A,N/A,6184.5
2052,399,10,2,Mujeres,N/A,N/A,6261.59
2053,400,10,2,Mujeres,N/A,N/A,6275.09
2054,385,11,2,Mujeres,N/A,N/A,13092.45
2055,386,11,2,Mujeres,N/A,N/A,12385.05
2056,387,11,2,Mujeres,N/A,N/A,11828.88
2057,388,11,2,Mujeres,N/A,N/A,10942.79
2058,389,11,2,Mujeres,N/A,N/A,10818.08
2059,390,11,2,Mujeres,N/A,N/A,9780.75
2060,391,11,2,Mujeres,N/A,N/A,9907.8
2061,392,11,2,Mujeres,N/A,N/A,9826.35
2062,393,11,2,Mujeres,N/A,N/A,9714.12
2063,394,11,2,Mujeres,N/A,N/A,9096.52
2064,395,11,2,Mujeres,N/A,N/A,9184.41
2065,396,11,2,Mujeres,N/A,N/A,9926.27
2066,397,11,2,Mujeres,N/A,N/A,9858.12
2067,398,11,2,Mujeres,N/A,N/A,9967.4
2068,399,11,2,Mujeres,N/A,N/A,10054.28
2069,400,11,2,Mujeres,N/A,N/A,9859.25
2070,385,12,2,Mujeres,N/A,N/A,18151.97
2071,386,12,2,Mujeres,N/A,N/A,17692.39
2072,387,12,2,Mujeres,N/A,N/A,16516.76
2073,388,12,2,Mujeres,N/A,N/A,15743.42
2074,389,12,2,Mujeres,N/A,N/A,15977.45
2075,390,12,2,Mujeres,N/A,N/A,15392.05
2076,391,12,2,Mujeres,N/A,N/A,15368.02
2077,392,12,2,Mujeres,N/A,N/A,15203.96
2078,393,12,2,Mujeres,N/A,N/A,15295.34
2079,394,12,2,Mujeres,N/A,N/A,15044.26
2080,395,12,2,Mujeres,N/A,N/A,15029.15
2081,396,12,2,Mujeres,N/A,N/A,15480.07
2082,397,12,2,Mujeres,N/A,N/A,15578.41
2083,398,12,2,Mujeres,N/A,N/A,14845.01
2084,399,12,2,Mujeres,N/A,N/A,15963.82
2085,400,12,2,Mujeres,N/A,N/A,15137.4
2086,385,9,3,Mujeres,N/A,N/A,23925.28
2087,386,9,3,Mujeres,N/A,N/A,23138.72
2088,387,9,3,Mujeres,N/A,N/A,22283.81
2089,388,9,3,Mujeres,N/A,N/A,21365.11
2090,389,9,3,Mujeres,N/A,N/A,20360.25
2091,390,9,3,Mujeres,N/A,N/A,20074.25
2092,391,9,3,Mujeres,N/A,N/A,19677.22
2093,392,9,3,Mujeres,N/A,N/A,18766.21
2094,393,9,3,Mujeres,N/A,N/A,18950.17
2095,394,9,3,Mujeres,N/A,N/A,18764.63
2096,395,9,3,Mujeres,N/A,N/A,18701.61
2097,396,9,3,Mujeres,N/A,N/A,18042.28
2098,397,9,3,Mujeres,N/A,N/A,18831.38
2099,398,9,3,Mujeres,N/A,N/A,18843.25
2100,399,9,3,Mujeres,N/A,N/A,18861.82
2101,400,9,3,Mujeres,N/A,N/A,17843.46
2102,385,10,3,Mujeres,N/A,N/A,9473.06
2103,386,10,3,Mujeres,N/A,N/A,8205.41
2104,387,10,3,Mujeres,N/A,N/A,8783.1
2105,388,10,3,Mujeres,N/A,N/A,8473.53
2106,389,10,3,Mujeres,N/A,N/A,7435.1
2107,390,10,3,Mujeres,N/A,N/A,6692.56
2108,391,10,3,Mujeres,N/A,N/A,7213.48
2109,392,10,3,Mujeres,N/A,N/A,6228.7
2110,393,10,3,Mujeres,N/A,N/A,6173.3
2111,394,10,3,Mujeres,N/A,N/A,6514.38
2112,395,10,3,Mujeres,N/A,N/A,6535.3
2113,396,10,3,Mujeres,N/A,N/A,6610.91
2114,397,10,3,Mujeres,N/A,N/A,7418.93
2115,398,10,3,Mujeres,N/A,N/A,7200.0
2116,399,10,3,Mujeres,N/A,N/A,7114.8
2117,400,10,3,Mujeres,N/A,N/A,7210.5
2118,385,11,3,Mujeres,N/A,N/A,15062.03
2119,386,11,3,Mujeres,N/A,N/A,14371.65
2120,387,11,3,Mujeres,N/A,N/A,13608.58
2121,388,11,3,Mujeres,N/A,N/A,13302.28
2122,389,11,3,Mujeres,N/A,N/A,12346.52
2123,390,11,3,Mujeres,N/A,N/A,11581.49
2124,391,11,3,Mujeres,N/A,N/A,11626.11
2125,392,11,3,Mujeres,N/A,N/A,10237.79
2126,393,11,3,Mujeres,N/A,N/A,10444.87
2127,394,11,3,Mujeres,N/A,N/A,11000.39
2128,395,11,3,Mujeres,N/A,N/A,10941.54
2129,396,11,3,Mujeres,N/A,N/A,10549.6
2130,397,11,3,Mujeres,N/A,N/A,11502.38
2131,398,11,3,Mujeres,N/A,N/A,11586.66
2132,399,11,3,Mujeres,N/A,N/A,11323.32
2133,400,11,3,Mujeres,N/A,N/A,11113.81
2134,385,12,3,Mujeres,N/A,N/A,20506.55
2135,386,12,3,Mujeres,N/A,N/A,19654.84
2136,387,12,3,Mujeres,N/A,N/A,19156.2
2137,388,12,3,Mujeres,N/A,N/A,18795.58
2138,389,12,3,Mujeres,N/A,N/A,17600.08
2139,390,12,3,Mujeres,N/A,N/A,17347.52
2140,391,12,3,Mujeres,N/A,N/A,16812.83
2141,392,12,3,Mujeres,N/A,N/A,16411.68
2142,393,12,3,Mujeres,N/A,N/A,16324.07
2143,394,12,3,Mujeres,N/A,N/A,16691.51
2144,395,12,3,Mujeres,N/A,N/A,16160.06
2145,396,12,3,Mujeres,N/A,N/A,15734.04
2146,397,12,3,Mujeres,N/A,N/A,16206.05
2147,398,12,3,Mujeres,N/A,N/A,16412.07
2148,399,12,3,Mujeres,N/A,N/A,15878.02
2149,400,12,3,Mujeres,N/A,N/A,15608.17
2150,385,9,4,Mujeres,N/A,N/A,24808.62
2151,386,9,4,Mujeres,N/A,N/A,23792.42
2152,387,9,4,Mujeres,N/A,N/A,21808.96
2153,388,9,4,Mujeres,N/A,N/A,21308.01
2154,389,9,4,Mujeres,N/A,N/A,21298.58
2155,390,9,4,Mujeres,N/A,N/A,19744.94
2156,391,9,4,Mujeres,N/A,N/A,19426.48
2157,392,9,4,Mujeres,N/A,N/A,19077.92
2158,393,9,4,Mujeres,N/A,N/A,18925.34
2159,394,9,4,Mujeres,N/A,N/A,18400.68
2160,395,9,4,Mujeres,N/A,N/A,18455.34
2161,396,9,4,Mujeres,N/A,N/A,18026.01
2162,397,9,4,Mujeres,N/A,N/A,18721.59
2163,398,9,4,Mujeres,N/A,N/A,18786.13
2164,399,9,4,Mujeres,N/A,N/A,19289.76
2165,400,9,4,Mujeres,N/A,N/A,18452.09
2166,385,10,4,Mujeres,N/A,N/A,9454.83
2167,386,10,4,Mujeres,N/A,N/A,7821.0
2168,387,10,4,Mujeres,N/A,N/A,7035.96
2169,388,10,4,Mujeres,N/A,N/A,6672.84
2170,389,10,4,Mujeres,N/A,N/A,6885.48
2171,390,10,4,Mujeres,N/A,N/A,6229.31
2172,391,10,4,Mujeres,N/A,N/A,6810.94
2173,392,10,4,Mujeres,N/A,N/A,6218.32
2174,393,10,4,Mujeres,N/A,N/A,6410.24
2175,394,10,4,Mujeres,N/A,N/A,6322.88
2176,395,10,4,Mujeres,N/A,N/A,6179.97
2177,396,10,4,Mujeres,N/A,N/A,6518.05
2178,397,10,4,Mujeres,N/A,N/A,7326.72
2179,398,10,4,Mujeres,N/A,N/A,7330.34
2180,399,10,4,Mujeres,N/A,N/A,7337.43
2181,400,10,4,Mujeres,N/A,N/A,7169.76
2182,385,11,4,Mujeres,N/A,N/A,14832.05
2183,386,11,4,Mujeres,N/A,N/A,14209.99
2184,387,11,4,Mujeres,N/A,N/A,12727.65
2185,388,11,4,Mujeres,N/A,N/A,12340.77
2186,389,11,4,Mujeres,N/A,N/A,12012.88
2187,390,11,4,Mujeres,N/A,N/A,11019.96
2188,391,11,4,Mujeres,N/A,N/A,11309.49
2189,392,11,4,Mujeres,N/A,N/A,10772.84
2190,393,11,4,Mujeres,N/A,N/A,10689.35
2191,394,11,4,Mujeres,N/A,N/A,10754.7
2192,395,11,4,Mujeres,N/A,N/A,10196.44
2193,396,11,4,Mujeres,N/A,N/A,10689.15
2194,397,11,4,Mujeres,N/A,N/A,11635.41
2195,398,11,4,Mujeres,N/A,N/A,11465.37
2196,399,11,4,Mujeres,N/A,N/A,11366.85
2197,400,11,4,Mujeres,N/A,N/A,10925.78
2198,385,12,4,Mujeres,N/A,N/A,20362.08
2199,386,12,4,Mujeres,N/A,N/A,19071.38
2200,387,12,4,Mujeres,N/A,N/A,17878.32
2201,388,12,4,Mujeres,N/A,N/A,17389.89
2202,389,12,4,Mujeres,N/A,N/A,17275.56
2203,390,12,4,Mujeres,N/A,N/A,16734.0
2204,391,12,4,Mujeres,N/A,N/A,15795.6
2205,392,12,4,Mujeres,N/A,N/A,15912.63
2206,393,12,4,Mujeres,N/A,N/A,15594.05
2207,394,12,4,Mujeres,N/A,N/A,15954.87
2208,395,12,4,Mujeres,N/A,N/A,15431.98
2209,396,12,4,Mujeres,N/A,N/A,15474.56
2210,397,12,4,Mujeres,N/A,N/A,15478.73
2211,398,12,4,Mujeres,N/A,N/A,15362.12
2212,399,12,4,Mujeres,N/A,N/A,15857.5
2213,400,12,4,Mujeres,N/A,N/A,15419.78
2214,385,9,5,Mujeres,N/A,N/A,26260.9
2215,386,9,5,Mujeres,N/A,N/A,26054.2
2216,387,9,5,Mujeres,N/A,N/A,22344.76
2217,388,9,5,Mujeres,N/A,N/A,21998.23
2218,389,9,5,Mujeres,N/A,N/A,21631.07
2219,390,9,5,Mujeres,N/A,N/A,21085.74
2220,391,9,5,Mujeres,N/A,N/A,20465.58
2221,392,9,5,Mujeres,N/A,N/A,19702.6
2222,393,9,5,Mujeres,N/A,N/A,19517.28
2223,394,9,5,Mujeres,N/A,N/A,19008.38
2224,395,9,5,Mujeres,N/A,N/A,18998.37
2225,396,9,5,Mujeres,N/A,N/A,19022.24
2226,397,9,5,Mujeres,N/A,N/A,19377.39
2227,398,9,5,Mujeres,N/A,N/A,19812.19
2228,399,9,5,Mujeres,N/A,N/A,18702.72
2229,400,9,5,Mujeres,N/A,N/A,18159.78
2230,385,10,5,Mujeres,N/A,N/A,13106.98
2231,386,10,5,Mujeres,N/A,N/A,11930.0
2232,387,10,5,Mujeres,N/A,N/A,9057.01
2233,388,10,5,Mujeres,N/A,N/A,8988.09
2234,389,10,5,Mujeres,N/A,N/A,9424.3
2235,390,10,5,Mujeres,N/A,N/A,8295.02
2236,391,10,5,Mujeres,N/A,N/A,8970.38
2237,392,10,5,Mujeres,N/A,N/A,7787.06
2238,393,10,5,Mujeres,N/A,N/A,7778.38
2239,394,10,5,Mujeres,N/A,N/A,8590.04
2240,395,10,5,Mujeres,N/A,N/A,7836.37
2241,396,10,5,Mujeres,N/A,N/A,8031.43
2242,397,10,5,Mujeres,N/A,N/A,8323.78
2243,398,10,5,Mujeres,N/A,N/A,8392.14
2244,399,10,5,Mujeres,N/A,N/A,8346.22
2245,400,10,5,Mujeres,N/A,N/A,8091.47
2246,385,11,5,Mujeres,N/A,N/A,17217.18
2247,386,11,5,Mujeres,N/A,N/A,16607.4
2248,387,11,5,Mujeres,N/A,N/A,14823.65
2249,388,11,5,Mujeres,N/A,N/A,13422.04
2250,389,11,5,Mujeres,N/A,N/A,14095.08
2251,390,11,5,Mujeres,N/A,N/A,13091.94
2252,391,11,5,Mujeres,N/A,N/A,13237.67
2253,392,11,5,Mujeres,N/A,N/A,12354.0
2254,393,11,5,Mujeres,N/A,N/A,12454.42
2255,394,11,5,Mujeres,N/A,N/A,12325.0
2256,395,11,5,Mujeres,N/A,N/A,12340.53
2257,396,11,5,Mujeres,N/A,N/A,12900.79
2258,397,11,5,Mujeres,N/A,N/A,13029.71
2259,398,11,5,Mujeres,N/A,N/A,13133.39
2260,399,11,5,Mujeres,N/A,N/A,12707.4
2261,400,11,5,Mujeres,N/A,N/A,11853.68
2262,385,12,5,Mujeres,N/A,N/A,22920.89
2263,386,12,5,Mujeres,N/A,N/A,22399.92
2264,387,12,5,Mujeres,N/A,N/A,19752.6
2265,388,12,5,Mujeres,N/A,N/A,18585.29
2266,389,12,5,Mujeres,N/A,N/A,19288.65
2267,390,12,5,Mujeres,N/A,N/A,18732.27
2268,391,12,5,Mujeres,N/A,N/A,18113.66
2269,392,12,5,Mujeres,N/A,N/A,17582.01
2270,393,12,5,Mujeres,N/A,N/A,17370.54
2271,394,12,5,Mujeres,N/A,N/A,17133.18
2272,395,12,5,Mujeres,N/A,N/A,16887.8
2273,396,12,5,Mujeres,N/A,N/A,16999.82
2274,397,12,5,Mujeres,N/A,N/A,17358.36
2275,398,12,5,Mujeres,N/A,N/A,17240.49
2276,399,12,5,Mujeres,N/A,N/A,15889.99
2277,400,12,5,Mujeres,N/A,N/A,15385.11
2278,385,9,6,Mujeres,N/A,N/A,23439.06
2279,386,9,6,Mujeres,N/A,N/A,22574.98
2280,387,9,6,Mujeres,N/A,N/A,21178.57
2281,388,9,6,Mujeres,N/A,N/A,20461.63
2282,389,9,6,Mujeres,N/A,N/A,19540.82
2283,390,9,6,Mujeres,N/A,N/A,19051.01
2284,391,9,6,Mujeres,N/A,N/A,18917.73
2285,392,9,6,Mujeres,N/A,N/A,18211.44
2286,393,9,6,Mujeres,N/A,N/A,18279.76
2287,394,9,6,Mujeres,N/A,N/A,18201.48
2288,395,9,6,Mujeres,N/A,N/A,17619.86
2289,396,9,6,Mujeres,N/A,N/A,17498.71
2290,397,9,6,Mujeres,N/A,N/A,17824.94
2291,398,9,6,Mujeres,N/A,N/A,17601.79
2292,399,9,6,Mujeres,N/A,N/A,17528.33
2293,400,9,6,Mujeres,N/A,N/A,17131.85
2294,385,10,6,Mujeres,N/A,N/A,9718.34
2295,386,10,6,Mujeres,N/A,N/A,9802.49
2296,387,10,6,Mujeres,N/A,N/A,8151.9
2297,388,10,6,Mujeres,N/A,N/A,7511.98
2298,389,10,6,Mujeres,N/A,N/A,7434.08
2299,390,10,6,Mujeres,N/A,N/A,7177.57
2300,391,10,6,Mujeres,N/A,N/A,7589.96
2301,392,10,6,Mujeres,N/A,N/A,7098.48
2302,393,10,6,Mujeres,N/A,N/A,6408.0
2303,394,10,6,Mujeres,N/A,N/A,6517.55
2304,395,10,6,Mujeres,N/A,N/A,5676.33
2305,396,10,6,Mujeres,N/A,N/A,6010.22
2306,397,10,6,Mujeres,N/A,N/A,6427.08
2307,398,10,6,Mujeres,N/A,N/A,6585.89
2308,399,10,6,Mujeres,N/A,N/A,6453.04
2309,400,10,6,Mujeres,N/A,N/A,6474.48
2310,385,11,6,Mujeres,N/A,N/A,14989.25
2311,386,11,6,Mujeres,N/A,N/A,14004.0
2312,387,11,6,Mujeres,N/A,N/A,13039.32
2313,388,11,6,Mujeres,N/A,N/A,12132.78
2314,389,11,6,Mujeres,N/A,N/A,11730.79
2315,390,11,6,Mujeres,N/A,N/A,11424.44
2316,391,11,6,Mujeres,N/A,N/A,11207.17
2317,392,11,6,Mujeres,N/A,N/A,10528.48
2318,393,11,6,Mujeres,N/A,N/A,10039.23
2319,394,11,6,Mujeres,N/A,N/A,10559.02
2320,395,11,6,Mujeres,N/A,N/A,9658.85
2321,396,11,6,Mujeres,N/A,N/A,10039.97
2322,397,11,6,Mujeres,N/A,N/A,10433.7
2323,398,11,6,Mujeres,N/A,N/A,10263.08
2324,399,11,6,Mujeres,N/A,N/A,10595.76
2325,400,11,6,Mujeres,N/A,N/A,10303.63
2326,385,12,6,Mujeres,N/A,N/A,19438.09
2327,386,12,6,Mujeres,N/A,N/A,18575.12
2328,387,12,6,Mujeres,N/A,N/A,17152.56
2329,388,12,6,Mujeres,N/A,N/A,17094.27
2330,389,12,6,Mujeres,N/A,N/A,16333.36
2331,390,12,6,Mujeres,N/A,N/A,16098.78
2332,391,12,6,Mujeres,N/A,N/A,16343.72
2333,392,12,6,Mujeres,N/A,N/A,15780.72
2334,393,12,6,Mujeres,N/A,N/A,15389.18
2335,394,12,6,Mujeres,N/A,N/A,15355.31
2336,395,12,6,Mujeres,N/A,N/A,14859.15
2337,396,12,6,Mujeres,N/A,N/A,14680.25
2338,397,12,6,Mujeres,N/A,N/A,14889.88
2339,398,12,6,Mujeres,N/A,N/A,14370.7
2340,399,12,6,Mujeres,N/A,N/A,15139.91
2341,400,12,6,Mujeres,N/A,N/A,14621.63
2342,385,9,7,Mujeres,N/A,N/A,23727.01
2343,386,9,7,Mujeres,N/A,N/A,22564.11
2344,387,9,7,Mujeres,N/A,N/A,21532.96
2345,388,9,7,Mujeres,N/A,N/A,20996.83
2346,389,9,7,Mujeres,N/A,N/A,20600.16
2347,390,9,7,Mujeres,N/A,N/A,19630.01
2348,391,9,7,Mujeres,N/A,N/A,19012.2
2349,392,9,7,Mujeres,N/A,N/A,18216.84
2350,393,9,7,Mujeres,N/A,N/A,17955.79
2351,394,9,7,Mujeres,N/A,N/A,17668.55
2352,395,9,7,Mujeres,N/A,N/A,16542.34
2353,396,9,7,Mujeres,N/A,N/A,16771.99
2354,397,9,7,Mujeres,N/A,N/A,17606.84
2355,398,9,7,Mujeres,N/A,N/A,17887.59
2356,399,9,7,Mujeres,N/A,N/A,18210.65
2357,400,9,7,Mujeres,N/A,N/A,17460.14
2358,385,10,7,Mujeres,N/A,N/A,9732.6
2359,386,10,7,Mujeres,N/A,N/A,8784.56
2360,387,10,7,Mujeres,N/A,N/A,8290.8
2361,388,10,7,Mujeres,N/A,N/A,7852.56
2362,389,10,7,Mujeres,N/A,N/A,7307.63
2363,390,10,7,Mujeres,N/A,N/A,7500.61
2364,391,10,7,Mujeres,N/A,N/A,6760.35
2365,392,10,7,Mujeres,N/A,N/A,6844.44
2366,393,10,7,Mujeres,N/A,N/A,6649.48
2367,394,10,7,Mujeres,N/A,N/A,5702.94
2368,395,10,7,Mujeres,N/A,N/A,6678.85
2369,396,10,7,Mujeres,N/A,N/A,6771.84
2370,397,10,7,Mujeres,N/A,N/A,6801.05
2371,398,10,7,Mujeres,N/A,N/A,6336.93
2372,399,10,7,Mujeres,N/A,N/A,6776.26
2373,400,10,7,Mujeres,N/A,N/A,6683.02
2374,385,11,7,Mujeres,N/A,N/A,14836.07
2375,386,11,7,Mujeres,N/A,N/A,13855.7
2376,387,11,7,Mujeres,N/A,N/A,13007.16
2377,388,11,7,Mujeres,N/A,N/A,12184.28
2378,389,11,7,Mujeres,N/A,N/A,12300.5
2379,390,11,7,Mujeres,N/A,N/A,12030.68
2380,391,11,7,Mujeres,N/A,N/A,11223.96
2381,392,11,7,Mujeres,N/A,N/A,10567.96
2382,393,11,7,Mujeres,N/A,N/A,10632.86
2383,394,11,7,Mujeres,N/A,N/A,9768.74
2384,395,11,7,Mujeres,N/A,N/A,10177.32
2385,396,11,7,Mujeres,N/A,N/A,10015.6
2386,397,11,7,Mujeres,N/A,N/A,10672.94
2387,398,11,7,Mujeres,N/A,N/A,10578.72
2388,399,11,7,Mujeres,N/A,N/A,10343.01
2389,400,11,7,Mujeres,N/A,N/A,10465.79
2390,385,12,7,Mujeres,N/A,N/A,20005.18
2391,386,12,7,Mujeres,N/A,N/A,18557.96
2392,387,12,7,Mujeres,N/A,N/A,18036.06
2393,388,12,7,Mujeres,N/A,N/A,17287.2
2394,389,12,7,Mujeres,N/A,N/A,17278.21
2395,390,12,7,Mujeres,N/A,N/A,16163.33
2396,391,12,7,Mujeres,N/A,N/A,15998.06
2397,392,12,7,Mujeres,N/A,N/A,15414.19
2398,393,12,7,Mujeres,N/A,N/A,15456.0
2399,394,12,7,Mujeres,N/A,N/A,15060.5
2400,395,12,7,Mujeres,N/A,N/A,14575.17
2401,396,12,7,Mujeres,N/A,N/A,14449.44
2402,397,12,7,Mujeres,N/A,N/A,14912.6
2403,398,12,7,Mujeres,N/A,N/A,14813.15
2404,399,12,7,Mujeres,N/A,N/A,14415.9
2405,400,12,7,Mujeres,N/A,N/A,15029.34
2406,385,9,8,Mujeres,N/A,N/A,23104.3
2407,386,9,8,Mujeres,N/A,N/A,21773.27
2408,387,9,8,Mujeres,N/A,N/A,20795.39
2409,388,9,8,Mujeres,N/A,N/A,20314.96
2410,389,9,8,Mujeres,N/A,N/A,19414.11
2411,390,9,8,Mujeres,N/A,N/A,19056.53
2412,391,9,8,Mujeres,N/A,N/A,18796.93
2413,392,9,8,Mujeres,N/A,N/A,18662.42
2414,393,9,8,Mujeres,N/A,N/A,18523.74
2415,394,9,8,Mujeres,N/A,N/A,17682.88
2416,395,9,8,Mujeres,N/A,N/A,17429.41
2417,396,9,8,Mujeres,N/A,N/A,17552.07
2418,397,9,8,Mujeres,N/A,N/A,18193.91
2419,398,9,8,Mujeres,N/A,N/A,17683.88
2420,399,9,8,Mujeres,N/A,N/A,18249.87
2421,400,9,8,Mujeres,N/A,N/A,17573.56
2422,385,10,8,Mujeres,N/A,N/A,9039.65
2423,386,10,8,Mujeres,N/A,N/A,7902.39
2424,387,10,8,Mujeres,N/A,N/A,7471.19
2425,388,10,8,Mujeres,N/A,N/A,6659.18
2426,389,10,8,Mujeres,N/A,N/A,6765.51
2427,390,10,8,Mujeres,N/A,N/A,6313.51
2428,391,10,8,Mujeres,N/A,N/A,7108.18
2429,392,10,8,Mujeres,N/A,N/A,6707.29
2430,393,10,8,Mujeres,N/A,N/A,6793.86
2431,394,10,8,Mujeres,N/A,N/A,5727.2
2432,395,10,8,Mujeres,N/A,N/A,5630.59
2433,396,10,8,Mujeres,N/A,N/A,6076.19
2434,397,10,8,Mujeres,N/A,N/A,6363.75
2435,398,10,8,Mujeres,N/A,N/A,6035.57
2436,399,10,8,Mujeres,N/A,N/A,6789.42
2437,400,10,8,Mujeres,N/A,N/A,6753.94
2438,385,11,8,Mujeres,N/A,N/A,14306.29
2439,386,11,8,Mujeres,N/A,N/A,13094.03
2440,387,11,8,Mujeres,N/A,N/A,12289.42
2441,388,11,8,Mujeres,N/A,N/A,11463.22
2442,389,11,8,Mujeres,N/A,N/A,11519.02
2443,390,11,8,Mujeres,N/A,N/A,10622.62
2444,391,11,8,Mujeres,N/A,N/A,10770.0
2445,392,11,8,Mujeres,N/A,N/A,10755.51
2446,393,11,8,Mujeres,N/A,N/A,10703.93
2447,394,11,8,Mujeres,N/A,N/A,9690.44
2448,395,11,8,Mujeres,N/A,N/A,9825.12
2449,396,11,8,Mujeres,N/A,N/A,10185.0
2450,397,11,8,Mujeres,N/A,N/A,10688.79
2451,398,11,8,Mujeres,N/A,N/A,10239.1
2452,399,11,8,Mujeres,N/A,N/A,10573.33
2453,400,11,8,Mujeres,N/A,N/A,10445.72
2454,385,12,8,Mujeres,N/A,N/A,19610.03
2455,386,12,8,Mujeres,N/A,N/A,18166.97
2456,387,12,8,Mujeres,N/A,N/A,17479.26
2457,388,12,8,Mujeres,N/A,N/A,17000.04
2458,389,12,8,Mujeres,N/A,N/A,16352.32
2459,390,12,8,Mujeres,N/A,N/A,16689.49
2460,391,12,8,Mujeres,N/A,N/A,15985.41
2461,392,12,8,Mujeres,N/A,N/A,15916.57
2462,393,12,8,Mujeres,N/A,N/A,15806.28
2463,394,12,8,Mujeres,N/A,N/A,15269.56
2464,395,12,8,Mujeres,N/A,N/A,15087.95
2465,396,12,8,Mujeres,N/A,N/A,15275.45
2466,397,12,8,Mujeres,N/A,N/A,15805.06
2467,398,12,8,Mujeres,N/A,N/A,15103.16
2468,399,12,8,Mujeres,N/A,N/A,15309.12
2469,400,12,8,Mujeres,N/A,N/A,14817.65
2470,385,9,9,Mujeres,N/A,N/A,22608.19
2471,386,9,9,Mujeres,N/A,N/A,21312.65
2472,387,9,9,Mujeres,N/A,N/A,21154.58
2473,388,9,9,Mujeres,N/A,N/A,20761.55
2474,389,9,9,Mujeres,N/A,N/A,19939.58
2475,390,9,9,Mujeres,N/A,N/A,19088.87
2476,391,9,9,Mujeres,N/A,N/A,18327.35
2477,392,9,9,Mujeres,N/A,N/A,18213.71
2478,393,9,9,Mujeres,N/A,N/A,18097.55
2479,394,9,9,Mujeres,N/A,N/A,18157.02
2480,395,9,9,Mujeres,N/A,N/A,17481.02
2481,396,9,9,Mujeres,N/A,N/A,17527.3
2482,397,9,9,Mujeres,N/A,N/A,18001.99
2483,398,9,9,Mujeres,N/A,N/A,17913.0
2484,399,9,9,Mujeres,N/A,N/A,17709.92
2485,400,9,9,Mujeres,N/A,N/A,17562.94
2486,385,10,9,Mujeres,N/A,N/A,8895.76
2487,386,10,9,Mujeres,N/A,N/A,7038.68
2488,387,10,9,Mujeres,N/A,N/A,7974.93
2489,388,10,9,Mujeres,N/A,N/A,7604.9
2490,389,10,9,Mujeres,N/A,N/A,6376.48
2491,390,10,9,Mujeres,N/A,N/A,6305.46
2492,391,10,9,Mujeres,N/A,N/A,6471.33
2493,392,10,9,Mujeres,N/A,N/A,5937.41
2494,393,10,9,Mujeres,N/A,N/A,5859.39
2495,394,10,9,Mujeres,N/A,N/A,5836.2
2496,395,10,9,Mujeres,N/A,N/A,6060.23
2497,396,10,9,Mujeres,N/A,N/A,6099.08
2498,397,10,9,Mujeres,N/A,N/A,6701.46
2499,398,10,9,Mujeres,N/A,N/A,6512.52
2500,399,10,9,Mujeres,N/A,N/A,6648.21
2501,400,10,9,Mujeres,N/A,N/A,6701.4
2502,385,11,9,Mujeres,N/A,N/A,14029.13
2503,386,11,9,Mujeres,N/A,N/A,12946.57
2504,387,11,9,Mujeres,N/A,N/A,12917.9
2505,388,11,9,Mujeres,N/A,N/A,12331.43
2506,389,11,9,Mujeres,N/A,N/A,11657.19
2507,390,11,9,Mujeres,N/A,N/A,10284.05
2508,391,11,9,Mujeres,N/A,N/A,9930.07
2509,392,11,9,Mujeres,N/A,N/A,9795.42
2510,393,11,9,Mujeres,N/A,N/A,9470.08
2511,394,11,9,Mujeres,N/A,N/A,10095.37
2512,395,11,9,Mujeres,N/A,N/A,9962.03
2513,396,11,9,Mujeres,N/A,N/A,10004.38
2514,397,11,9,Mujeres,N/A,N/A,10865.51
2515,398,11,9,Mujeres,N/A,N/A,10193.69
2516,399,11,9,Mujeres,N/A,N/A,10302.2
2517,400,11,9,Mujeres,N/A,N/A,10271.64
2518,385,12,9,Mujeres,N/A,N/A,18752.8
2519,386,12,9,Mujeres,N/A,N/A,17887.13
2520,387,12,9,Mujeres,N/A,N/A,17580.04
2521,388,12,9,Mujeres,N/A,N/A,17037.62
2522,389,12,9,Mujeres,N/A,N/A,16554.6
2523,390,12,9,Mujeres,N/A,N/A,15751.2
2524,391,12,9,Mujeres,N/A,N/A,15130.6
2525,392,12,9,Mujeres,N/A,N/A,15670.87
2526,393,12,9,Mujeres,N/A,N/A,15566.1
2527,394,12,9,Mujeres,N/A,N/A,15860.4
2528,395,12,9,Mujeres,N/A,N/A,15206.58
2529,396,12,9,Mujeres,N/A,N/A,14956.86
2530,397,12,9,Mujeres,N/A,N/A,16092.7
2531,398,12,9,Mujeres,N/A,N/A,15059.88
2532,399,12,9,Mujeres,N/A,N/A,15057.5
2533,400,12,9,Mujeres,N/A,N/A,14887.81
2534,385,9,10,Mujeres,N/A,N/A,27240.93
2535,386,9,10,Mujeres,N/A,N/A,25659.03
2536,387,9,10,Mujeres,N/A,N/A,25015.94
2537,388,9,10,Mujeres,N/A,N/A,24096.69
2538,389,9,10,Mujeres,N/A,N/A,22988.22
2539,390,9,10,Mujeres,N/A,N/A,22289.9
2540,391,9,10,Mujeres,N/A,N/A,21801.47
2541,392,9,10,Mujeres,N/A,N/A,21110.34
2542,393,9,10,Mujeres,N/A,N/A,20946.56
2543,394,9,10,Mujeres,N/A,N/A,20324.88
2544,395,9,10,Mujeres,N/A,N/A,20740.55
2545,396,9,10,Mujeres,N/A,N/A,20931.07
2546,397,9,10,Mujeres,N/A,N/A,20799.94
2547,398,9,10,Mujeres,N/A,N/A,21042.14
2548,399,9,10,Mujeres,N/A,N/A,20467.14
2549,400,9,10,Mujeres,N/A,N/A,19928.48
2550,385,10,10,Mujeres,N/A,N/A,9979.37
2551,386,10,10,Mujeres,N/A,N/A,9077.92
2552,387,10,10,Mujeres,N/A,N/A,9440.73
2553,388,10,10,Mujeres,N/A,N/A,8845.5
2554,389,10,10,Mujeres,N/A,N/A,8147.18
2555,390,10,10,Mujeres,N/A,N/A,7558.5
2556,391,10,10,Mujeres,N/A,N/A,7759.96
2557,392,10,10,Mujeres,N/A,N/A,7232.95
2558,393,10,10,Mujeres,N/A,N/A,6943.29
2559,394,10,10,Mujeres,N/A,N/A,6282.79
2560,395,10,10,Mujeres,N/A,N/A,6876.2
2561,396,10,10,Mujeres,N/A,N/A,7299.54
2562,397,10,10,Mujeres,N/A,N/A,7587.42
2563,398,10,10,Mujeres,N/A,N/A,7684.54
2564,399,10,10,Mujeres,N/A,N/A,7817.9
2565,400,10,10,Mujeres,N/A,N/A,7661.82
2566,385,11,10,Mujeres,N/A,N/A,15761.14
2567,386,11,10,Mujeres,N/A,N/A,14702.0
2568,387,11,10,Mujeres,N/A,N/A,14479.61
2569,388,11,10,Mujeres,N/A,N/A,14048.89
2570,389,11,10,Mujeres,N/A,N/A,13441.14
2571,390,11,10,Mujeres,N/A,N/A,12558.47
2572,391,11,10,Mujeres,N/A,N/A,12586.62
2573,392,11,10,Mujeres,N/A,N/A,11795.02
2574,393,11,10,Mujeres,N/A,N/A,11824.84
2575,394,11,10,Mujeres,N/A,N/A,11593.37
2576,395,11,10,Mujeres,N/A,N/A,11897.88
2577,396,11,10,Mujeres,N/A,N/A,12321.69
2578,397,11,10,Mujeres,N/A,N/A,12307.46
2579,398,11,10,Mujeres,N/A,N/A,12314.57
2580,399,11,10,Mujeres,N/A,N/A,12155.03
2581,400,11,10,Mujeres,N/A,N/A,11900.52
2582,385,12,10,Mujeres,N/A,N/A,23407.44
2583,386,12,10,Mujeres,N/A,N/A,21602.76
2584,387,12,10,Mujeres,N/A,N/A,21087.54
2585,388,12,10,Mujeres,N/A,N/A,20385.64
2586,389,12,10,Mujeres,N/A,N/A,19750.0
2587,390,12,10,Mujeres,N/A,N/A,18929.02
2588,391,12,10,Mujeres,N/A,N/A,18865.83
2589,392,12,10,Mujeres,N/A,N/A,18372.96
2590,393,12,10,Mujeres,N/A,N/A,18088.32
2591,394,12,10,Mujeres,N/A,N/A,17964.44
2592,395,12,10,Mujeres,N/A,N/A,17962.12
2593,396,12,10,Mujeres,N/A,N/A,18049.47
2594,397,12,10,Mujeres,N/A,N/A,18209.1
2595,398,12,10,Mujeres,N/A,N/A,18016.02
2596,399,12,10,Mujeres,N/A,N/A,17630.34
2597,400,12,10,Mujeres,N/A,N/A,16949.36
2598,385,9,11,Mujeres,N/A,N/A,23205.68
2599,386,9,11,Mujeres,N/A,N/A,22135.35
2600,387,9,11,Mujeres,N/A,N/A,20670.5
2601,388,9,11,Mujeres,N/A,N/A,20165.73
2602,389,9,11,Mujeres,N/A,N/A,19314.58
2603,390,9,11,Mujeres,N/A,N/A,19235.72
2604,391,9,11,Mujeres,N/A,N/A,18523.81
2605,392,9,11,Mujeres,N/A,N/A,18349.52
2606,393,9,11,Mujeres,N/A,N/A,17811.38
2607,394,9,11,Mujeres,N/A,N/A,17511.66
2608,395,9,11,Mujeres,N/A,N/A,17918.36
2609,396,9,11,Mujeres,N/A,N/A,17870.88
2610,397,9,11,Mujeres,N/A,N/A,18052.49
2611,398,9,11,Mujeres,N/A,N/A,17776.59
2612,399,9,11,Mujeres,N/A,N/A,17426.72
2613,400,9,11,Mujeres,N/A,N/A,16929.69
2614,385,10,11,Mujeres,N/A,N/A,8016.96
2615,386,10,11,Mujeres,N/A,N/A,7800.0
2616,387,10,11,Mujeres,N/A,N/A,6867.6
2617,388,10,11,Mujeres,N/A,N/A,7009.98
2618,389,10,11,Mujeres,N/A,N/A,6356.62
2619,390,10,11,Mujeres,N/A,N/A,6127.1
2620,391,10,11,Mujeres,N/A,N/A,5705.92
2621,392,10,11,Mujeres,N/A,N/A,5923.25
2622,393,10,11,Mujeres,N/A,N/A,5292.66
2623,394,10,11,Mujeres,N/A,N/A,5563.1
2624,395,10,11,Mujeres,N/A,N/A,6006.52
2625,396,10,11,Mujeres,N/A,N/A,6297.4
2626,397,10,11,Mujeres,N/A,N/A,6563.93
2627,398,10,11,Mujeres,N/A,N/A,6276.39
2628,399,10,11,Mujeres,N/A,N/A,6373.36
2629,400,10,11,Mujeres,N/A,N/A,6502.44
2630,385,11,11,Mujeres,N/A,N/A,13952.17
2631,386,11,11,Mujeres,N/A,N/A,13728.76
2632,387,11,11,Mujeres,N/A,N/A,11916.85
2633,388,11,11,Mujeres,N/A,N/A,11707.31
2634,389,11,11,Mujeres,N/A,N/A,10835.7
2635,390,11,11,Mujeres,N/A,N/A,10867.61
2636,391,11,11,Mujeres,N/A,N/A,10345.03
2637,392,11,11,Mujeres,N/A,N/A,10111.64
2638,393,11,11,Mujeres,N/A,N/A,9547.21
2639,394,11,11,Mujeres,N/A,N/A,9658.32
2640,395,11,11,Mujeres,N/A,N/A,9823.37
2641,396,11,11,Mujeres,N/A,N/A,10249.98
2642,397,11,11,Mujeres,N/A,N/A,10367.36
2643,398,11,11,Mujeres,N/A,N/A,10660.83
2644,399,11,11,Mujeres,N/A,N/A,10229.54
2645,400,11,11,Mujeres,N/A,N/A,10458.44
2646,385,12,11,Mujeres,N/A,N/A,19193.64
2647,386,12,11,Mujeres,N/A,N/A,18263.9
2648,387,12,11,Mujeres,N/A,N/A,17129.57
2649,388,12,11,Mujeres,N/A,N/A,16540.03
2650,389,12,11,Mujeres,N/A,N/A,15913.39
2651,390,12,11,Mujeres,N/A,N/A,16283.93
2652,391,12,11,Mujeres,N/A,N/A,15653.28
2653,392,12,11,Mujeres,N/A,N/A,15418.32
2654,393,12,11,Mujeres,N/A,N/A,15283.9
2655,394,12,11,Mujeres,N/A,N/A,15322.63
2656,395,12,11,Mujeres,N/A,N/A,15340.3
2657,396,12,11,Mujeres,N/A,N/A,15602.67
2658,397,12,11,Mujeres,N/A,N/A,15853.69
2659,398,12,11,Mujeres,N/A,N/A,15293.73
2660,399,12,11,Mujeres,N/A,N/A,15001.98
2661,400,12,11,Mujeres,N/A,N/A,14699.57
2662,385,9,12,Mujeres,N/A,N/A,22181.88
2663,386,9,12,Mujeres,N/A,N/A,20637.14
2664,387,9,12,Mujeres,N/A,N/A,19833.03
2665,388,9,12,Mujeres,N/A,N/A,18791.05
2666,389,9,12,Mujeres,N/A,N/A,18012.58
2667,390,9,12,Mujeres,N/A,N/A,17972.63
2668,391,9,12,Mujeres,N/A,N/A,17722.29
2669,392,9,12,Mujeres,N/A,N/A,17360.28
2670,393,9,12,Mujeres,N/A,N/A,17304.65
2671,394,9,12,Mujeres,N/A,N/A,17413.85
2672,395,9,12,Mujeres,N/A,N/A,16304.55
2673,396,9,12,Mujeres,N/A,N/A,17401.9
2674,397,9,12,Mujeres,N/A,N/A,18060.8
2675,398,9,12,Mujeres,N/A,N/A,17876.85
2676,399,9,12,Mujeres,N/A,N/A,17549.86
2677,400,9,12,Mujeres,N/A,N/A,16623.4
2678,385,10,12,Mujeres,N/A,N/A,7039.27
2679,386,10,12,Mujeres,N/A,N/A,6447.38
2680,387,10,12,Mujeres,N/A,N/A,6233.11
2681,388,10,12,Mujeres,N/A,N/A,6095.65
2682,389,10,12,Mujeres,N/A,N/A,5716.51
2683,390,10,12,Mujeres,N/A,N/A,5338.05
2684,391,10,12,Mujeres,N/A,N/A,4723.67
2685,392,10,12,Mujeres,N/A,N/A,4900.81
2686,393,10,12,Mujeres,N/A,N/A,4882.11
2687,394,10,12,Mujeres,N/A,N/A,5041.32
2688,395,10,12,Mujeres,N/A,N/A,4217.83
2689,396,10,12,Mujeres,N/A,N/A,6224.51
2690,397,10,12,Mujeres,N/A,N/A,5494.52
2691,398,10,12,Mujeres,N/A,N/A,5396.52
2692,399,10,12,Mujeres,N/A,N/A,6158.11
2693,400,10,12,Mujeres,N/A,N/A,6480.19
2694,385,11,12,Mujeres,N/A,N/A,11791.9
2695,386,11,12,Mujeres,N/A,N/A,10627.0
2696,387,11,12,Mujeres,N/A,N/A,10522.25
2697,388,11,12,Mujeres,N/A,N/A,10455.32
2698,389,11,12,Mujeres,N/A,N/A,9526.66
2699,390,11,12,Mujeres,N/A,N/A,8781.44
2700,391,11,12,Mujeres,N/A,N/A,9009.7
2701,392,11,12,Mujeres,N/A,N/A,8466.45
2702,393,11,12,Mujeres,N/A,N/A,8837.33
2703,394,11,12,Mujeres,N/A,N/A,8972.46
2704,395,11,12,Mujeres,N/A,N/A,7854.55
2705,396,11,12,Mujeres,N/A,N/A,9744.46
2706,397,11,12,Mujeres,N/A,N/A,10267.74
2707,398,11,12,Mujeres,N/A,N/A,9962.15
2708,399,11,12,Mujeres,N/A,N/A,10057.2
2709,400,11,12,Mujeres,N/A,N/A,10184.48
2710,385,12,12,Mujeres,N/A,N/A,18223.48
2711,386,12,12,Mujeres,N/A,N/A,17367.87
2712,387,12,12,Mujeres,N/A,N/A,16008.34
2713,388,12,12,Mujeres,N/A,N/A,15460.28
2714,389,12,12,Mujeres,N/A,N/A,14741.57
2715,390,12,12,Mujeres,N/A,N/A,15114.77
2716,391,12,12,Mujeres,N/A,N/A,14998.8
2717,392,12,12,Mujeres,N/A,N/A,14711.69
2718,393,12,12,Mujeres,N/A,N/A,14602.48
2719,394,12,12,Mujeres,N/A,N/A,14727.85
2720,395,12,12,Mujeres,N/A,N/A,14377.08
2721,396,12,12,Mujeres,N/A,N/A,14758.54
2722,397,12,12,Mujeres,N/A,N/A,15212.82
2723,398,12,12,Mujeres,N/A,N/A,14334.72
2724,399,12,12,Mujeres,N/A,N/A,15103.1
2725,400,12,12,Mujeres,N/A,N/A,14217.78
2726,385,9,13,Mujeres,N/A,N/A,23153.78
2727,386,9,13,Mujeres,N/A,N/A,21912.75
2728,387,9,13,Mujeres,N/A,N/A,20904.37
2729,388,9,13,Mujeres,N/A,N/A,20446.53
2730,389,9,13,Mujeres,N/A,N/A,19818.26
2731,390,9,13,Mujeres,N/A,N/A,19543.17
2732,391,9,13,Mujeres,N/A,N/A,18833.53
2733,392,9,13,Mujeres,N/A,N/A,18294.47
2734,393,9,13,Mujeres,N/A,N/A,18093.26
2735,394,9,13,Mujeres,N/A,N/A,17797.03
2736,395,9,13,Mujeres,N/A,N/A,17258.21
2737,396,9,13,Mujeres,N/A,N/A,16727.15
2738,397,9,13,Mujeres,N/A,N/A,17291.96
2739,398,9,13,Mujeres,N/A,N/A,17691.11
2740,399,9,13,Mujeres,N/A,N/A,17342.32
2741,400,9,13,Mujeres,N/A,N/A,16646.42
2742,385,10,13,Mujeres,N/A,N/A,9452.83
2743,386,10,13,Mujeres,N/A,N/A,8507.88
2744,387,10,13,Mujeres,N/A,N/A,7952.29
2745,388,10,13,Mujeres,N/A,N/A,7093.89
2746,389,10,13,Mujeres,N/A,N/A,7416.44
2747,390,10,13,Mujeres,N/A,N/A,7178.45
2748,391,10,13,Mujeres,N/A,N/A,6405.42
2749,392,10,13,Mujeres,N/A,N/A,6436.32
2750,393,10,13,Mujeres,N/A,N/A,6243.19
2751,394,10,13,Mujeres,N/A,N/A,6312.85
2752,395,10,13,Mujeres,N/A,N/A,6146.13
2753,396,10,13,Mujeres,N/A,N/A,6383.01
2754,397,10,13,Mujeres,N/A,N/A,6598.23
2755,398,10,13,Mujeres,N/A,N/A,6990.04
2756,399,10,13,Mujeres,N/A,N/A,6724.95
2757,400,10,13,Mujeres,N/A,N/A,6476.36
2758,385,11,13,Mujeres,N/A,N/A,14425.08
2759,386,11,13,Mujeres,N/A,N/A,13954.67
2760,387,11,13,Mujeres,N/A,N/A,12634.1
2761,388,11,13,Mujeres,N/A,N/A,11832.11
2762,389,11,13,Mujeres,N/A,N/A,12110.39
2763,390,11,13,Mujeres,N/A,N/A,11565.45
2764,391,11,13,Mujeres,N/A,N/A,11191.79
2765,392,11,13,Mujeres,N/A,N/A,10970.63
2766,393,11,13,Mujeres,N/A,N/A,10985.34
2767,394,11,13,Mujeres,N/A,N/A,10547.4
2768,395,11,13,Mujeres,N/A,N/A,10712.48
2769,396,11,13,Mujeres,N/A,N/A,10731.64
2770,397,11,13,Mujeres,N/A,N/A,10372.49
2771,398,11,13,Mujeres,N/A,N/A,10755.09
2772,399,11,13,Mujeres,N/A,N/A,10593.37
2773,400,11,13,Mujeres,N/A,N/A,10201.5
2774,385,12,13,Mujeres,N/A,N/A,19147.64
2775,386,12,13,Mujeres,N/A,N/A,18165.51
2776,387,12,13,Mujeres,N/A,N/A,17012.05
2777,388,12,13,Mujeres,N/A,N/A,16765.2
2778,389,12,13,Mujeres,N/A,N/A,16412.28
2779,390,12,13,Mujeres,N/A,N/A,16146.14
2780,391,12,13,Mujeres,N/A,N/A,15970.06
2781,392,12,13,Mujeres,N/A,N/A,15542.62
2782,393,12,13,Mujeres,N/A,N/A,15430.38
2783,394,12,13,Mujeres,N/A,N/A,15130.99
2784,395,12,13,Mujeres,N/A,N/A,15005.56
2785,396,12,13,Mujeres,N/A,N/A,14629.68
2786,397,12,13,Mujeres,N/A,N/A,14826.52
2787,398,12,13,Mujeres,N/A,N/A,14992.42
2788,399,12,13,Mujeres,N/A,N/A,14605.25
2789,400,12,13,Mujeres,N/A,N/A,13859.44
2790,385,9,14,Mujeres,N/A,N/A,29250.2
2791,386,9,14,Mujeres,N/A,N/A,28123.47
2792,387,9,14,Mujeres,N/A,N/A,26578.07
2793,388,9,14,Mujeres,N/A,N/A,25900.29
2794,389,9,14,Mujeres,N/A,N/A,24873.79
2795,390,9,14,Mujeres,N/A,N/A,23925.99
2796,391,9,14,Mujeres,N/A,N/A,24029.31
2797,392,9,14,Mujeres,N/A,N/A,23371.33
2798,393,9,14,Mujeres,N/A,N/A,23470.06
2799,394,9,14,Mujeres,N/A,N/A,23326.94
2800,395,9,14,Mujeres,N/A,N/A,22959.28
2801,396,9,14,Mujeres,N/A,N/A,22841.15
2802,397,9,14,Mujeres,N/A,N/A,22585.38
2803,398,9,14,Mujeres,N/A,N/A,22721.17
2804,399,9,14,Mujeres,N/A,N/A,22048.25
2805,400,9,14,Mujeres,N/A,N/A,21787.75
2806,385,10,14,Mujeres,N/A,N/A,10837.85
2807,386,10,14,Mujeres,N/A,N/A,10067.22
2808,387,10,14,Mujeres,N/A,N/A,10139.6
2809,388,10,14,Mujeres,N/A,N/A,9607.22
2810,389,10,14,Mujeres,N/A,N/A,8609.76
2811,390,10,14,Mujeres,N/A,N/A,7876.76
2812,391,10,14,Mujeres,N/A,N/A,8311.22
2813,392,10,14,Mujeres,N/A,N/A,8236.82
2814,393,10,14,Mujeres,N/A,N/A,7992.33
2815,394,10,14,Mujeres,N/A,N/A,7413.0
2816,395,10,14,Mujeres,N/A,N/A,7665.0
2817,396,10,14,Mujeres,N/A,N/A,7799.28
2818,397,10,14,Mujeres,N/A,N/A,8100.7
2819,398,10,14,Mujeres,N/A,N/A,8570.31
2820,399,10,14,Mujeres,N/A,N/A,7899.97
2821,400,10,14,Mujeres,N/A,N/A,8478.81
2822,385,11,14,Mujeres,N/A,N/A,16096.04
2823,386,11,14,Mujeres,N/A,N/A,15586.16
2824,387,11,14,Mujeres,N/A,N/A,14765.04
2825,388,11,14,Mujeres,N/A,N/A,14085.32
2826,389,11,14,Mujeres,N/A,N/A,13551.2
2827,390,11,14,Mujeres,N/A,N/A,12989.48
2828,391,11,14,Mujeres,N/A,N/A,13048.7
2829,392,11,14,Mujeres,N/A,N/A,12641.22
2830,393,11,14,Mujeres,N/A,N/A,12694.31
2831,394,11,14,Mujeres,N/A,N/A,12661.16
2832,395,11,14,Mujeres,N/A,N/A,12380.43
2833,396,11,14,Mujeres,N/A,N/A,12569.16
2834,397,11,14,Mujeres,N/A,N/A,12542.34
2835,398,11,14,Mujeres,N/A,N/A,13081.11
2836,399,11,14,Mujeres,N/A,N/A,12448.45
2837,400,11,14,Mujeres,N/A,N/A,12039.09
2838,385,12,14,Mujeres,N/A,N/A,24037.76
2839,386,12,14,Mujeres,N/A,N/A,22898.14
2840,387,12,14,Mujeres,N/A,N/A,21818.13
2841,388,12,14,Mujeres,N/A,N/A,21072.14
2842,389,12,14,Mujeres,N/A,N/A,20182.37
2843,390,12,14,Mujeres,N/A,N/A,19044.86
2844,391,12,14,Mujeres,N/A,N/A,19368.41
2845,392,12,14,Mujeres,N/A,N/A,18823.19
2846,393,12,14,Mujeres,N/A,N/A,19145.0
2847,394,12,14,Mujeres,N/A,N/A,19133.47
2848,395,12,14,Mujeres,N/A,N/A,18587.64
2849,396,12,14,Mujeres,N/A,N/A,18595.78
2850,397,12,14,Mujeres,N/A,N/A,18448.38
2851,398,12,14,Mujeres,N/A,N/A,18788.2
2852,399,12,14,Mujeres,N/A,N/A,17845.57
2853,400,12,14,Mujeres,N/A,N/A,17532.26
2854,385,9,15,Mujeres,N/A,N/A,22474.77
2855,386,9,15,Mujeres,N/A,N/A,20956.37
2856,387,9,15,Mujeres,N/A,N/A,20189.83
2857,388,9,15,Mujeres,N/A,N/A,20007.14
2858,389,9,15,Mujeres,N/A,N/A,19431.25
2859,390,9,15,Mujeres,N/A,N/A,18598.64
2860,391,9,15,Mujeres,N/A,N/A,18048.37
2861,392,9,15,Mujeres,N/A,N/A,18033.05
2862,393,9,15,Mujeres,N/A,N/A,17540.27
2863,394,9,15,Mujeres,N/A,N/A,17500.99
2864,395,9,15,Mujeres,N/A,N/A,16957.29
2865,396,9,15,Mujeres,N/A,N/A,17457.52
2866,397,9,15,Mujeres,N/A,N/A,18053.61
2867,398,9,15,Mujeres,N/A,N/A,17838.28
2868,399,9,15,Mujeres,N/A,N/A,17384.95
2869,400,9,15,Mujeres,N/A,N/A,16020.2
2870,385,10,15,Mujeres,N/A,N/A,7924.36
2871,386,10,15,Mujeres,N/A,N/A,8185.46
2872,387,10,15,Mujeres,N/A,N/A,7594.33
2873,388,10,15,Mujeres,N/A,N/A,7328.35
2874,389,10,15,Mujeres,N/A,N/A,6744.1
2875,390,10,15,Mujeres,N/A,N/A,5696.73
2876,391,10,15,Mujeres,N/A,N/A,6199.53
2877,392,10,15,Mujeres,N/A,N/A,5901.48
2878,393,10,15,Mujeres,N/A,N/A,5382.84
2879,394,10,15,Mujeres,N/A,N/A,5776.65
2880,395,10,15,Mujeres,N/A,N/A,5368.82
2881,396,10,15,Mujeres,N/A,N/A,5704.52
2882,397,10,15,Mujeres,N/A,N/A,5990.53
2883,398,10,15,Mujeres,N/A,N/A,5976.39
2884,399,10,15,Mujeres,N/A,N/A,6513.9
2885,400,10,15,Mujeres,N/A,N/A,6147.52
2886,385,11,15,Mujeres,N/A,N/A,13052.52
2887,386,11,15,Mujeres,N/A,N/A,12982.74
2888,387,11,15,Mujeres,N/A,N/A,12194.48
2889,388,11,15,Mujeres,N/A,N/A,11456.35
2890,389,11,15,Mujeres,N/A,N/A,11122.43
2891,390,11,15,Mujeres,N/A,N/A,9929.88
2892,391,11,15,Mujeres,N/A,N/A,10263.83
2893,392,11,15,Mujeres,N/A,N/A,9621.41
2894,393,11,15,Mujeres,N/A,N/A,9325.93
2895,394,11,15,Mujeres,N/A,N/A,9643.97
2896,395,11,15,Mujeres,N/A,N/A,9034.0
2897,396,11,15,Mujeres,N/A,N/A,9589.28
2898,397,11,15,Mujeres,N/A,N/A,10189.79
2899,398,11,15,Mujeres,N/A,N/A,10212.36
2900,399,11,15,Mujeres,N/A,N/A,9567.77
2901,400,11,15,Mujeres,N/A,N/A,9322.44
2902,385,12,15,Mujeres,N/A,N/A,17641.25
2903,386,12,15,Mujeres,N/A,N/A,16981.34
2904,387,12,15,Mujeres,N/A,N/A,16257.09
2905,388,12,15,Mujeres,N/A,N/A,16093.74
2906,389,12,15,Mujeres,N/A,N/A,15598.4
2907,390,12,15,Mujeres,N/A,N/A,15498.24
2908,391,12,15,Mujeres,N/A,N/A,14803.44
2909,392,12,15,Mujeres,N/A,N/A,14437.37
2910,393,12,15,Mujeres,N/A,N/A,14294.84
2911,394,12,15,Mujeres,N/A,N/A,14269.14
2912,395,12,15,Mujeres,N/A,N/A,14055.89
2913,396,12,15,Mujeres,N/A,N/A,14781.92
2914,397,12,15,Mujeres,N/A,N/A,15296.02
2915,398,12,15,Mujeres,N/A,N/A,14562.5
2916,399,12,15,Mujeres,N/A,N/A,14140.0
2917,400,12,15,Mujeres,N/A,N/A,13626.31
2918,385,9,16,Mujeres,N/A,N/A,27461.86
2919,386,9,16,Mujeres,N/A,N/A,26033.3
2920,387,9,16,Mujeres,N/A,N/A,24809.14
2921,388,9,16,Mujeres,N/A,N/A,24047.13
2922,389,9,16,Mujeres,N/A,N/A,23728.82
2923,390,9,16,Mujeres,N/A,N/A,22697.59
2924,391,9,16,Mujeres,N/A,N/A,21898.57
2925,392,9,16,Mujeres,N/A,N/A,20946.0
2926,393,9,16,Mujeres,N/A,N/A,20563.08
2927,394,9,16,Mujeres,N/A,N/A,20163.1
2928,395,9,16,Mujeres,N/A,N/A,19364.43
2929,396,9,16,Mujeres,N/A,N/A,19462.13
2930,397,9,16,Mujeres,N/A,N/A,19977.24
2931,398,9,16,Mujeres,N/A,N/A,19927.15
2932,399,9,16,Mujeres,N/A,N/A,19487.55
2933,400,9,16,Mujeres,N/A,N/A,19212.76
2934,385,10,16,Mujeres,N/A,N/A,11462.19
2935,386,10,16,Mujeres,N/A,N/A,9624.05
2936,387,10,16,Mujeres,N/A,N/A,9304.28
2937,388,10,16,Mujeres,N/A,N/A,8316.16
2938,389,10,16,Mujeres,N/A,N/A,8195.45
2939,390,10,16,Mujeres,N/A,N/A,8976.71
2940,391,10,16,Mujeres,N/A,N/A,8542.04
2941,392,10,16,Mujeres,N/A,N/A,7526.25
2942,393,10,16,Mujeres,N/A,N/A,6686.39
2943,394,10,16,Mujeres,N/A,N/A,7290.8
2944,395,10,16,Mujeres,N/A,N/A,6049.11
2945,396,10,16,Mujeres,N/A,N/A,6849.33
2946,397,10,16,Mujeres,N/A,N/A,7391.01
2947,398,10,16,Mujeres,N/A,N/A,7304.54
2948,399,10,16,Mujeres,N/A,N/A,6485.99
2949,400,10,16,Mujeres,N/A,N/A,7450.08
2950,385,11,16,Mujeres,N/A,N/A,17040.21
2951,386,11,16,Mujeres,N/A,N/A,15558.72
2952,387,11,16,Mujeres,N/A,N/A,14831.93
2953,388,11,16,Mujeres,N/A,N/A,14619.03
2954,389,11,16,Mujeres,N/A,N/A,14278.71
2955,390,11,16,Mujeres,N/A,N/A,13640.48
2956,391,11,16,Mujeres,N/A,N/A,13073.35
2957,392,11,16,Mujeres,N/A,N/A,12484.41
2958,393,11,16,Mujeres,N/A,N/A,11726.41
2959,394,11,16,Mujeres,N/A,N/A,11954.11
2960,395,11,16,Mujeres,N/A,N/A,11164.12
2961,396,11,16,Mujeres,N/A,N/A,11623.38
2962,397,11,16,Mujeres,N/A,N/A,12125.75
2963,398,11,16,Mujeres,N/A,N/A,12350.65
2964,399,11,16,Mujeres,N/A,N/A,11986.88
2965,400,11,16,Mujeres,N/A,N/A,12036.96
2966,385,12,16,Mujeres,N/A,N/A,24734.46
2967,386,12,16,Mujeres,N/A,N/A,23484.97
2968,387,12,16,Mujeres,N/A,N/A,22431.68
2969,388,12,16,Mujeres,N/A,N/A,21861.92
2970,389,12,16,Mujeres,N/A,N/A,21967.08
2971,390,12,16,Mujeres,N/A,N/A,20530.96
2972,391,12,16,Mujeres,N/A,N/A,19740.36
2973,392,12,16,Mujeres,N/A,N/A,19009.17
2974,393,12,16,Mujeres,N/A,N/A,18597.38
2975,394,12,16,Mujeres,N/A,N/A,18047.26
2976,395,12,16,Mujeres,N/A,N/A,17667.6
2977,396,12,16,Mujeres,N/A,N/A,17807.06
2978,397,12,16,Mujeres,N/A,N/A,18480.46
2979,398,12,16,Mujeres,N/A,N/A,18188.13
2980,399,12,16,Mujeres,N/A,N/A,17933.01
2981,400,12,16,Mujeres,N/A,N/A,17073.42
2982,385,9,17,Mujeres,N/A,N/A,31038.84
2983,386,9,17,Mujeres,N/A,N/A,29314.69
2984,387,9,17,Mujeres,N/A,N/A,28084.16
2985,388,9,17,Mujeres,N/A,N/A,27125.9
2986,389,9,17,Mujeres,N/A,N/A,26197.62
2987,390,9,17,Mujeres,N/A,N/A,24757.18
2988,391,9,17,Mujeres,N/A,N/A,24165.97
2989,392,9,17,Mujeres,N/A,N/A,23428.18
2990,393,9,17,Mujeres,N/A,N/A,23537.06
2991,394,9,17,Mujeres,N/A,N/A,23781.55
2992,395,9,17,Mujeres,N/A,N/A,22687.39
2993,396,9,17,Mujeres,N/A,N/A,22313.41
2994,397,9,17,Mujeres,N/A,N/A,22449.59
2995,398,9,17,Mujeres,N/A,N/A,22706.1
2996,399,9,17,Mujeres,N/A,N/A,22502.47
2997,400,9,17,Mujeres,N/A,N/A,21766.07
2998,385,10,17,Mujeres,N/A,N/A,11075.36
2999,386,10,17,Mujeres,N/A,N/A,10523.0
3000,387,10,17,Mujeres,N/A,N/A,10638.76
3001,388,10,17,Mujeres,N/A,N/A,9481.38
3002,389,10,17,Mujeres,N/A,N/A,8670.62
3003,390,10,17,Mujeres,N/A,N/A,7668.76
3004,391,10,17,Mujeres,N/A,N/A,7765.0
3005,392,10,17,Mujeres,N/A,N/A,7336.21
3006,393,10,17,Mujeres,N/A,N/A,7603.0
3007,394,10,17,Mujeres,N/A,N/A,7211.7
3008,395,10,17,Mujeres,N/A,N/A,7888.84
3009,396,10,17,Mujeres,N/A,N/A,7552.78
3010,397,10,17,Mujeres,N/A,N/A,7679.88
3011,398,10,17,Mujeres,N/A,N/A,8475.77
3012,399,10,17,Mujeres,N/A,N/A,8635.48
3013,400,10,17,Mujeres,N/A,N/A,8362.43
3014,385,11,17,Mujeres,N/A,N/A,17345.0
3015,386,11,17,Mujeres,N/A,N/A,16997.47
3016,387,11,17,Mujeres,N/A,N/A,15743.59
3017,388,11,17,Mujeres,N/A,N/A,15058.97
3018,389,11,17,Mujeres,N/A,N/A,14666.0
3019,390,11,17,Mujeres,N/A,N/A,13331.94
3020,391,11,17,Mujeres,N/A,N/A,13515.58
3021,392,11,17,Mujeres,N/A,N/A,12796.19
3022,393,11,17,Mujeres,N/A,N/A,12844.93
3023,394,11,17,Mujeres,N/A,N/A,12577.12
3024,395,11,17,Mujeres,N/A,N/A,12729.73
3025,396,11,17,Mujeres,N/A,N/A,12514.09
3026,397,11,17,Mujeres,N/A,N/A,13165.26
3027,398,11,17,Mujeres,N/A,N/A,13001.53
3028,399,11,17,Mujeres,N/A,N/A,12940.86
3029,400,11,17,Mujeres,N/A,N/A,12998.43
3030,385,12,17,Mujeres,N/A,N/A,26872.55
3031,386,12,17,Mujeres,N/A,N/A,24911.92
3032,387,12,17,Mujeres,N/A,N/A,24316.65
3033,388,12,17,Mujeres,N/A,N/A,23566.0
3034,389,12,17,Mujeres,N/A,N/A,22498.0
3035,390,12,17,Mujeres,N/A,N/A,20933.65
3036,391,12,17,Mujeres,N/A,N/A,21242.12
3037,392,12,17,Mujeres,N/A,N/A,20464.68
3038,393,12,17,Mujeres,N/A,N/A,20504.0
3039,394,12,17,Mujeres,N/A,N/A,21358.92
3040,395,12,17,Mujeres,N/A,N/A,19576.9
3041,396,12,17,Mujeres,N/A,N/A,19640.0
3042,397,12,17,Mujeres,N/A,N/A,19707.94
3043,398,12,17,Mujeres,N/A,N/A,19447.42
3044,399,12,17,Mujeres,N/A,N/A,19422.02
3045,400,12,17,Mujeres,N/A,N/A,18774.61
3046,385,9,18,Mujeres,N/A,N/A,24307.34
3047,386,9,18,Mujeres,N/A,N/A,22264.39
3048,387,9,18,Mujeres,N/A,N/A,21135.77
3049,388,9,18,Mujeres,N/A,N/A,20959.44
3050,389,9,18,Mujeres,N/A,N/A,20377.23
3051,390,9,18,Mujeres,N/A,N/A,19770.93
3052,391,9,18,Mujeres,N/A,N/A,19353.55
3053,392,9,18,Mujeres,N/A,N/A,19047.2
3054,393,9,18,Mujeres,N/A,N/A,18762.15
3055,394,9,18,Mujeres,N/A,N/A,18959.85
3056,395,9,18,Mujeres,N/A,N/A,17435.56
3057,396,9,18,Mujeres,N/A,N/A,17486.66
3058,397,9,18,Mujeres,N/A,N/A,18328.41
3059,398,9,18,Mujeres,N/A,N/A,18131.05
3060,399,9,18,Mujeres,N/A,N/A,18702.22
3061,400,9,18,Mujeres,N/A,N/A,18364.2
3062,385,10,18,Mujeres,N/A,N/A,9788.4
3063,386,10,18,Mujeres,N/A,N/A,8116.84
3064,387,10,18,Mujeres,N/A,N/A,8287.22
3065,388,10,18,Mujeres,N/A,N/A,7837.56
3066,389,10,18,Mujeres,N/A,N/A,6921.9
3067,390,10,18,Mujeres,N/A,N/A,7477.68
3068,391,10,18,Mujeres,N/A,N/A,6985.17
3069,392,10,18,Mujeres,N/A,N/A,6528.3
3070,393,10,18,Mujeres,N/A,N/A,6018.78
3071,394,10,18,Mujeres,N/A,N/A,6238.44
3072,395,10,18,Mujeres,N/A,N/A,6924.7
3073,396,10,18,Mujeres,N/A,N/A,6807.08
3074,397,10,18,Mujeres,N/A,N/A,6781.84
3075,398,10,18,Mujeres,N/A,N/A,6914.22
3076,399,10,18,Mujeres,N/A,N/A,6761.42
3077,400,10,18,Mujeres,N/A,N/A,6561.38
3078,385,11,18,Mujeres,N/A,N/A,15114.78
3079,386,11,18,Mujeres,N/A,N/A,13238.67
3080,387,11,18,Mujeres,N/A,N/A,12995.39
3081,388,11,18,Mujeres,N/A,N/A,12321.99
3082,389,11,18,Mujeres,N/A,N/A,12051.6
3083,390,11,18,Mujeres,N/A,N/A,12193.54
3084,391,11,18,Mujeres,N/A,N/A,11089.16
3085,392,11,18,Mujeres,N/A,N/A,11026.54
3086,393,11,18,Mujeres,N/A,N/A,10796.71
3087,394,11,18,Mujeres,N/A,N/A,11314.27
3088,395,11,18,Mujeres,N/A,N/A,10751.62
3089,396,11,18,Mujeres,N/A,N/A,10313.51
3090,397,11,18,Mujeres,N/A,N/A,10973.09
3091,398,11,18,Mujeres,N/A,N/A,10950.0
3092,399,11,18,Mujeres,N/A,N/A,11762.2
3093,400,11,18,Mujeres,N/A,N/A,10949.31
3094,385,12,18,Mujeres,N/A,N/A,20782.94
3095,386,12,18,Mujeres,N/A,N/A,18613.25
3096,387,12,18,Mujeres,N/A,N/A,17955.65
3097,388,12,18,Mujeres,N/A,N/A,17061.71
3098,389,12,18,Mujeres,N/A,N/A,16888.67
3099,390,12,18,Mujeres,N/A,N/A,16793.4
3100,391,12,18,Mujeres,N/A,N/A,16395.19
3101,392,12,18,Mujeres,N/A,N/A,16648.52
3102,393,12,18,Mujeres,N/A,N/A,16342.7
3103,394,12,18,Mujeres,N/A,N/A,16134.6
3104,395,12,18,Mujeres,N/A,N/A,15319.33
3105,396,12,18,Mujeres,N/A,N/A,15069.41
3106,397,12,18,Mujeres,N/A,N/A,15288.72
3107,398,12,18,Mujeres,N/A,N/A,15653.58
3108,399,12,18,Mujeres,N/A,N/A,16011.14
3109,400,12,18,Mujeres,N/A,N/A,15450.58
3110,385,9,1,Hombres,N/A,N/A,30372.49
3111,386,9,1,Hombres,N/A,N/A,29381.84
3112,387,9,1,Hombres,N/A,N/A,28388.69
3113,388,9,1,Hombres,N/A,N/A,27642.52
3114,389,9,1,Hombres,N/A,N/A,26934.38
3115,390,9,1,Hombres,N/A,N/A,26738.19
3116,391,9,1,Hombres,N/A,N/A,26391.84
3117,392,9,1,Hombres,N/A,N/A,25924.43
3118,393,9,1,Hombres,N/A,N/A,25992.76
3119,394,9,1,Hombres,N/A,N/A,25727.24
3120,395,9,1,Hombres,N/A,N/A,25675.17
3121,396,9,1,Hombres,N/A,N/A,25682.05
3122,397,9,1,Hombres,N/A,N/A,25667.89
3123,398,9,1,Hombres,N/A,N/A,25479.74
3124,399,9,1,Hombres,N/A,N/A,25001.05
3125,400,9,1,Hombres,N/A,N/A,24203.33
3126,385,10,1,Hombres,N/A,N/A,14481.46
3127,386,10,1,Hombres,N/A,N/A,13943.78
3128,387,10,1,Hombres,N/A,N/A,13127.49
3129,388,10,1,Hombres,N/A,N/A,12611.6
3130,389,10,1,Hombres,N/A,N/A,12051.19
3131,390,10,1,Hombres,N/A,N/A,11364.18
3132,391,10,1,Hombres,N/A,N/A,11393.3
3133,392,10,1,Hombres,N/A,N/A,10760.06
3134,393,10,1,Hombres,N/A,N/A,11101.74
3135,394,10,1,Hombres,N/A,N/A,10242.05
3136,395,10,1,Hombres,N/A,N/A,10020.04
3137,396,10,1,Hombres,N/A,N/A,10552.8
3138,397,10,1,Hombres,N/A,N/A,10973.96
3139,398,10,1,Hombres,N/A,N/A,11391.44
3140,399,10,1,Hombres,N/A,N/A,11552.95
3141,400,10,1,Hombres,N/A,N/A,11594.27
3142,385,11,1,Hombres,N/A,N/A,18766.38
3143,386,11,1,Hombres,N/A,N/A,18000.0
3144,387,11,1,Hombres,N/A,N/A,17456.02
3145,388,11,1,Hombres,N/A,N/A,16903.83
3146,389,11,1,Hombres,N/A,N/A,16598.58
3147,390,11,1,Hombres,N/A,N/A,16475.96
3148,391,11,1,Hombres,N/A,N/A,16326.55
3149,392,11,1,Hombres,N/A,N/A,15832.23
3150,393,11,1,Hombres,N/A,N/A,15962.29
3151,394,11,1,Hombres,N/A,N/A,15688.2
3152,395,11,1,Hombres,N/A,N/A,15555.04
3153,396,11,1,Hombres,N/A,N/A,15705.88
3154,397,11,1,Hombres,N/A,N/A,15718.4
3155,398,11,1,Hombres,N/A,N/A,15770.16
3156,399,11,1,Hombres,N/A,N/A,15545.16
3157,400,11,1,Hombres,N/A,N/A,15160.0
3158,385,12,1,Hombres,N/A,N/A,25088.03
3159,386,12,1,Hombres,N/A,N/A,24238.23
3160,387,12,1,Hombres,N/A,N/A,23490.62
3161,388,12,1,Hombres,N/A,N/A,22774.1
3162,389,12,1,Hombres,N/A,N/A,22368.07
3163,390,12,1,Hombres,N/A,N/A,22241.88
3164,391,12,1,Hombres,N/A,N/A,21970.34
3165,392,12,1,Hombres,N/A,N/A,21626.0
3166,393,12,1,Hombres,N/A,N/A,21740.88
3167,394,12,1,Hombres,N/A,N/A,21528.5
3168,395,12,1,Hombres,N/A,N/A,21371.13
3169,396,12,1,Hombres,N/A,N/A,21425.14
3170,397,12,1,Hombres,N/A,N/A,21487.99
3171,398,12,1,Hombres,N/A,N/A,21206.99
3172,399,12,1,Hombres,N/A,N/A,20730.71
3173,400,12,1,Hombres,N/A,N/A,20057.56
3174,385,9,2,Hombres,N/A,N/A,27085.5
3175,386,9,2,Hombres,N/A,N/A,26189.5
3176,387,9,2,Hombres,N/A,N/A,25464.78
3177,388,9,2,Hombres,N/A,N/A,24785.82
3178,389,9,2,Hombres,N/A,N/A,24527.67
3179,390,9,2,Hombres,N/A,N/A,24712.69
3180,391,9,2,Hombres,N/A,N/A,24175.52
3181,392,9,2,Hombres,N/A,N/A,24026.82
3182,393,9,2,Hombres,N/A,N/A,24200.2
3183,394,9,2,Hombres,N/A,N/A,23541.32
3184,395,9,2,Hombres,N/A,N/A,23565.36
3185,396,9,2,Hombres,N/A,N/A,23592.08
3186,397,9,2,Hombres,N/A,N/A,23815.22
3187,398,9,2,Hombres,N/A,N/A,23463.96
3188,399,9,2,Hombres,N/A,N/A,22908.86
3189,400,9,2,Hombres,N/A,N/A,22108.57
3190,385,10,2,Hombres,N/A,N/A,13672.96
3191,386,10,2,Hombres,N/A,N/A,13160.89
3192,387,10,2,Hombres,N/A,N/A,12697.99
3193,388,10,2,Hombres,N/A,N/A,12035.97
3194,389,10,2,Hombres,N/A,N/A,11481.32
3195,390,10,2,Hombres,N/A,N/A,10227.92
3196,391,10,2,Hombres,N/A,N/A,10159.35
3197,392,10,2,Hombres,N/A,N/A,9284.7
3198,393,10,2,Hombres,N/A,N/A,10031.36
3199,394,10,2,Hombres,N/A,N/A,9586.66
3200,395,10,2,Hombres,N/A,N/A,9072.66
3201,396,10,2,Hombres,N/A,N/A,9700.1
3202,397,10,2,Hombres,N/A,N/A,10277.09
3203,398,10,2,Hombres,N/A,N/A,10422.08
3204,399,10,2,Hombres,N/A,N/A,10694.53
3205,400,10,2,Hombres,N/A,N/A,11451.4
3206,385,11,2,Hombres,N/A,N/A,17185.72
3207,386,11,2,Hombres,N/A,N/A,16602.21
3208,387,11,2,Hombres,N/A,N/A,16407.86
3209,388,11,2,Hombres,N/A,N/A,15800.22
3210,389,11,2,Hombres,N/A,N/A,15769.42
3211,390,11,2,Hombres,N/A,N/A,15209.15
3212,391,11,2,Hombres,N/A,N/A,15680.56
3213,392,11,2,Hombres,N/A,N/A,15009.04
3214,393,11,2,Hombres,N/A,N/A,15183.2
3215,394,11,2,Hombres,N/A,N/A,15002.84
3216,395,11,2,Hombres,N/A,N/A,14737.2
3217,396,11,2,Hombres,N/A,N/A,14833.65
3218,397,11,2,Hombres,N/A,N/A,14839.16
3219,398,11,2,Hombres,N/A,N/A,15000.28
3220,399,11,2,Hombres,N/A,N/A,14880.34
3221,400,11,2,Hombres,N/A,N/A,14757.95
3222,385,12,2,Hombres,N/A,N/A,22387.18
3223,386,12,2,Hombres,N/A,N/A,21378.14
3224,387,12,2,Hombres,N/A,N/A,20997.73
3225,388,12,2,Hombres,N/A,N/A,20492.93
3226,389,12,2,Hombres,N/A,N/A,20433.9
3227,390,12,2,Hombres,N/A,N/A,20492.37
3228,391,12,2,Hombres,N/A,N/A,20410.32
3229,392,12,2,Hombres,N/A,N/A,20168.27
3230,393,12,2,Hombres,N/A,N/A,20109.36
3231,394,12,2,Hombres,N/A,N/A,19774.52
3232,395,12,2,Hombres,N/A,N/A,19750.02
3233,396,12,2,Hombres,N/A,N/A,19733.29
3234,397,12,2,Hombres,N/A,N/A,19772.01
3235,398,12,2,Hombres,N/A,N/A,19328.83
3236,399,12,2,Hombres,N/A,N/A,19125.41
3237,400,12,2,Hombres,N/A,N/A,18513.57
3238,385,9,3,Hombres,N/A,N/A,29589.45
3239,386,9,3,Hombres,N/A,N/A,28789.96
3240,387,9,3,Hombres,N/A,N/A,27389.18
3241,388,9,3,Hombres,N/A,N/A,26505.7
3242,389,9,3,Hombres,N/A,N/A,26404.73
3243,390,9,3,Hombres,N/A,N/A,26640.59
3244,391,9,3,Hombres,N/A,N/A,25878.46
3245,392,9,3,Hombres,N/A,N/A,25326.91
3246,393,9,3,Hombres,N/A,N/A,25555.56
3247,394,9,3,Hombres,N/A,N/A,25118.61
3248,395,9,3,Hombres,N/A,N/A,25128.91
3249,396,9,3,Hombres,N/A,N/A,25766.27
3250,397,9,3,Hombres,N/A,N/A,25258.68
3251,398,9,3,Hombres,N/A,N/A,25263.29
3252,399,9,3,Hombres,N/A,N/A,24787.81
3253,400,9,3,Hombres,N/A,N/A,24272.36
3254,385,10,3,Hombres,N/A,N/A,15627.42
3255,386,10,3,Hombres,N/A,N/A,15240.24
3256,387,10,3,Hombres,N/A,N/A,13729.12
3257,388,10,3,Hombres,N/A,N/A,13143.29
3258,389,10,3,Hombres,N/A,N/A,12876.74
3259,390,10,3,Hombres,N/A,N/A,12184.27
3260,391,10,3,Hombres,N/A,N/A,12523.16
3261,392,10,3,Hombres,N/A,N/A,11973.96
3262,393,10,3,Hombres,N/A,N/A,11948.41
3263,394,10,3,Hombres,N/A,N/A,10600.79
3264,395,10,3,Hombres,N/A,N/A,10164.88
3265,396,10,3,Hombres,N/A,N/A,12249.0
3266,397,10,3,Hombres,N/A,N/A,11974.6
3267,398,10,3,Hombres,N/A,N/A,11972.3
3268,399,10,3,Hombres,N/A,N/A,12760.34
3269,400,10,3,Hombres,N/A,N/A,12420.56
3270,385,11,3,Hombres,N/A,N/A,20189.23
3271,386,11,3,Hombres,N/A,N/A,19379.74
3272,387,11,3,Hombres,N/A,N/A,18671.27
3273,388,11,3,Hombres,N/A,N/A,17779.71
3274,389,11,3,Hombres,N/A,N/A,17348.92
3275,390,11,3,Hombres,N/A,N/A,17516.74
3276,391,11,3,Hombres,N/A,N/A,17363.47
3277,392,11,3,Hombres,N/A,N/A,16733.12
3278,393,11,3,Hombres,N/A,N/A,16666.19
3279,394,11,3,Hombres,N/A,N/A,16721.02
3280,395,11,3,Hombres,N/A,N/A,15883.32
3281,396,11,3,Hombres,N/A,N/A,16765.53
3282,397,11,3,Hombres,N/A,N/A,16616.19
3283,398,11,3,Hombres,N/A,N/A,16806.8
3284,399,11,3,Hombres,N/A,N/A,16667.1
3285,400,11,3,Hombres,N/A,N/A,16449.72
3286,385,12,3,Hombres,N/A,N/A,26478.21
3287,386,12,3,Hombres,N/A,N/A,25401.8
3288,387,12,3,Hombres,N/A,N/A,24341.89
3289,388,12,3,Hombres,N/A,N/A,23057.14
3290,389,12,3,Hombres,N/A,N/A,23180.28
3291,390,12,3,Hombres,N/A,N/A,23305.59
3292,391,12,3,Hombres,N/A,N/A,22790.36
3293,392,12,3,Hombres,N/A,N/A,22380.02
3294,393,12,3,Hombres,N/A,N/A,22452.41
3295,394,12,3,Hombres,N/A,N/A,22364.62
3296,395,12,3,Hombres,N/A,N/A,22275.4
3297,396,12,3,Hombres,N/A,N/A,22231.84
3298,397,12,3,Hombres,N/A,N/A,22542.61
3299,398,12,3,Hombres,N/A,N/A,22129.41
3300,399,12,3,Hombres,N/A,N/A,21989.38
3301,400,12,3,Hombres,N/A,N/A,21551.6
3302,385,9,4,Hombres,N/A,N/A,31033.72
3303,386,9,4,Hombres,N/A,N/A,29573.74
3304,387,9,4,Hombres,N/A,N/A,28399.51
3305,388,9,4,Hombres,N/A,N/A,27948.09
3306,389,9,4,Hombres,N/A,N/A,28481.75
3307,390,9,4,Hombres,N/A,N/A,27912.91
3308,391,9,4,Hombres,N/A,N/A,27849.0
3309,392,9,4,Hombres,N/A,N/A,27010.87
3310,393,9,4,Hombres,N/A,N/A,26514.68
3311,394,9,4,Hombres,N/A,N/A,25322.01
3312,395,9,4,Hombres,N/A,N/A,25500.04
3313,396,9,4,Hombres,N/A,N/A,25048.82
3314,397,9,4,Hombres,N/A,N/A,25346.39
3315,398,9,4,Hombres,N/A,N/A,25170.79
3316,399,9,4,Hombres,N/A,N/A,25175.71
3317,400,9,4,Hombres,N/A,N/A,24306.27
3318,385,10,4,Hombres,N/A,N/A,15135.7
3319,386,10,4,Hombres,N/A,N/A,14538.57
3320,387,10,4,Hombres,N/A,N/A,13369.84
3321,388,10,4,Hombres,N/A,N/A,12543.98
3322,389,10,4,Hombres,N/A,N/A,12600.0
3323,390,10,4,Hombres,N/A,N/A,11639.91
3324,391,10,4,Hombres,N/A,N/A,12134.3
3325,392,10,4,Hombres,N/A,N/A,11168.0
3326,393,10,4,Hombres,N/A,N/A,11210.72
3327,394,10,4,Hombres,N/A,N/A,9811.92
3328,395,10,4,Hombres,N/A,N/A,8535.31
3329,396,10,4,Hombres,N/A,N/A,9892.17
3330,397,10,4,Hombres,N/A,N/A,11471.52
3331,398,10,4,Hombres,N/A,N/A,11714.17
3332,399,10,4,Hombres,N/A,N/A,11323.52
3333,400,10,4,Hombres,N/A,N/A,11303.38
3334,385,11,4,Hombres,N/A,N/A,19867.17
3335,386,11,4,Hombres,N/A,N/A,19134.3
3336,387,11,4,Hombres,N/A,N/A,18400.65
3337,388,11,4,Hombres,N/A,N/A,18249.09
3338,389,11,4,Hombres,N/A,N/A,17884.68
3339,390,11,4,Hombres,N/A,N/A,17848.21
3340,391,11,4,Hombres,N/A,N/A,17879.09
3341,392,11,4,Hombres,N/A,N/A,17190.14
3342,393,11,4,Hombres,N/A,N/A,16980.66
3343,394,11,4,Hombres,N/A,N/A,16181.76
3344,395,11,4,Hombres,N/A,N/A,15770.78
3345,396,11,4,Hombres,N/A,N/A,16392.96
3346,397,11,4,Hombres,N/A,N/A,16795.11
3347,398,11,4,Hombres,N/A,N/A,16680.81
3348,399,11,4,Hombres,N/A,N/A,16235.44
3349,400,11,4,Hombres,N/A,N/A,15921.69
3350,385,12,4,Hombres,N/A,N/A,26369.55
3351,386,12,4,Hombres,N/A,N/A,25922.38
3352,387,12,4,Hombres,N/A,N/A,24842.33
3353,388,12,4,Hombres,N/A,N/A,24674.08
3354,389,12,4,Hombres,N/A,N/A,24572.07
3355,390,12,4,Hombres,N/A,N/A,24328.16
3356,391,12,4,Hombres,N/A,N/A,24030.46
3357,392,12,4,Hombres,N/A,N/A,23437.86
3358,393,12,4,Hombres,N/A,N/A,23248.86
3359,394,12,4,Hombres,N/A,N/A,22433.47
3360,395,12,4,Hombres,N/A,N/A,22383.08
3361,396,12,4,Hombres,N/A,N/A,21732.37
3362,397,12,4,Hombres,N/A,N/A,22029.51
3363,398,12,4,Hombres,N/A,N/A,21831.09
3364,399,12,4,Hombres,N/A,N/A,21397.37
3365,400,12,4,Hombres,N/A,N/A,21173.29
3366,385,9,5,Hombres,N/A,N/A,28754.2
3367,386,9,5,Hombres,N/A,N/A,28155.99
3368,387,9,5,Hombres,N/A,N/A,25898.51
3369,388,9,5,Hombres,N/A,N/A,25699.53
3370,389,9,5,Hombres,N/A,N/A,24914.51
3371,390,9,5,Hombres,N/A,N/A,24437.58
3372,391,9,5,Hombres,N/A,N/A,23538.43
3373,392,9,5,Hombres,N/A,N/A,23286.85
3374,393,9,5,Hombres,N/A,N/A,23411.35
3375,394,9,5,Hombres,N/A,N/A,23770.56
3376,395,9,5,Hombres,N/A,N/A,22584.78
3377,396,9,5,Hombres,N/A,N/A,22859.04
3378,397,9,5,Hombres,N/A,N/A,23188.8
3379,398,9,5,Hombres,N/A,N/A,23213.04
3380,399,9,5,Hombres,N/A,N/A,23285.93
3381,400,9,5,Hombres,N/A,N/A,22253.73
3382,385,10,5,Hombres,N/A,N/A,15131.8
3383,386,10,5,Hombres,N/A,N/A,14400.0
3384,387,10,5,Hombres,N/A,N/A,13743.31
3385,388,10,5,Hombres,N/A,N/A,13867.08
3386,389,10,5,Hombres,N/A,N/A,12829.36
3387,390,10,5,Hombres,N/A,N/A,12096.67
3388,391,10,5,Hombres,N/A,N/A,11612.11
3389,392,10,5,Hombres,N/A,N/A,10226.59
3390,393,10,5,Hombres,N/A,N/A,11656.27
3391,394,10,5,Hombres,N/A,N/A,10609.1
3392,395,10,5,Hombres,N/A,N/A,9249.26
3393,396,10,5,Hombres,N/A,N/A,9913.58
3394,397,10,5,Hombres,N/A,N/A,10731.96
3395,398,10,5,Hombres,N/A,N/A,11181.12
3396,399,10,5,Hombres,N/A,N/A,11788.86
3397,400,10,5,Hombres,N/A,N/A,11651.31
3398,385,11,5,Hombres,N/A,N/A,19555.74
3399,386,11,5,Hombres,N/A,N/A,18570.5
3400,387,11,5,Hombres,N/A,N/A,17541.36
3401,388,11,5,Hombres,N/A,N/A,17403.07
3402,389,11,5,Hombres,N/A,N/A,17149.94
3403,390,11,5,Hombres,N/A,N/A,15850.26
3404,391,11,5,Hombres,N/A,N/A,16038.48
3405,392,11,5,Hombres,N/A,N/A,15423.91
3406,393,11,5,Hombres,N/A,N/A,15852.0
3407,394,11,5,Hombres,N/A,N/A,16179.71
3408,395,11,5,Hombres,N/A,N/A,15100.5
3409,396,11,5,Hombres,N/A,N/A,15083.38
3410,397,11,5,Hombres,N/A,N/A,15082.52
3411,398,11,5,Hombres,N/A,N/A,15292.65
3412,399,11,5,Hombres,N/A,N/A,15148.63
3413,400,11,5,Hombres,N/A,N/A,14732.9
3414,385,12,5,Hombres,N/A,N/A,24094.98
3415,386,12,5,Hombres,N/A,N/A,23410.51
3416,387,12,5,Hombres,N/A,N/A,21946.42
3417,388,12,5,Hombres,N/A,N/A,21624.74
3418,389,12,5,Hombres,N/A,N/A,21327.78
3419,390,12,5,Hombres,N/A,N/A,21311.13
3420,391,12,5,Hombres,N/A,N/A,20252.93
3421,392,12,5,Hombres,N/A,N/A,20106.69
3422,393,12,5,Hombres,N/A,N/A,19994.15
3423,394,12,5,Hombres,N/A,N/A,20330.19
3424,395,12,5,Hombres,N/A,N/A,19295.0
3425,396,12,5,Hombres,N/A,N/A,19510.2
3426,397,12,5,Hombres,N/A,N/A,19921.2
3427,398,12,5,Hombres,N/A,N/A,19609.49
3428,399,12,5,Hombres,N/A,N/A,18869.73
3429,400,12,5,Hombres,N/A,N/A,18199.91
3430,385,9,6,Hombres,N/A,N/A,24604.44
3431,386,9,6,Hombres,N/A,N/A,23588.7
3432,387,9,6,Hombres,N/A,N/A,23619.76
3433,388,9,6,Hombres,N/A,N/A,22697.51
3434,389,9,6,Hombres,N/A,N/A,22082.69
3435,390,9,6,Hombres,N/A,N/A,22333.63
3436,391,9,6,Hombres,N/A,N/A,21291.66
3437,392,9,6,Hombres,N/A,N/A,21149.44
3438,393,9,6,Hombres,N/A,N/A,21336.72
3439,394,9,6,Hombres,N/A,N/A,20641.49
3440,395,9,6,Hombres,N/A,N/A,20678.43
3441,396,9,6,Hombres,N/A,N/A,21089.85
3442,397,9,6,Hombres,N/A,N/A,21090.86
3443,398,9,6,Hombres,N/A,N/A,20986.94
3444,399,9,6,Hombres,N/A,N/A,20109.24
3445,400,9,6,Hombres,N/A,N/A,19516.93
3446,385,10,6,Hombres,N/A,N/A,13792.83
3447,386,10,6,Hombres,N/A,N/A,13058.9
3448,387,10,6,Hombres,N/A,N/A,11635.74
3449,388,10,6,Hombres,N/A,N/A,11753.26
3450,389,10,6,Hombres,N/A,N/A,11439.97
3451,390,10,6,Hombres,N/A,N/A,10886.58
3452,391,10,6,Hombres,N/A,N/A,9897.61
3453,392,10,6,Hombres,N/A,N/A,9041.1
3454,393,10,6,Hombres,N/A,N/A,8538.67
3455,394,10,6,Hombres,N/A,N/A,9043.92
3456,395,10,6,Hombres,N/A,N/A,7877.31
3457,396,10,6,Hombres,N/A,N/A,8219.14
3458,397,10,6,Hombres,N/A,N/A,9125.77
3459,398,10,6,Hombres,N/A,N/A,9974.64
3460,399,10,6,Hombres,N/A,N/A,10206.2
3461,400,10,6,Hombres,N/A,N/A,10527.8
3462,385,11,6,Hombres,N/A,N/A,16223.39
3463,386,11,6,Hombres,N/A,N/A,15712.43
3464,387,11,6,Hombres,N/A,N/A,14782.49
3465,388,11,6,Hombres,N/A,N/A,14278.87
3466,389,11,6,Hombres,N/A,N/A,14142.88
3467,390,11,6,Hombres,N/A,N/A,14526.99
3468,391,11,6,Hombres,N/A,N/A,13652.33
3469,392,11,6,Hombres,N/A,N/A,13475.72
3470,393,11,6,Hombres,N/A,N/A,13578.97
3471,394,11,6,Hombres,N/A,N/A,12919.86
3472,395,11,6,Hombres,N/A,N/A,12880.62
3473,396,11,6,Hombres,N/A,N/A,13122.31
3474,397,11,6,Hombres,N/A,N/A,13123.3
3475,398,11,6,Hombres,N/A,N/A,13055.06
3476,399,11,6,Hombres,N/A,N/A,13590.0
3477,400,11,6,Hombres,N/A,N/A,13258.2
3478,385,12,6,Hombres,N/A,N/A,19963.8
3479,386,12,6,Hombres,N/A,N/A,19702.75
3480,387,12,6,Hombres,N/A,N/A,18679.87
3481,388,12,6,Hombres,N/A,N/A,18181.65
3482,389,12,6,Hombres,N/A,N/A,18239.21
3483,390,12,6,Hombres,N/A,N/A,18307.59
3484,391,12,6,Hombres,N/A,N/A,17776.74
3485,392,12,6,Hombres,N/A,N/A,17736.72
3486,393,12,6,Hombres,N/A,N/A,18042.41
3487,394,12,6,Hombres,N/A,N/A,17254.37
3488,395,12,6,Hombres,N/A,N/A,17603.76
3489,396,12,6,Hombres,N/A,N/A,17941.68
3490,397,12,6,Hombres,N/A,N/A,17775.63
3491,398,12,6,Hombres,N/A,N/A,16986.2
3492,399,12,6,Hombres,N/A,N/A,16949.1
3493,400,12,6,Hombres,N/A,N/A,16310.4
3494,385,9,7,Hombres,N/A,N/A,29145.64
3495,386,9,7,Hombres,N/A,N/A,27820.83
3496,387,9,7,Hombres,N/A,N/A,27233.75
3497,388,9,7,Hombres,N/A,N/A,25804.13
3498,389,9,7,Hombres,N/A,N/A,25795.43
3499,390,9,7,Hombres,N/A,N/A,25349.01
3500,391,9,7,Hombres,N/A,N/A,25249.94
3501,392,9,7,Hombres,N/A,N/A,25210.05
3502,393,9,7,Hombres,N/A,N/A,25259.83
3503,394,9,7,Hombres,N/A,N/A,24685.21
3504,395,9,7,Hombres,N/A,N/A,23224.6
3505,396,9,7,Hombres,N/A,N/A,23309.9
3506,397,9,7,Hombres,N/A,N/A,23793.64
3507,398,9,7,Hombres,N/A,N/A,23924.51
3508,399,9,7,Hombres,N/A,N/A,22933.0
3509,400,9,7,Hombres,N/A,N/A,22539.72
3510,385,10,7,Hombres,N/A,N/A,15211.92
3511,386,10,7,Hombres,N/A,N/A,12723.37
3512,387,10,7,Hombres,N/A,N/A,13680.33
3513,388,10,7,Hombres,N/A,N/A,13022.94
3514,389,10,7,Hombres,N/A,N/A,12600.0
3515,390,10,7,Hombres,N/A,N/A,11343.11
3516,391,10,7,Hombres,N/A,N/A,11479.99
3517,392,10,7,Hombres,N/A,N/A,11740.28
3518,393,10,7,Hombres,N/A,N/A,12093.27
3519,394,10,7,Hombres,N/A,N/A,10412.64
3520,395,10,7,Hombres,N/A,N/A,9759.36
3521,396,10,7,Hombres,N/A,N/A,10548.83
3522,397,10,7,Hombres,N/A,N/A,11625.38
3523,398,10,7,Hombres,N/A,N/A,11300.0
3524,399,10,7,Hombres,N/A,N/A,11921.93
3525,400,10,7,Hombres,N/A,N/A,12312.93
3526,385,11,7,Hombres,N/A,N/A,19590.31
3527,386,11,7,Hombres,N/A,N/A,18168.79
3528,387,11,7,Hombres,N/A,N/A,18380.86
3529,388,11,7,Hombres,N/A,N/A,16887.75
3530,389,11,7,Hombres,N/A,N/A,16776.55
3531,390,11,7,Hombres,N/A,N/A,16547.52
3532,391,11,7,Hombres,N/A,N/A,16044.22
3533,392,11,7,Hombres,N/A,N/A,15808.24
3534,393,11,7,Hombres,N/A,N/A,16354.9
3535,394,11,7,Hombres,N/A,N/A,16262.4
3536,395,11,7,Hombres,N/A,N/A,15461.31
3537,396,11,7,Hombres,N/A,N/A,15300.0
3538,397,11,7,Hombres,N/A,N/A,15623.16
3539,398,11,7,Hombres,N/A,N/A,15973.91
3540,399,11,7,Hombres,N/A,N/A,15767.6
3541,400,11,7,Hombres,N/A,N/A,15546.39
3542,385,12,7,Hombres,N/A,N/A,24540.45
3543,386,12,7,Hombres,N/A,N/A,23748.57
3544,387,12,7,Hombres,N/A,N/A,22998.26
3545,388,12,7,Hombres,N/A,N/A,21706.8
3546,389,12,7,Hombres,N/A,N/A,21609.68
3547,390,12,7,Hombres,N/A,N/A,21445.24
3548,391,12,7,Hombres,N/A,N/A,21322.62
3549,392,12,7,Hombres,N/A,N/A,20692.84
3550,393,12,7,Hombres,N/A,N/A,21468.08
3551,394,12,7,Hombres,N/A,N/A,21015.31
3552,395,12,7,Hombres,N/A,N/A,20001.84
3553,396,12,7,Hombres,N/A,N/A,19685.54
3554,397,12,7,Hombres,N/A,N/A,20318.96
3555,398,12,7,Hombres,N/A,N/A,20491.2
3556,399,12,7,Hombres,N/A,N/A,20134.47
3557,400,12,7,Hombres,N/A,N/A,19401.56
3558,385,9,8,Hombres,N/A,N/A,27360.49
3559,386,9,8,Hombres,N/A,N/A,26548.08
3560,387,9,8,Hombres,N/A,N/A,26263.49
3561,388,9,8,Hombres,N/A,N/A,25549.98
3562,389,9,8,Hombres,N/A,N/A,24665.79
3563,390,9,8,Hombres,N/A,N/A,24714.04
3564,391,9,8,Hombres,N/A,N/A,24782.8
3565,392,9,8,Hombres,N/A,N/A,24445.65
3566,393,9,8,Hombres,N/A,N/A,24135.64
3567,394,9,8,Hombres,N/A,N/A,22904.8
3568,395,9,8,Hombres,N/A,N/A,23379.0
3569,396,9,8,Hombres,N/A,N/A,23473.82
3570,397,9,8,Hombres,N/A,N/A,23482.58
3571,398,9,8,Hombres,N/A,N/A,23640.67
3572,399,9,8,Hombres,N/A,N/A,23116.47
3573,400,9,8,Hombres,N/A,N/A,22117.28
3574,385,10,8,Hombres,N/A,N/A,14623.84
3575,386,10,8,Hombres,N/A,N/A,12995.66
3576,387,10,8,Hombres,N/A,N/A,13439.05
3577,388,10,8,Hombres,N/A,N/A,13172.5
3578,389,10,8,Hombres,N/A,N/A,12453.04
3579,390,10,8,Hombres,N/A,N/A,11810.94
3580,391,10,8,Hombres,N/A,N/A,11579.65
3581,392,10,8,Hombres,N/A,N/A,11766.15
3582,393,10,8,Hombres,N/A,N/A,11661.8
3583,394,10,8,Hombres,N/A,N/A,10527.66
3584,395,10,8,Hombres,N/A,N/A,10053.48
3585,396,10,8,Hombres,N/A,N/A,10546.54
3586,397,10,8,Hombres,N/A,N/A,11150.4
3587,398,10,8,Hombres,N/A,N/A,11506.5
3588,399,10,8,Hombres,N/A,N/A,11483.69
3589,400,10,8,Hombres,N/A,N/A,11400.0
3590,385,11,8,Hombres,N/A,N/A,18576.66
3591,386,11,8,Hombres,N/A,N/A,17576.53
3592,387,11,8,Hombres,N/A,N/A,17592.02
3593,388,11,8,Hombres,N/A,N/A,17079.92
3594,389,11,8,Hombres,N/A,N/A,16302.05
3595,390,11,8,Hombres,N/A,N/A,16384.2
3596,391,11,8,Hombres,N/A,N/A,16324.44
3597,392,11,8,Hombres,N/A,N/A,16057.8
3598,393,11,8,Hombres,N/A,N/A,15929.93
3599,394,11,8,Hombres,N/A,N/A,15051.88
3600,395,11,8,Hombres,N/A,N/A,15099.09
3601,396,11,8,Hombres,N/A,N/A,15225.36
3602,397,11,8,Hombres,N/A,N/A,15343.78
3603,398,11,8,Hombres,N/A,N/A,15278.42
3604,399,11,8,Hombres,N/A,N/A,14865.17
3605,400,11,8,Hombres,N/A,N/A,14656.35
3606,385,12,8,Hombres,N/A,N/A,23735.9
3607,386,12,8,Hombres,N/A,N/A,22712.4
3608,387,12,8,Hombres,N/A,N/A,22476.57
3609,388,12,8,Hombres,N/A,N/A,21457.67
3610,389,12,8,Hombres,N/A,N/A,21042.97
3611,390,12,8,Hombres,N/A,N/A,20956.83
3612,391,12,8,Hombres,N/A,N/A,21162.75
3613,392,12,8,Hombres,N/A,N/A,20596.75
3614,393,12,8,Hombres,N/A,N/A,20548.94
3615,394,12,8,Hombres,N/A,N/A,19479.68
3616,395,12,8,Hombres,N/A,N/A,19873.03
3617,396,12,8,Hombres,N/A,N/A,19680.54
3618,397,12,8,Hombres,N/A,N/A,19891.88
3619,398,12,8,Hombres,N/A,N/A,19553.56
3620,399,12,8,Hombres,N/A,N/A,19133.17
3621,400,12,8,Hombres,N/A,N/A,18663.75
3622,385,9,9,Hombres,N/A,N/A,26766.25
3623,386,9,9,Hombres,N/A,N/A,25813.23
3624,387,9,9,Hombres,N/A,N/A,24897.33
3625,388,9,9,Hombres,N/A,N/A,24029.31
3626,389,9,9,Hombres,N/A,N/A,23494.17
3627,390,9,9,Hombres,N/A,N/A,23960.1
3628,391,9,9,Hombres,N/A,N/A,23160.99
3629,392,9,9,Hombres,N/A,N/A,22871.41
3630,393,9,9,Hombres,N/A,N/A,22765.56
3631,394,9,9,Hombres,N/A,N/A,22719.35
3632,395,9,9,Hombres,N/A,N/A,23316.59
3633,396,9,9,Hombres,N/A,N/A,22810.39
3634,397,9,9,Hombres,N/A,N/A,22771.53
3635,398,9,9,Hombres,N/A,N/A,22292.84
3636,399,9,9,Hombres,N/A,N/A,21980.61
3637,400,9,9,Hombres,N/A,N/A,21141.95
3638,385,10,9,Hombres,N/A,N/A,14733.67
3639,386,10,9,Hombres,N/A,N/A,14127.24
3640,387,10,9,Hombres,N/A,N/A,13370.0
3641,388,10,9,Hombres,N/A,N/A,13142.66
3642,389,10,9,Hombres,N/A,N/A,12600.0
3643,390,10,9,Hombres,N/A,N/A,11681.72
3644,391,10,9,Hombres,N/A,N/A,10444.27
3645,392,10,9,Hombres,N/A,N/A,10755.57
3646,393,10,9,Hombres,N/A,N/A,10728.17
3647,394,10,9,Hombres,N/A,N/A,10584.05
3648,395,10,9,Hombres,N/A,N/A,11457.96
3649,396,10,9,Hombres,N/A,N/A,11269.71
3650,397,10,9,Hombres,N/A,N/A,11877.96
3651,398,10,9,Hombres,N/A,N/A,12048.0
3652,399,10,9,Hombres,N/A,N/A,11709.13
3653,400,10,9,Hombres,N/A,N/A,11517.69
3654,385,11,9,Hombres,N/A,N/A,18045.09
3655,386,11,9,Hombres,N/A,N/A,17732.49
3656,387,11,9,Hombres,N/A,N/A,16998.38
3657,388,11,9,Hombres,N/A,N/A,16086.07
3658,389,11,9,Hombres,N/A,N/A,16199.26
3659,390,11,9,Hombres,N/A,N/A,16593.0
3660,391,11,9,Hombres,N/A,N/A,15625.8
3661,392,11,9,Hombres,N/A,N/A,15291.06
3662,393,11,9,Hombres,N/A,N/A,15232.03
3663,394,11,9,Hombres,N/A,N/A,15390.93
3664,395,11,9,Hombres,N/A,N/A,15229.86
3665,396,11,9,Hombres,N/A,N/A,15036.25
3666,397,11,9,Hombres,N/A,N/A,15319.59
3667,398,11,9,Hombres,N/A,N/A,15304.92
3668,399,11,9,Hombres,N/A,N/A,14896.75
3669,400,11,9,Hombres,N/A,N/A,14405.04
3670,385,12,9,Hombres,N/A,N/A,22602.77
3671,386,12,9,Hombres,N/A,N/A,22001.93
3672,387,12,9,Hombres,N/A,N/A,20970.07
3673,388,12,9,Hombres,N/A,N/A,20048.87
3674,389,12,9,Hombres,N/A,N/A,19757.49
3675,390,12,9,Hombres,N/A,N/A,20042.0
3676,391,12,9,Hombres,N/A,N/A,19295.42
3677,392,12,9,Hombres,N/A,N/A,19380.27
3678,393,12,9,Hombres,N/A,N/A,19305.7
3679,394,12,9,Hombres,N/A,N/A,19137.2
3680,395,12,9,Hombres,N/A,N/A,19200.0
3681,396,12,9,Hombres,N/A,N/A,18780.36
3682,397,12,9,Hombres,N/A,N/A,19145.12
3683,398,12,9,Hombres,N/A,N/A,18649.8
3684,399,12,9,Hombres,N/A,N/A,18001.5
3685,400,12,9,Hombres,N/A,N/A,17456.35
3686,385,9,10,Hombres,N/A,N/A,32721.58
3687,386,9,10,Hombres,N/A,N/A,31878.42
3688,387,9,10,Hombres,N/A,N/A,31212.67
3689,388,9,10,Hombres,N/A,N/A,30003.62
3690,389,9,10,Hombres,N/A,N/A,28965.38
3691,390,9,10,Hombres,N/A,N/A,28640.23
3692,391,9,10,Hombres,N/A,N/A,28323.31
3693,392,9,10,Hombres,N/A,N/A,27572.76
3694,393,9,10,Hombres,N/A,N/A,27514.06
3695,394,9,10,Hombres,N/A,N/A,27447.71
3696,395,9,10,Hombres,N/A,N/A,27684.3
3697,396,9,10,Hombres,N/A,N/A,27836.4
3698,397,9,10,Hombres,N/A,N/A,28025.61
3699,398,9,10,Hombres,N/A,N/A,27601.02
3700,399,9,10,Hombres,N/A,N/A,26901.3
3701,400,9,10,Hombres,N/A,N/A,26353.89
3702,385,10,10,Hombres,N/A,N/A,14690.54
3703,386,10,10,Hombres,N/A,N/A,14071.44
3704,387,10,10,Hombres,N/A,N/A,13330.08
3705,388,10,10,Hombres,N/A,N/A,12924.38
3706,389,10,10,Hombres,N/A,N/A,12166.59
3707,390,10,10,Hombres,N/A,N/A,11567.66
3708,391,10,10,Hombres,N/A,N/A,11820.25
3709,392,10,10,Hombres,N/A,N/A,10938.93
3710,393,10,10,Hombres,N/A,N/A,11525.97
3711,394,10,10,Hombres,N/A,N/A,10939.62
3712,395,10,10,Hombres,N/A,N/A,10020.04
3713,396,10,10,Hombres,N/A,N/A,10646.13
3714,397,10,10,Hombres,N/A,N/A,11300.62
3715,398,10,10,Hombres,N/A,N/A,11457.82
3716,399,10,10,Hombres,N/A,N/A,12265.32
3717,400,10,10,Hombres,N/A,N/A,12000.0
3718,385,11,10,Hombres,N/A,N/A,20127.63
3719,386,11,10,Hombres,N/A,N/A,20162.72
3720,387,11,10,Hombres,N/A,N/A,18781.58
3721,388,11,10,Hombres,N/A,N/A,18497.99
3722,389,11,10,Hombres,N/A,N/A,18090.72
3723,390,11,10,Hombres,N/A,N/A,17919.99
3724,391,11,10,Hombres,N/A,N/A,17760.96
3725,392,11,10,Hombres,N/A,N/A,17240.34
3726,393,11,10,Hombres,N/A,N/A,17334.06
3727,394,11,10,Hombres,N/A,N/A,16984.0
3728,395,11,10,Hombres,N/A,N/A,16696.72
3729,396,11,10,Hombres,N/A,N/A,17100.34
3730,397,11,10,Hombres,N/A,N/A,17521.2
3731,398,11,10,Hombres,N/A,N/A,17254.96
3732,399,11,10,Hombres,N/A,N/A,16978.71
3733,400,11,10,Hombres,N/A,N/A,16421.65
3734,385,12,10,Hombres,N/A,N/A,27970.36
3735,386,12,10,Hombres,N/A,N/A,27410.44
3736,387,12,10,Hombres,N/A,N/A,26477.82
3737,388,12,10,Hombres,N/A,N/A,25514.32
3738,389,12,10,Hombres,N/A,N/A,24775.69
3739,390,12,10,Hombres,N/A,N/A,24831.22
3740,391,12,10,Hombres,N/A,N/A,24473.89
3741,392,12,10,Hombres,N/A,N/A,24050.27
3742,393,12,10,Hombres,N/A,N/A,23738.27
3743,394,12,10,Hombres,N/A,N/A,23715.3
3744,395,12,10,Hombres,N/A,N/A,23922.5
3745,396,12,10,Hombres,N/A,N/A,24001.24
3746,397,12,10,Hombres,N/A,N/A,24093.65
3747,398,12,10,Hombres,N/A,N/A,23488.62
3748,399,12,10,Hombres,N/A,N/A,23196.66
3749,400,12,10,Hombres,N/A,N/A,22477.59
3750,385,9,11,Hombres,N/A,N/A,27933.36
3751,386,9,11,Hombres,N/A,N/A,26683.85
3752,387,9,11,Hombres,N/A,N/A,25914.86
3753,388,9,11,Hombres,N/A,N/A,25239.04
3754,389,9,11,Hombres,N/A,N/A,24499.53
3755,390,9,11,Hombres,N/A,N/A,24537.07
3756,391,9,11,Hombres,N/A,N/A,23867.74
3757,392,9,11,Hombres,N/A,N/A,23672.18
3758,393,9,11,Hombres,N/A,N/A,23919.14
3759,394,9,11,Hombres,N/A,N/A,23479.71
3760,395,9,11,Hombres,N/A,N/A,23651.4
3761,396,9,11,Hombres,N/A,N/A,24289.23
3762,397,9,11,Hombres,N/A,N/A,24171.87
3763,398,9,11,Hombres,N/A,N/A,23331.71
3764,399,9,11,Hombres,N/A,N/A,22951.64
3765,400,9,11,Hombres,N/A,N/A,22039.14
3766,385,10,11,Hombres,N/A,N/A,13910.47
3767,386,10,11,Hombres,N/A,N/A,13991.99
3768,387,10,11,Hombres,N/A,N/A,12234.23
3769,388,10,11,Hombres,N/A,N/A,11243.59
3770,389,10,11,Hombres,N/A,N/A,11113.4
3771,390,10,11,Hombres,N/A,N/A,10473.44
3772,391,10,11,Hombres,N/A,N/A,9413.59
3773,392,10,11,Hombres,N/A,N/A,9963.67
3774,393,10,11,Hombres,N/A,N/A,10858.06
3775,394,10,11,Hombres,N/A,N/A,8836.23
3776,395,10,11,Hombres,N/A,N/A,9991.38
3777,396,10,11,Hombres,N/A,N/A,10786.02
3778,397,10,11,Hombres,N/A,N/A,10748.56
3779,398,10,11,Hombres,N/A,N/A,10926.03
3780,399,10,11,Hombres,N/A,N/A,11080.21
3781,400,10,11,Hombres,N/A,N/A,11708.08
3782,385,11,11,Hombres,N/A,N/A,18106.98
3783,386,11,11,Hombres,N/A,N/A,17387.08
3784,387,11,11,Hombres,N/A,N/A,16564.36
3785,388,11,11,Hombres,N/A,N/A,15778.3
3786,389,11,11,Hombres,N/A,N/A,15833.6
3787,390,11,11,Hombres,N/A,N/A,15989.12
3788,391,11,11,Hombres,N/A,N/A,15478.53
3789,392,11,11,Hombres,N/A,N/A,15376.32
3790,393,11,11,Hombres,N/A,N/A,15648.39
3791,394,11,11,Hombres,N/A,N/A,15090.93
3792,395,11,11,Hombres,N/A,N/A,15280.2
3793,396,11,11,Hombres,N/A,N/A,15429.09
3794,397,11,11,Hombres,N/A,N/A,15532.59
3795,398,11,11,Hombres,N/A,N/A,14890.79
3796,399,11,11,Hombres,N/A,N/A,15146.7
3797,400,11,11,Hombres,N/A,N/A,14621.75
3798,385,12,11,Hombres,N/A,N/A,23340.07
3799,386,12,11,Hombres,N/A,N/A,22501.65
3800,387,12,11,Hombres,N/A,N/A,21773.13
3801,388,12,11,Hombres,N/A,N/A,20937.16
3802,389,12,11,Hombres,N/A,N/A,20600.02
3803,390,12,11,Hombres,N/A,N/A,20581.98
3804,391,12,11,Hombres,N/A,N/A,20063.8
3805,392,12,11,Hombres,N/A,N/A,19626.45
3806,393,12,11,Hombres,N/A,N/A,19980.62
3807,394,12,11,Hombres,N/A,N/A,20074.56
3808,395,12,11,Hombres,N/A,N/A,19661.29
3809,396,12,11,Hombres,N/A,N/A,20211.14
3810,397,12,11,Hombres,N/A,N/A,20044.29
3811,398,12,11,Hombres,N/A,N/A,19562.83
3812,399,12,11,Hombres,N/A,N/A,19025.75
3813,400,12,11,Hombres,N/A,N/A,18500.25
3814,385,9,12,Hombres,N/A,N/A,25179.79
3815,386,9,12,Hombres,N/A,N/A,23170.92
3816,387,9,12,Hombres,N/A,N/A,22794.52
3817,388,9,12,Hombres,N/A,N/A,22071.78
3818,389,9,12,Hombres,N/A,N/A,21823.73
3819,390,9,12,Hombres,N/A,N/A,21794.57
3820,391,9,12,Hombres,N/A,N/A,21585.18
3821,392,9,12,Hombres,N/A,N/A,21554.75
3822,393,9,12,Hombres,N/A,N/A,21813.81
3823,394,9,12,Hombres,N/A,N/A,20829.72
3824,395,9,12,Hombres,N/A,N/A,21780.9
3825,396,9,12,Hombres,N/A,N/A,21585.3
3826,397,9,12,Hombres,N/A,N/A,21318.32
3827,398,9,12,Hombres,N/A,N/A,20787.03
3828,399,9,12,Hombres,N/A,N/A,20207.93
3829,400,9,12,Hombres,N/A,N/A,19390.41
3830,385,10,12,Hombres,N/A,N/A,13856.24
3831,386,10,12,Hombres,N/A,N/A,12864.72
3832,387,10,12,Hombres,N/A,N/A,12575.14
3833,388,10,12,Hombres,N/A,N/A,12592.06
3834,389,10,12,Hombres,N/A,N/A,11800.33
3835,390,10,12,Hombres,N/A,N/A,10655.2
3836,391,10,12,Hombres,N/A,N/A,10710.26
3837,392,10,12,Hombres,N/A,N/A,9154.36
3838,393,10,12,Hombres,N/A,N/A,9350.51
3839,394,10,12,Hombres,N/A,N/A,8516.52
3840,395,10,12,Hombres,N/A,N/A,9723.06
3841,396,10,12,Hombres,N/A,N/A,10651.68
3842,397,10,12,Hombres,N/A,N/A,11377.14
3843,398,10,12,Hombres,N/A,N/A,11257.85
3844,399,10,12,Hombres,N/A,N/A,10875.86
3845,400,10,12,Hombres,N/A,N/A,10863.1
3846,385,11,12,Hombres,N/A,N/A,16905.44
3847,386,11,12,Hombres,N/A,N/A,15606.64
3848,387,11,12,Hombres,N/A,N/A,15239.35
3849,388,11,12,Hombres,N/A,N/A,14919.81
3850,389,11,12,Hombres,N/A,N/A,14996.16
3851,390,11,12,Hombres,N/A,N/A,14948.17
3852,391,11,12,Hombres,N/A,N/A,14642.76
3853,392,11,12,Hombres,N/A,N/A,14238.14
3854,393,11,12,Hombres,N/A,N/A,14142.1
3855,394,11,12,Hombres,N/A,N/A,13476.09
3856,395,11,12,Hombres,N/A,N/A,14036.41
3857,396,11,12,Hombres,N/A,N/A,14352.12
3858,397,11,12,Hombres,N/A,N/A,14052.18
3859,398,11,12,Hombres,N/A,N/A,13922.04
3860,399,11,12,Hombres,N/A,N/A,13741.96
3861,400,11,12,Hombres,N/A,N/A,13506.72
3862,385,12,12,Hombres,N/A,N/A,20800.08
3863,386,12,12,Hombres,N/A,N/A,19447.99
3864,387,12,12,Hombres,N/A,N/A,18859.72
3865,388,12,12,Hombres,N/A,N/A,18431.63
3866,389,12,12,Hombres,N/A,N/A,18367.82
3867,390,12,12,Hombres,N/A,N/A,18579.73
3868,391,12,12,Hombres,N/A,N/A,18366.85
3869,392,12,12,Hombres,N/A,N/A,17972.0
3870,393,12,12,Hombres,N/A,N/A,18150.31
3871,394,12,12,Hombres,N/A,N/A,17337.46
3872,395,12,12,Hombres,N/A,N/A,17656.86
3873,396,12,12,Hombres,N/A,N/A,17477.31
3874,397,12,12,Hombres,N/A,N/A,17606.86
3875,398,12,12,Hombres,N/A,N/A,16856.46
3876,399,12,12,Hombres,N/A,N/A,16710.36
3877,400,12,12,Hombres,N/A,N/A,16043.7
3878,385,9,13,Hombres,N/A,N/A,27479.85
3879,386,9,13,Hombres,N/A,N/A,26626.89
3880,387,9,13,Hombres,N/A,N/A,25794.19
3881,388,9,13,Hombres,N/A,N/A,25276.16
3882,389,9,13,Hombres,N/A,N/A,24542.83
3883,390,9,13,Hombres,N/A,N/A,24826.91
3884,391,9,13,Hombres,N/A,N/A,24321.64
3885,392,9,13,Hombres,N/A,N/A,23774.21
3886,393,9,13,Hombres,N/A,N/A,23189.76
3887,394,9,13,Hombres,N/A,N/A,22505.05
3888,395,9,13,Hombres,N/A,N/A,22522.55
3889,396,9,13,Hombres,N/A,N/A,22059.69
3890,397,9,13,Hombres,N/A,N/A,22381.85
3891,398,9,13,Hombres,N/A,N/A,22626.21
3892,399,9,13,Hombres,N/A,N/A,21829.8
3893,400,9,13,Hombres,N/A,N/A,21105.6
3894,385,10,13,Hombres,N/A,N/A,15009.01
3895,386,10,13,Hombres,N/A,N/A,13579.23
3896,387,10,13,Hombres,N/A,N/A,13636.1
3897,388,10,13,Hombres,N/A,N/A,13080.01
3898,389,10,13,Hombres,N/A,N/A,12600.0
3899,390,10,13,Hombres,N/A,N/A,11897.76
3900,391,10,13,Hombres,N/A,N/A,12287.88
3901,392,10,13,Hombres,N/A,N/A,11817.54
3902,393,10,13,Hombres,N/A,N/A,12014.48
3903,394,10,13,Hombres,N/A,N/A,10505.75
3904,395,10,13,Hombres,N/A,N/A,11581.7
3905,396,10,13,Hombres,N/A,N/A,11128.53
3906,397,10,13,Hombres,N/A,N/A,11897.35
3907,398,10,13,Hombres,N/A,N/A,12100.63
3908,399,10,13,Hombres,N/A,N/A,11778.96
3909,400,10,13,Hombres,N/A,N/A,11384.98
3910,385,11,13,Hombres,N/A,N/A,18689.93
3911,386,11,13,Hombres,N/A,N/A,17882.78
3912,387,11,13,Hombres,N/A,N/A,17290.67
3913,388,11,13,Hombres,N/A,N/A,16670.47
3914,389,11,13,Hombres,N/A,N/A,16370.47
3915,390,11,13,Hombres,N/A,N/A,16227.76
3916,391,11,13,Hombres,N/A,N/A,16269.0
3917,392,11,13,Hombres,N/A,N/A,15918.42
3918,393,11,13,Hombres,N/A,N/A,15812.2
3919,394,11,13,Hombres,N/A,N/A,15213.71
3920,395,11,13,Hombres,N/A,N/A,15370.94
3921,396,11,13,Hombres,N/A,N/A,14907.87
3922,397,11,13,Hombres,N/A,N/A,14979.71
3923,398,11,13,Hombres,N/A,N/A,15403.59
3924,399,11,13,Hombres,N/A,N/A,14575.86
3925,400,11,13,Hombres,N/A,N/A,14386.25
3926,385,12,13,Hombres,N/A,N/A,23578.22
3927,386,12,13,Hombres,N/A,N/A,22994.16
3928,387,12,13,Hombres,N/A,N/A,21367.0
3929,388,12,13,Hombres,N/A,N/A,21045.87
3930,389,12,13,Hombres,N/A,N/A,20847.81
3931,390,12,13,Hombres,N/A,N/A,20357.74
3932,391,12,13,Hombres,N/A,N/A,20715.71
3933,392,12,13,Hombres,N/A,N/A,20204.71
3934,393,12,13,Hombres,N/A,N/A,19646.2
3935,394,12,13,Hombres,N/A,N/A,19060.07
3936,395,12,13,Hombres,N/A,N/A,19081.44
3937,396,12,13,Hombres,N/A,N/A,18257.96
3938,397,12,13,Hombres,N/A,N/A,18251.71
3939,398,12,13,Hombres,N/A,N/A,18574.49
3940,399,12,13,Hombres,N/A,N/A,17724.17
3941,400,12,13,Hombres,N/A,N/A,17253.93
3942,385,9,14,Hombres,N/A,N/A,35052.21
3943,386,9,14,Hombres,N/A,N/A,34113.4
3944,387,9,14,Hombres,N/A,N/A,32213.88
3945,388,9,14,Hombres,N/A,N/A,31495.31
3946,389,9,14,Hombres,N/A,N/A,30530.89
3947,390,9,14,Hombres,N/A,N/A,29816.34
3948,391,9,14,Hombres,N/A,N/A,29910.43
3949,392,9,14,Hombres,N/A,N/A,29111.2
3950,393,9,14,Hombres,N/A,N/A,29314.09
3951,394,9,14,Hombres,N/A,N/A,29734.23
3952,395,9,14,Hombres,N/A,N/A,29224.3
3953,396,9,14,Hombres,N/A,N/A,29116.2
3954,397,9,14,Hombres,N/A,N/A,28896.67
3955,398,9,14,Hombres,N/A,N/A,29016.28
3956,399,9,14,Hombres,N/A,N/A,29333.06
3957,400,9,14,Hombres,N/A,N/A,28228.42
3958,385,10,14,Hombres,N/A,N/A,14956.9
3959,386,10,14,Hombres,N/A,N/A,14473.41
3960,387,10,14,Hombres,N/A,N/A,13439.74
3961,388,10,14,Hombres,N/A,N/A,13191.93
3962,389,10,14,Hombres,N/A,N/A,12193.26
3963,390,10,14,Hombres,N/A,N/A,11538.92
3964,391,10,14,Hombres,N/A,N/A,12026.24
3965,392,10,14,Hombres,N/A,N/A,11168.75
3966,393,10,14,Hombres,N/A,N/A,11122.08
3967,394,10,14,Hombres,N/A,N/A,10345.91
3968,395,10,14,Hombres,N/A,N/A,10415.22
3969,396,10,14,Hombres,N/A,N/A,10974.0
3970,397,10,14,Hombres,N/A,N/A,11037.96
3971,398,10,14,Hombres,N/A,N/A,12030.09
3972,399,10,14,Hombres,N/A,N/A,11839.56
3973,400,10,14,Hombres,N/A,N/A,11453.0
3974,385,11,14,Hombres,N/A,N/A,19910.77
3975,386,11,14,Hombres,N/A,N/A,19020.12
3976,387,11,14,Hombres,N/A,N/A,18648.54
3977,388,11,14,Hombres,N/A,N/A,17649.47
3978,389,11,14,Hombres,N/A,N/A,16958.07
3979,390,11,14,Hombres,N/A,N/A,16610.58
3980,391,11,14,Hombres,N/A,N/A,16477.3
3981,392,11,14,Hombres,N/A,N/A,15889.39
3982,393,11,14,Hombres,N/A,N/A,15999.84
3983,394,11,14,Hombres,N/A,N/A,16169.88
3984,395,11,14,Hombres,N/A,N/A,16003.54
3985,396,11,14,Hombres,N/A,N/A,16338.12
3986,397,11,14,Hombres,N/A,N/A,16284.24
3987,398,11,14,Hombres,N/A,N/A,16650.2
3988,399,11,14,Hombres,N/A,N/A,16422.0
3989,400,11,14,Hombres,N/A,N/A,15897.87
3990,385,12,14,Hombres,N/A,N/A,28368.52
3991,386,12,14,Hombres,N/A,N/A,27110.0
3992,387,12,14,Hombres,N/A,N/A,26497.78
3993,388,12,14,Hombres,N/A,N/A,25381.84
3994,389,12,14,Hombres,N/A,N/A,24408.73
3995,390,12,14,Hombres,N/A,N/A,23682.67
3996,391,12,14,Hombres,N/A,N/A,23704.0
3997,392,12,14,Hombres,N/A,N/A,23368.24
3998,393,12,14,Hombres,N/A,N/A,23478.83
3999,394,12,14,Hombres,N/A,N/A,24238.32
4000,395,12,14,Hombres,N/A,N/A,24000.06
4001,396,12,14,Hombres,N/A,N/A,24178.37
4002,397,12,14,Hombres,N/A,N/A,23755.2
4003,398,12,14,Hombres,N/A,N/A,23662.92
4004,399,12,14,Hombres,N/A,N/A,23526.93
4005,400,12,14,Hombres,N/A,N/A,22633.84
4006,385,9,15,Hombres,N/A,N/A,27799.19
4007,386,9,15,Hombres,N/A,N/A,26240.66
4008,387,9,15,Hombres,N/A,N/A,25674.66
4009,388,9,15,Hombres,N/A,N/A,25227.26
4010,389,9,15,Hombres,N/A,N/A,24289.41
4011,390,9,15,Hombres,N/A,N/A,23670.24
4012,391,9,15,Hombres,N/A,N/A,24009.22
4013,392,9,15,Hombres,N/A,N/A,23947.99
4014,393,9,15,Hombres,N/A,N/A,23773.09
4015,394,9,15,Hombres,N/A,N/A,23419.03
4016,395,9,15,Hombres,N/A,N/A,23428.23
4017,396,9,15,Hombres,N/A,N/A,23487.03
4018,397,9,15,Hombres,N/A,N/A,23460.47
4019,398,9,15,Hombres,N/A,N/A,23482.48
4020,399,9,15,Hombres,N/A,N/A,22628.62
4021,400,9,15,Hombres,N/A,N/A,21174.93
4022,385,10,15,Hombres,N/A,N/A,14444.99
4023,386,10,15,Hombres,N/A,N/A,12996.3
4024,387,10,15,Hombres,N/A,N/A,12870.52
4025,388,10,15,Hombres,N/A,N/A,12092.87
4026,389,10,15,Hombres,N/A,N/A,12292.0
4027,390,10,15,Hombres,N/A,N/A,11272.43
4028,391,10,15,Hombres,N/A,N/A,11416.97
4029,392,10,15,Hombres,N/A,N/A,10692.82
4030,393,10,15,Hombres,N/A,N/A,11655.43
4031,394,10,15,Hombres,N/A,N/A,10140.18
4032,395,10,15,Hombres,N/A,N/A,10262.52
4033,396,10,15,Hombres,N/A,N/A,10310.04
4034,397,10,15,Hombres,N/A,N/A,10436.28
4035,398,10,15,Hombres,N/A,N/A,11644.6
4036,399,10,15,Hombres,N/A,N/A,10827.66
4037,400,10,15,Hombres,N/A,N/A,11766.93
4038,385,11,15,Hombres,N/A,N/A,18150.97
4039,386,11,15,Hombres,N/A,N/A,16696.63
4040,387,11,15,Hombres,N/A,N/A,16629.53
4041,388,11,15,Hombres,N/A,N/A,16581.24
4042,389,11,15,Hombres,N/A,N/A,15853.14
4043,390,11,15,Hombres,N/A,N/A,15211.05
4044,391,11,15,Hombres,N/A,N/A,15893.25
4045,392,11,15,Hombres,N/A,N/A,14717.85
4046,393,11,15,Hombres,N/A,N/A,15338.5
4047,394,11,15,Hombres,N/A,N/A,14757.0
4048,395,11,15,Hombres,N/A,N/A,14757.89
4049,396,11,15,Hombres,N/A,N/A,14909.5
4050,397,11,15,Hombres,N/A,N/A,14720.77
4051,398,11,15,Hombres,N/A,N/A,14977.48
4052,399,11,15,Hombres,N/A,N/A,14926.58
4053,400,11,15,Hombres,N/A,N/A,14704.93
4054,385,12,15,Hombres,N/A,N/A,22618.98
4055,386,12,15,Hombres,N/A,N/A,21555.29
4056,387,12,15,Hombres,N/A,N/A,21244.88
4057,388,12,15,Hombres,N/A,N/A,21142.41
4058,389,12,15,Hombres,N/A,N/A,20183.28
4059,390,12,15,Hombres,N/A,N/A,20046.05
4060,391,12,15,Hombres,N/A,N/A,20015.75
4061,392,12,15,Hombres,N/A,N/A,19568.38
4062,393,12,15,Hombres,N/A,N/A,19485.36
4063,394,12,15,Hombres,N/A,N/A,19407.09
4064,395,12,15,Hombres,N/A,N/A,19430.9
4065,396,12,15,Hombres,N/A,N/A,19258.53
4066,397,12,15,Hombres,N/A,N/A,19155.1
4067,398,12,15,Hombres,N/A,N/A,19343.5
4068,399,12,15,Hombres,N/A,N/A,18578.36
4069,400,12,15,Hombres,N/A,N/A,17602.94
4070,385,9,16,Hombres,N/A,N/A,34623.18
4071,386,9,16,Hombres,N/A,N/A,31959.85
4072,387,9,16,Hombres,N/A,N/A,31643.22
4073,388,9,16,Hombres,N/A,N/A,31317.91
4074,389,9,16,Hombres,N/A,N/A,30564.9
4075,390,9,16,Hombres,N/A,N/A,29546.12
4076,391,9,16,Hombres,N/A,N/A,29699.1
4077,392,9,16,Hombres,N/A,N/A,29098.99
4078,393,9,16,Hombres,N/A,N/A,28727.37
4079,394,9,16,Hombres,N/A,N/A,28659.74
4080,395,9,16,Hombres,N/A,N/A,27848.15
4081,396,9,16,Hombres,N/A,N/A,27632.8
4082,397,9,16,Hombres,N/A,N/A,27834.48
4083,398,9,16,Hombres,N/A,N/A,26982.49
4084,399,9,16,Hombres,N/A,N/A,26755.77
4085,400,9,16,Hombres,N/A,N/A,26635.75
4086,385,10,16,Hombres,N/A,N/A,18173.89
4087,386,10,16,Hombres,N/A,N/A,14095.39
4088,387,10,16,Hombres,N/A,N/A,15394.31
4089,388,10,16,Hombres,N/A,N/A,14728.68
4090,389,10,16,Hombres,N/A,N/A,14114.94
4091,390,10,16,Hombres,N/A,N/A,14790.02
4092,391,10,16,Hombres,N/A,N/A,13480.12
4093,392,10,16,Hombres,N/A,N/A,12714.2
4094,393,10,16,Hombres,N/A,N/A,12872.12
4095,394,10,16,Hombres,N/A,N/A,13266.96
4096,395,10,16,Hombres,N/A,N/A,11608.35
4097,396,10,16,Hombres,N/A,N/A,12116.83
4098,397,10,16,Hombres,N/A,N/A,13129.91
4099,398,10,16,Hombres,N/A,N/A,11205.36
4100,399,10,16,Hombres,N/A,N/A,13783.34
4101,400,10,16,Hombres,N/A,N/A,13438.94
4102,385,11,16,Hombres,N/A,N/A,23851.27
4103,386,11,16,Hombres,N/A,N/A,22193.01
4104,387,11,16,Hombres,N/A,N/A,21484.68
4105,388,11,16,Hombres,N/A,N/A,21222.7
4106,389,11,16,Hombres,N/A,N/A,20723.1
4107,390,11,16,Hombres,N/A,N/A,20553.03
4108,391,11,16,Hombres,N/A,N/A,20017.26
4109,392,11,16,Hombres,N/A,N/A,19078.73
4110,393,11,16,Hombres,N/A,N/A,19416.95
4111,394,11,16,Hombres,N/A,N/A,19989.76
4112,395,11,16,Hombres,N/A,N/A,18769.29
4113,396,11,16,Hombres,N/A,N/A,19226.93
4114,397,11,16,Hombres,N/A,N/A,19732.6
4115,398,11,16,Hombres,N/A,N/A,18593.62
4116,399,11,16,Hombres,N/A,N/A,18991.4
4117,400,11,16,Hombres,N/A,N/A,19000.94
4118,385,12,16,Hombres,N/A,N/A,30792.32
4119,386,12,16,Hombres,N/A,N/A,28806.88
4120,387,12,16,Hombres,N/A,N/A,28151.09
4121,388,12,16,Hombres,N/A,N/A,27762.48
4122,389,12,16,Hombres,N/A,N/A,27288.27
4123,390,12,16,Hombres,N/A,N/A,26845.99
4124,391,12,16,Hombres,N/A,N/A,26794.06
4125,392,12,16,Hombres,N/A,N/A,26322.04
4126,393,12,16,Hombres,N/A,N/A,26137.94
4127,394,12,16,Hombres,N/A,N/A,25900.32
4128,395,12,16,Hombres,N/A,N/A,25734.01
4129,396,12,16,Hombres,N/A,N/A,25401.59
4130,397,12,16,Hombres,N/A,N/A,25869.34
4131,398,12,16,Hombres,N/A,N/A,24699.19
4132,399,12,16,Hombres,N/A,N/A,24499.72
4133,400,12,16,Hombres,N/A,N/A,24983.72
4134,385,9,17,Hombres,N/A,N/A,35600.45
4135,386,9,17,Hombres,N/A,N/A,35095.67
4136,387,9,17,Hombres,N/A,N/A,33706.34
4137,388,9,17,Hombres,N/A,N/A,33040.1
4138,389,9,17,Hombres,N/A,N/A,32529.17
4139,390,9,17,Hombres,N/A,N/A,31970.3
4140,391,9,17,Hombres,N/A,N/A,31618.97
4141,392,9,17,Hombres,N/A,N/A,31001.21
4142,393,9,17,Hombres,N/A,N/A,31088.99
4143,394,9,17,Hombres,N/A,N/A,31271.0
4144,395,9,17,Hombres,N/A,N/A,30312.55
4145,396,9,17,Hombres,N/A,N/A,30084.89
4146,397,9,17,Hombres,N/A,N/A,29492.66
4147,398,9,17,Hombres,N/A,N/A,29708.66
4148,399,9,17,Hombres,N/A,N/A,28889.92
4149,400,9,17,Hombres,N/A,N/A,28264.0
4150,385,10,17,Hombres,N/A,N/A,16055.41
4151,386,10,17,Hombres,N/A,N/A,15598.29
4152,387,10,17,Hombres,N/A,N/A,15600.0
4153,388,10,17,Hombres,N/A,N/A,14866.35
4154,389,10,17,Hombres,N/A,N/A,14371.25
4155,390,10,17,Hombres,N/A,N/A,14445.02
4156,391,10,17,Hombres,N/A,N/A,14000.0
4157,392,10,17,Hombres,N/A,N/A,12622.4
4158,393,10,17,Hombres,N/A,N/A,14159.88
4159,394,10,17,Hombres,N/A,N/A,12489.4
4160,395,10,17,Hombres,N/A,N/A,11750.52
4161,396,10,17,Hombres,N/A,N/A,12800.77
4162,397,10,17,Hombres,N/A,N/A,13774.56
4163,398,10,17,Hombres,N/A,N/A,13965.41
4164,399,10,17,Hombres,N/A,N/A,14192.58
4165,400,10,17,Hombres,N/A,N/A,13320.0
4166,385,11,17,Hombres,N/A,N/A,22945.0
4167,386,11,17,Hombres,N/A,N/A,22247.2
4168,387,11,17,Hombres,N/A,N/A,21789.51
4169,388,11,17,Hombres,N/A,N/A,21138.0
4170,389,11,17,Hombres,N/A,N/A,20856.06
4171,390,11,17,Hombres,N/A,N/A,20908.0
4172,391,11,17,Hombres,N/A,N/A,20814.0
4173,392,11,17,Hombres,N/A,N/A,19951.2
4174,393,11,17,Hombres,N/A,N/A,20459.28
4175,394,11,17,Hombres,N/A,N/A,20349.13
4176,395,11,17,Hombres,N/A,N/A,19256.31
4177,396,11,17,Hombres,N/A,N/A,19876.94
4178,397,11,17,Hombres,N/A,N/A,19679.7
4179,398,11,17,Hombres,N/A,N/A,19553.56
4180,399,11,17,Hombres,N/A,N/A,19324.52
4181,400,11,17,Hombres,N/A,N/A,19086.06
4182,385,12,17,Hombres,N/A,N/A,32083.4
4183,386,12,17,Hombres,N/A,N/A,31877.52
4184,387,12,17,Hombres,N/A,N/A,30698.57
4185,388,12,17,Hombres,N/A,N/A,29858.0
4186,389,12,17,Hombres,N/A,N/A,29339.67
4187,390,12,17,Hombres,N/A,N/A,28922.3
4188,391,12,17,Hombres,N/A,N/A,29027.07
4189,392,12,17,Hombres,N/A,N/A,28419.15
4190,393,12,17,Hombres,N/A,N/A,28529.0
4191,394,12,17,Hombres,N/A,N/A,28799.94
4192,395,12,17,Hombres,N/A,N/A,27412.35
4193,396,12,17,Hombres,N/A,N/A,27896.6
4194,397,12,17,Hombres,N/A,N/A,27488.7
4195,398,12,17,Hombres,N/A,N/A,27126.19
4196,399,12,17,Hombres,N/A,N/A,26269.99
4197,400,12,17,Hombres,N/A,N/A,25863.81
4198,385,9,18,Hombres,N/A,N/A,28482.01
4199,386,9,18,Hombres,N/A,N/A,27741.6
4200,387,9,18,Hombres,N/A,N/A,26488.06
4201,388,9,18,Hombres,N/A,N/A,25664.88
4202,389,9,18,Hombres,N/A,N/A,25342.99
4203,390,9,18,Hombres,N/A,N/A,25593.27
4204,391,9,18,Hombres,N/A,N/A,24820.49
4205,392,9,18,Hombres,N/A,N/A,24653.37
4206,393,9,18,Hombres,N/A,N/A,24532.64
4207,394,9,18,Hombres,N/A,N/A,24814.25
4208,395,9,18,Hombres,N/A,N/A,23641.12
4209,396,9,18,Hombres,N/A,N/A,23097.08
4210,397,9,18,Hombres,N/A,N/A,23512.09
4211,398,9,18,Hombres,N/A,N/A,23641.44
4212,399,9,18,Hombres,N/A,N/A,23240.0
4213,400,9,18,Hombres,N/A,N/A,22549.68
4214,385,10,18,Hombres,N/A,N/A,14898.62
4215,386,10,18,Hombres,N/A,N/A,14198.08
4216,387,10,18,Hombres,N/A,N/A,13792.2
4217,388,10,18,Hombres,N/A,N/A,12952.77
4218,389,10,18,Hombres,N/A,N/A,12469.74
4219,390,10,18,Hombres,N/A,N/A,12438.61
4220,391,10,18,Hombres,N/A,N/A,12200.78
4221,392,10,18,Hombres,N/A,N/A,11769.53
4222,393,10,18,Hombres,N/A,N/A,12865.75
4223,394,10,18,Hombres,N/A,N/A,12894.07
4224,395,10,18,Hombres,N/A,N/A,9439.35
4225,396,10,18,Hombres,N/A,N/A,9617.58
4226,397,10,18,Hombres,N/A,N/A,11757.58
4227,398,10,18,Hombres,N/A,N/A,11992.32
4228,399,10,18,Hombres,N/A,N/A,12781.15
4229,400,10,18,Hombres,N/A,N/A,12602.95
4230,385,11,18,Hombres,N/A,N/A,20016.5
4231,386,11,18,Hombres,N/A,N/A,19072.16
4232,387,11,18,Hombres,N/A,N/A,18456.78
4233,388,11,18,Hombres,N/A,N/A,17640.71
4234,389,11,18,Hombres,N/A,N/A,17405.96
4235,390,11,18,Hombres,N/A,N/A,17679.0
4236,391,11,18,Hombres,N/A,N/A,16997.73
4237,392,11,18,Hombres,N/A,N/A,16879.66
4238,393,11,18,Hombres,N/A,N/A,16624.9
4239,394,11,18,Hombres,N/A,N/A,16614.85
4240,395,11,18,Hombres,N/A,N/A,15063.43
4241,396,11,18,Hombres,N/A,N/A,15387.11
4242,397,11,18,Hombres,N/A,N/A,16217.0
4243,398,11,18,Hombres,N/A,N/A,16206.31
4244,399,11,18,Hombres,N/A,N/A,16108.09
4245,400,11,18,Hombres,N/A,N/A,15874.8
4246,385,12,18,Hombres,N/A,N/A,25361.31
4247,386,12,18,Hombres,N/A,N/A,24562.11
4248,387,12,18,Hombres,N/A,N/A,23104.98
4249,388,12,18,Hombres,N/A,N/A,22207.08
4250,389,12,18,Hombres,N/A,N/A,22000.0
4251,390,12,18,Hombres,N/A,N/A,22332.89
4252,391,12,18,Hombres,N/A,N/A,21534.49
4253,392,12,18,Hombres,N/A,N/A,21335.07
4254,393,12,18,Hombres,N/A,N/A,21344.0
4255,394,12,18,Hombres,N/A,N/A,21230.26
4256,395,12,18,Hombres,N/A,N/A,19887.99
4257,396,12,18,Hombres,N/A,N/A,20229.41
4258,397,12,18,Hombres,N/A,N/A,20595.07
4259,398,12,18,Hombres,N/A,N/A,20413.18
4260,399,12,18,Hombres,N/A,N/A,20019.66
4261,400,12,18,Hombres,N/A,N/A,19392.13
4262,289,13,1,Total,"Industria, construcción y servicios (excepto actividades de los hogares como empleadores y de organizaciones y organismos extraterritoriales)",N/A,2268.0
4263,290,13,1,Total,"Industria, construcción y servicios (excepto actividades de los hogares como empleadores y de organizaciones y organismos extraterritoriales)",N/A,2416.5
4264,291,13,1,Total,"Industria, construcción y servicios (excepto actividades de los hogares como empleadores y de organizaciones y organismos extraterritoriales)",N/A,2290.46
4265,292,13,1,Total,"Industria, construcción y servicios (excepto actividades de los hogares como empleadores y de organizaciones y organismos extraterritoriales)",N/A,2442.32
4266,293,13,1,Total,"Industria, construcción y servicios (excepto actividades de los hogares como empleadores y de organizaciones y organismos extraterritoriales)",N/A,2205.43
4267,294,13,1,Total,"Industria, construcción y servicios (excepto actividades de los hogares como empleadores y de organizaciones y organismos extraterritoriales)",N/A,2353.59
4268,295,13,1,Total,"Industria, construcción y servicios (excepto actividades de los hogares como empleadores y de organizaciones y organismos extraterritoriales)",N/A,2206.06
4269,296,13,1,Total,"Industria, construcción y servicios (excepto actividades de los hogares como empleadores y de organizaciones y organismos extraterritoriales)",N/A,2359.38
4270,297,13,1,Total,"Industria, construcción y servicios (excepto actividades de los hogares como empleadores y de organizaciones y organismos extraterritoriales)",N/A,2117.8
4271,298,13,1,Total,"Industria, construcción y servicios (excepto actividades de los hogares como empleadores y de organizaciones y organismos extraterritoriales)",N/A,2262.63
4272,299,13,1,Total,"Industria, construcción y servicios (excepto actividades de los hogares como empleadores y de organizaciones y organismos extraterritoriales)",N/A,2126.63
4273,300,13,1,Total,"Industria, construcción y servicios (excepto actividades de los hogares como empleadores y de organizaciones y organismos extraterritoriales)",N/A,2268.0
4274,301,13,1,Total,"Industria, construcción y servicios (excepto actividades de los hogares como empleadores y de organizaciones y organismos extraterritoriales)",N/A,2032.05
4275,302,13,1,Total,"Industria, construcción y servicios (excepto actividades de los hogares como empleadores y de organizaciones y organismos extraterritoriales)",N/A,2153.88
4276,303,13,1,Total,"Industria, construcción y servicios (excepto actividades de los hogares como empleadores y de organizaciones y organismos extraterritoriales)",N/A,2006.61
4277,304,13,1,Total,"Industria, construcción y servicios (excepto actividades de los hogares como empleadores y de organizaciones y organismos extraterritoriales)",N/A,2165.79
4278,305,13,1,Total,"Industria, construcción y servicios (excepto actividades de los hogares como empleadores y de organizaciones y organismos extraterritoriales)",N/A,1952.37
4279,306,13,1,Total,"Industria, construcción y servicios (excepto actividades de los hogares como empleadores y de organizaciones y organismos extraterritoriales)",N/A,2064.37
4280,307,13,1,Total,"Industria, construcción y servicios (excepto actividades de los hogares como empleadores y de organizaciones y organismos extraterritoriales)",N/A,1907.82
4281,308,13,1,Total,"Industria, construcción y servicios (excepto actividades de los hogares como empleadores y de organizaciones y organismos extraterritoriales)",N/A,2061.32
4282,309,13,1,Total,"Industria, construcción y servicios (excepto actividades de los hogares como empleadores y de organizaciones y organismos extraterritoriales)",N/A,1859.12
4283,310,13,1,Total,"Industria, construcción y servicios (excepto actividades de los hogares como empleadores y de organizaciones y organismos extraterritoriales)",N/A,1804.08
4284,311,13,1,Total,"Industria, construcción y servicios (excepto actividades de los hogares como empleadores y de organizaciones y organismos extraterritoriales)",N/A,1889.78
4285,312,13,1,Total,"Industria, construcción y servicios (excepto actividades de los hogares como empleadores y de organizaciones y organismos extraterritoriales)",N/A,2075.43
4286,313,13,1,Total,"Industria, construcción y servicios (excepto actividades de los hogares como empleadores y de organizaciones y organismos extraterritoriales)",N/A,1876.95
4287,314,13,1,Total,"Industria, construcción y servicios (excepto actividades de los hogares como empleadores y de organizaciones y organismos extraterritoriales)",N/A,1992.18
4288,315,13,1,Total,"Industria, construcción y servicios (excepto actividades de los hogares como empleadores y de organizaciones y organismos extraterritoriales)",N/A,1876.19
4289,316,13,1,Total,"Industria, construcción y servicios (excepto actividades de los hogares como empleadores y de organizaciones y organismos extraterritoriales)",N/A,2039.01
4290,317,13,1,Total,"Industria, construcción y servicios (excepto actividades de los hogares como empleadores y de organizaciones y organismos extraterritoriales)",N/A,1842.62
4291,318,13,1,Total,"Industria, construcción y servicios (excepto actividades de los hogares como empleadores y de organizaciones y organismos extraterritoriales)",N/A,1951.81
4292,319,13,1,Total,"Industria, construcción y servicios (excepto actividades de los hogares como empleadores y de organizaciones y organismos extraterritoriales)",N/A,1844.24
4293,320,13,1,Total,"Industria, construcción y servicios (excepto actividades de los hogares como empleadores y de organizaciones y organismos extraterritoriales)",N/A,2020.14
4294,321,13,1,Total,"Industria, construcción y servicios (excepto actividades de los hogares como empleadores y de organizaciones y organismos extraterritoriales)",N/A,1809.12
4295,322,13,1,Total,"Industria, construcción y servicios (excepto actividades de los hogares como empleadores y de organizaciones y organismos extraterritoriales)",N/A,1942.01
4296,323,13,1,Total,"Industria, construcción y servicios (excepto actividades de los hogares como empleadores y de organizaciones y organismos extraterritoriales)",N/A,1829.13
4297,324,13,1,Total,"Industria, construcción y servicios (excepto actividades de los hogares como empleadores y de organizaciones y organismos extraterritoriales)",N/A,2010.73
4298,325,13,1,Total,"Industria, construcción y servicios (excepto actividades de los hogares como empleadores y de organizaciones y organismos extraterritoriales)",N/A,1804.01
4299,326,13,1,Total,"Industria, construcción y servicios (excepto actividades de los hogares como empleadores y de organizaciones y organismos extraterritoriales)",N/A,1943.01
4300,327,13,1,Total,"Industria, construcción y servicios (excepto actividades de los hogares como empleadores y de organizaciones y organismos extraterritoriales)",N/A,1832.26
4301,328,13,1,Total,"Industria, construcción y servicios (excepto actividades de los hogares como empleadores y de organizaciones y organismos extraterritoriales)",N/A,2026.14
4302,329,13,1,Total,"Industria, construcción y servicios (excepto actividades de los hogares como empleadores y de organizaciones y organismos extraterritoriales)",N/A,1809.88
4303,330,13,1,Total,"Industria, construcción y servicios (excepto actividades de los hogares como empleadores y de organizaciones y organismos extraterritoriales)",N/A,1941.74
4304,331,13,1,Total,"Industria, construcción y servicios (excepto actividades de los hogares como empleadores y de organizaciones y organismos extraterritoriales)",N/A,1831.7
4305,332,13,1,Total,"Industria, construcción y servicios (excepto actividades de los hogares como empleadores y de organizaciones y organismos extraterritoriales)",N/A,1991.84
4306,333,13,1,Total,"Industria, construcción y servicios (excepto actividades de los hogares como empleadores y de organizaciones y organismos extraterritoriales)",N/A,1800.46
4307,334,13,1,Total,"Industria, construcción y servicios (excepto actividades de los hogares como empleadores y de organizaciones y organismos extraterritoriales)",N/A,1929.58
4308,335,13,1,Total,"Industria, construcción y servicios (excepto actividades de los hogares como empleadores y de organizaciones y organismos extraterritoriales)",N/A,1805.76
4309,336,13,1,Total,"Industria, construcción y servicios (excepto actividades de los hogares como empleadores y de organizaciones y organismos extraterritoriales)",N/A,1995.68
4310,337,13,1,Total,"Industria, construcción y servicios (excepto actividades de los hogares como empleadores y de organizaciones y organismos extraterritoriales)",N/A,1801.42
4311,338,13,1,Total,"Industria, construcción y servicios (excepto actividades de los hogares como empleadores y de organizaciones y organismos extraterritoriales)",N/A,1928.72
4312,339,13,1,Total,"Industria, construcción y servicios (excepto actividades de los hogares como empleadores y de organizaciones y organismos extraterritoriales)",N/A,1809.22
4313,340,13,1,Total,"Industria, construcción y servicios (excepto actividades de los hogares como empleadores y de organizaciones y organismos extraterritoriales)",N/A,1946.91
4314,341,13,1,Total,"Industria, construcción y servicios (excepto actividades de los hogares como empleadores y de organizaciones y organismos extraterritoriales)",N/A,1805.63
4315,342,13,1,Total,"Industria, construcción y servicios (excepto actividades de los hogares como empleadores y de organizaciones y organismos extraterritoriales)",N/A,1939.73
4316,343,13,1,Total,"Industria, construcción y servicios (excepto actividades de los hogares como empleadores y de organizaciones y organismos extraterritoriales)",N/A,1841.89
4317,344,13,1,Total,"Industria, construcción y servicios (excepto actividades de los hogares como empleadores y de organizaciones y organismos extraterritoriales)",N/A,2020.13
4318,345,13,1,Total,"Industria, construcción y servicios (excepto actividades de los hogares como empleadores y de organizaciones y organismos extraterritoriales)",N/A,1800.84
4319,346,13,1,Total,"Industria, construcción y servicios (excepto actividades de los hogares como empleadores y de organizaciones y organismos extraterritoriales)",N/A,1938.78
4320,347,13,1,Total,"Industria, construcción y servicios (excepto actividades de los hogares como empleadores y de organizaciones y organismos extraterritoriales)",N/A,1819.62
4321,348,13,1,Total,"Industria, construcción y servicios (excepto actividades de los hogares como empleadores y de organizaciones y organismos extraterritoriales)",N/A,1992.9
4322,349,13,1,Total,"Industria, construcción y servicios (excepto actividades de los hogares como empleadores y de organizaciones y organismos extraterritoriales)",N/A,1779.27
4323,350,13,1,Total,"Industria, construcción y servicios (excepto actividades de los hogares como empleadores y de organizaciones y organismos extraterritoriales)",N/A,1926.75
4324,351,13,1,Total,"Industria, construcción y servicios (excepto actividades de los hogares como empleadores y de organizaciones y organismos extraterritoriales)",N/A,1802.0
4325,352,13,1,Total,"Industria, construcción y servicios (excepto actividades de los hogares como empleadores y de organizaciones y organismos extraterritoriales)",N/A,1993.15
4326,353,13,1,Total,"Industria, construcción y servicios (excepto actividades de los hogares como empleadores y de organizaciones y organismos extraterritoriales)",N/A,1776.61
4327,354,13,1,Total,"Industria, construcción y servicios (excepto actividades de los hogares como empleadores y de organizaciones y organismos extraterritoriales)",N/A,1893.28
4328,355,13,1,Total,"Industria, construcción y servicios (excepto actividades de los hogares como empleadores y de organizaciones y organismos extraterritoriales)",N/A,1768.87
4329,356,13,1,Total,"Industria, construcción y servicios (excepto actividades de los hogares como empleadores y de organizaciones y organismos extraterritoriales)",N/A,1940.29
4330,357,13,1,Total,"Industria, construcción y servicios (excepto actividades de los hogares como empleadores y de organizaciones y organismos extraterritoriales)",N/A,1722.45
4331,358,13,1,Total,"Industria, construcción y servicios (excepto actividades de los hogares como empleadores y de organizaciones y organismos extraterritoriales)",N/A,1818.35
4332,359,13,1,Total,"Industria, construcción y servicios (excepto actividades de los hogares como empleadores y de organizaciones y organismos extraterritoriales)",N/A,1719.02
4333,289,13,1,Total,Industria,N/A,2600.91
4334,290,13,1,Total,Industria,N/A,2792.27
4335,291,13,1,Total,Industria,N/A,2663.2
4336,292,13,1,Total,Industria,N/A,2811.38
4337,293,13,1,Total,Industria,N/A,2517.75
4338,294,13,1,Total,Industria,N/A,2729.72
4339,295,13,1,Total,Industria,N/A,2531.56
4340,296,13,1,Total,Industria,N/A,2722.58
4341,297,13,1,Total,Industria,N/A,2407.18
4342,298,13,1,Total,Industria,N/A,2603.57
4343,299,13,1,Total,Industria,N/A,2439.33
4344,300,13,1,Total,Industria,N/A,2586.64
4345,301,13,1,Total,Industria,N/A,2325.8
4346,302,13,1,Total,Industria,N/A,2501.54
4347,303,13,1,Total,Industria,N/A,2292.32
4348,304,13,1,Total,Industria,N/A,2488.9
4349,305,13,1,Total,Industria,N/A,2228.07
4350,306,13,1,Total,Industria,N/A,2373.53
4351,307,13,1,Total,Industria,N/A,2248.24
4352,308,13,1,Total,Industria,N/A,2442.35
4353,309,13,1,Total,Industria,N/A,2168.52
4354,310,13,1,Total,Industria,N/A,2098.44
4355,311,13,1,Total,Industria,N/A,2217.62
4356,312,13,1,Total,Industria,N/A,2466.09
4357,313,13,1,Total,Industria,N/A,2207.71
4358,314,13,1,Total,Industria,N/A,2373.5
4359,315,13,1,Total,Industria,N/A,2213.39
4360,316,13,1,Total,Industria,N/A,2448.34
4361,317,13,1,Total,Industria,N/A,2184.57
4362,318,13,1,Total,Industria,N/A,2341.44
4363,319,13,1,Total,Industria,N/A,2182.76
4364,320,13,1,Total,Industria,N/A,2453.26
4365,321,13,1,Total,Industria,N/A,2166.46
4366,322,13,1,Total,Industria,N/A,2319.07
4367,323,13,1,Total,Industria,N/A,2178.73
4368,324,13,1,Total,Industria,N/A,2428.02
4369,325,13,1,Total,Industria,N/A,2161.7
4370,326,13,1,Total,Industria,N/A,2312.65
4371,327,13,1,Total,Industria,N/A,2161.76
4372,328,13,1,Total,Industria,N/A,2416.2
4373,329,13,1,Total,Industria,N/A,2166.59
4374,330,13,1,Total,Industria,N/A,2304.29
4375,331,13,1,Total,Industria,N/A,2141.04
4376,332,13,1,Total,Industria,N/A,2400.78
4377,333,13,1,Total,Industria,N/A,2161.58
4378,334,13,1,Total,Industria,N/A,2300.07
4379,335,13,1,Total,Industria,N/A,2128.11
4380,336,13,1,Total,Industria,N/A,2379.41
4381,337,13,1,Total,Industria,N/A,2126.34
4382,338,13,1,Total,Industria,N/A,2251.74
4383,339,13,1,Total,Industria,N/A,2098.55
4384,340,13,1,Total,Industria,N/A,2325.22
4385,341,13,1,Total,Industria,N/A,2082.45
4386,342,13,1,Total,Industria,N/A,2211.73
4387,343,13,1,Total,Industria,N/A,2069.19
4388,344,13,1,Total,Industria,N/A,2330.65
4389,345,13,1,Total,Industria,N/A,2061.57
4390,346,13,1,Total,Industria,N/A,2165.68
4391,347,13,1,Total,Industria,N/A,2031.26
4392,348,13,1,Total,Industria,N/A,2277.28
4393,349,13,1,Total,Industria,N/A,2005.01
4394,350,13,1,Total,Industria,N/A,2100.67
4395,351,13,1,Total,Industria,N/A,1971.46
4396,352,13,1,Total,Industria,N/A,2215.34
4397,353,13,1,Total,Industria,N/A,1948.19
4398,354,13,1,Total,Industria,N/A,2038.81
4399,355,13,1,Total,Industria,N/A,1918.6
4400,356,13,1,Total,Industria,N/A,2160.83
4401,357,13,1,Total,Industria,N/A,1909.6
4402,358,13,1,Total,Industria,N/A,1990.71
4403,359,13,1,Total,Industria,N/A,1895.69
4404,289,13,1,Total,Construcción,N/A,2114.89
4405,290,13,1,Total,Construcción,N/A,2320.83
4406,291,13,1,Total,Construcción,N/A,2060.38
4407,292,13,1,Total,Construcción,N/A,2317.89
4408,293,13,1,Total,Construcción,N/A,2011.98
4409,294,13,1,Total,Construcción,N/A,2226.63
4410,295,13,1,Total,Construcción,N/A,1961.37
4411,296,13,1,Total,Construcción,N/A,2328.15
4412,297,13,1,Total,Construcción,N/A,1958.93
4413,298,13,1,Total,Construcción,N/A,2195.86
4414,299,13,1,Total,Construcción,N/A,1930.65
4415,300,13,1,Total,Construcción,N/A,2218.03
4416,301,13,1,Total,Construcción,N/A,1897.39
4417,302,13,1,Total,Construcción,N/A,2181.81
4418,303,13,1,Total,Construcción,N/A,1840.57
4419,304,13,1,Total,Construcción,N/A,2093.51
4420,305,13,1,Total,Construcción,N/A,1840.12
4421,306,13,1,Total,Construcción,N/A,2034.8
4422,307,13,1,Total,Construcción,N/A,1771.89
4423,308,13,1,Total,Construcción,N/A,2117.23
4424,309,13,1,Total,Construcción,N/A,1797.62
4425,310,13,1,Total,Construcción,N/A,1878.77
4426,311,13,1,Total,Construcción,N/A,1747.81
4427,312,13,1,Total,Construcción,N/A,2084.98
4428,313,13,1,Total,Construcción,N/A,1788.84
4429,314,13,1,Total,Construcción,N/A,1987.16
4430,315,13,1,Total,Construcción,N/A,1744.16
4431,316,13,1,Total,Construcción,N/A,2038.55
4432,317,13,1,Total,Construcción,N/A,1757.25
4433,318,13,1,Total,Construcción,N/A,1958.95
4434,319,13,1,Total,Construcción,N/A,1723.44
4435,320,13,1,Total,Construcción,N/A,1982.08
4436,321,13,1,Total,Construcción,N/A,1744.02
4437,322,13,1,Total,Construcción,N/A,1944.0
4438,323,13,1,Total,Construcción,N/A,1702.05
4439,324,13,1,Total,Construcción,N/A,1987.12
4440,325,13,1,Total,Construcción,N/A,1745.8
4441,326,13,1,Total,Construcción,N/A,1966.09
4442,327,13,1,Total,Construcción,N/A,1719.93
4443,328,13,1,Total,Construcción,N/A,2019.53
4444,329,13,1,Total,Construcción,N/A,1775.57
4445,330,13,1,Total,Construcción,N/A,1984.85
4446,331,13,1,Total,Construcción,N/A,1748.98
4447,332,13,1,Total,Construcción,N/A,2058.25
4448,333,13,1,Total,Construcción,N/A,1778.14
4449,334,13,1,Total,Construcción,N/A,2013.52
4450,335,13,1,Total,Construcción,N/A,1731.88
4451,336,13,1,Total,Construcción,N/A,2036.85
4452,337,13,1,Total,Construcción,N/A,1757.38
4453,338,13,1,Total,Construcción,N/A,2004.96
4454,339,13,1,Total,Construcción,N/A,1732.59
4455,340,13,1,Total,Construcción,N/A,2026.13
4456,341,13,1,Total,Construcción,N/A,1748.95
4457,342,13,1,Total,Construcción,N/A,1975.15
4458,343,13,1,Total,Construcción,N/A,1740.94
4459,344,13,1,Total,Construcción,N/A,2017.8
4460,345,13,1,Total,Construcción,N/A,1728.5
4461,346,13,1,Total,Construcción,N/A,1933.53
4462,347,13,1,Total,Construcción,N/A,1718.29
4463,348,13,1,Total,Construcción,N/A,1969.86
4464,349,13,1,Total,Construcción,N/A,1695.45
4465,350,13,1,Total,Construcción,N/A,1874.34
4466,351,13,1,Total,Construcción,N/A,1679.29
4467,352,13,1,Total,Construcción,N/A,1957.63
4468,353,13,1,Total,Construcción,N/A,1710.39
4469,354,13,1,Total,Construcción,N/A,1848.86
4470,355,13,1,Total,Construcción,N/A,1647.86
4471,356,13,1,Total,Construcción,N/A,1859.61
4472,357,13,1,Total,Construcción,N/A,1629.8
4473,358,13,1,Total,Construcción,N/A,1747.62
4474,359,13,1,Total,Construcción,N/A,1575.95
4475,289,13,1,Total,Servicios,N/A,2224.04
4476,290,13,1,Total,Servicios,N/A,2361.51
4477,291,13,1,Total,Servicios,N/A,2245.28
4478,292,13,1,Total,Servicios,N/A,2389.51
4479,293,13,1,Total,Servicios,N/A,2166.88
4480,294,13,1,Total,Servicios,N/A,2300.04
4481,295,13,1,Total,Servicios,N/A,2169.75
4482,296,13,1,Total,Servicios,N/A,2300.34
4483,297,13,1,Total,Servicios,N/A,2080.71
4484,298,13,1,Total,Servicios,N/A,2210.24
4485,299,13,1,Total,Servicios,N/A,2088.35
4486,300,13,1,Total,Servicios,N/A,2216.83
4487,301,13,1,Total,Servicios,N/A,1991.23
4488,302,13,1,Total,Servicios,N/A,2092.1
4489,303,13,1,Total,Servicios,N/A,1969.74
4490,304,13,1,Total,Servicios,N/A,2114.14
4491,305,13,1,Total,Servicios,N/A,1911.46
4492,306,13,1,Total,Servicios,N/A,2011.38
4493,307,13,1,Total,Servicios,N/A,1857.07
4494,308,13,1,Total,Servicios,N/A,1989.56
4495,309,13,1,Total,Servicios,N/A,1808.21
4496,310,13,1,Total,Servicios,N/A,1746.75
4497,311,13,1,Total,Servicios,N/A,1842.39
4498,312,13,1,Total,Servicios,N/A,2005.15
4499,313,13,1,Total,Servicios,N/A,1824.26
4500,314,13,1,Total,Servicios,N/A,1924.71
4501,315,13,1,Total,Servicios,N/A,1825.12
4502,316,13,1,Total,Servicios,N/A,1965.03
4503,317,13,1,Total,Servicios,N/A,1786.95
4504,318,13,1,Total,Servicios,N/A,1880.83
4505,319,13,1,Total,Servicios,N/A,1791.02
4506,320,13,1,Total,Servicios,N/A,1943.34
4507,321,13,1,Total,Servicios,N/A,1747.9
4508,322,13,1,Total,Servicios,N/A,1872.63
4509,323,13,1,Total,Servicios,N/A,1773.14
4510,324,13,1,Total,Servicios,N/A,1934.69
4511,325,13,1,Total,Servicios,N/A,1741.9
4512,326,13,1,Total,Servicios,N/A,1873.21
4513,327,13,1,Total,Servicios,N/A,1778.41
4514,328,13,1,Total,Servicios,N/A,1953.13
4515,329,13,1,Total,Servicios,N/A,1745.6
4516,330,13,1,Total,Servicios,N/A,1871.37
4517,331,13,1,Total,Servicios,N/A,1778.86
4518,332,13,1,Total,Servicios,N/A,1909.9
4519,333,13,1,Total,Servicios,N/A,1734.07
4520,334,13,1,Total,Servicios,N/A,1854.13
4521,335,13,1,Total,Servicios,N/A,1749.09
4522,336,13,1,Total,Servicios,N/A,1918.96
4523,337,13,1,Total,Servicios,N/A,1741.71
4524,338,13,1,Total,Servicios,N/A,1860.61
4525,339,13,1,Total,Servicios,N/A,1758.73
4526,340,13,1,Total,Servicios,N/A,1865.84
4527,341,13,1,Total,Servicios,N/A,1755.73
4528,342,13,1,Total,Servicios,N/A,1882.97
4529,343,13,1,Total,Servicios,N/A,1805.38
4530,344,13,1,Total,Servicios,N/A,1957.24
4531,345,13,1,Total,Servicios,N/A,1755.11
4532,346,13,1,Total,Servicios,N/A,1893.14
4533,347,13,1,Total,Servicios,N/A,1787.05
4534,348,13,1,Total,Servicios,N/A,1935.81
4535,349,13,1,Total,Servicios,N/A,1741.73
4536,350,13,1,Total,Servicios,N/A,1896.5
4537,351,13,1,Total,Servicios,N/A,1780.89
4538,352,13,1,Total,Servicios,N/A,1949.74
4539,353,13,1,Total,Servicios,N/A,1748.39
4540,354,13,1,Total,Servicios,N/A,1867.27
4541,355,13,1,Total,Servicios,N/A,1753.42
4542,356,13,1,Total,Servicios,N/A,1902.0
4543,357,13,1,Total,Servicios,N/A,1694.21
4544,358,13,1,Total,Servicios,N/A,1789.86
4545,359,13,1,Total,Servicios,N/A,1703.08
4546,289,13,2,Total,"Industria, construcción y servicios (excepto actividades de los hogares como empleadores y de organizaciones y organismos extraterritoriales)",N/A,2015.35
4547,290,13,2,Total,"Industria, construcción y servicios (excepto actividades de los hogares como empleadores y de organizaciones y organismos extraterritoriales)",N/A,2147.63
4548,291,13,2,Total,"Industria, construcción y servicios (excepto actividades de los hogares como empleadores y de organizaciones y organismos extraterritoriales)",N/A,1935.84
4549,292,13,2,Total,"Industria, construcción y servicios (excepto actividades de los hogares como empleadores y de organizaciones y organismos extraterritoriales)",N/A,2096.67
4550,293,13,2,Total,"Industria, construcción y servicios (excepto actividades de los hogares como empleadores y de organizaciones y organismos extraterritoriales)",N/A,1963.71
4551,294,13,2,Total,"Industria, construcción y servicios (excepto actividades de los hogares como empleadores y de organizaciones y organismos extraterritoriales)",N/A,2040.76
4552,295,13,2,Total,"Industria, construcción y servicios (excepto actividades de los hogares como empleadores y de organizaciones y organismos extraterritoriales)",N/A,1859.26
4553,296,13,2,Total,"Industria, construcción y servicios (excepto actividades de los hogares como empleadores y de organizaciones y organismos extraterritoriales)",N/A,2050.92
4554,297,13,2,Total,"Industria, construcción y servicios (excepto actividades de los hogares como empleadores y de organizaciones y organismos extraterritoriales)",N/A,1904.03
4555,298,13,2,Total,"Industria, construcción y servicios (excepto actividades de los hogares como empleadores y de organizaciones y organismos extraterritoriales)",N/A,2005.54
4556,299,13,2,Total,"Industria, construcción y servicios (excepto actividades de los hogares como empleadores y de organizaciones y organismos extraterritoriales)",N/A,1837.38
4557,300,13,2,Total,"Industria, construcción y servicios (excepto actividades de los hogares como empleadores y de organizaciones y organismos extraterritoriales)",N/A,1965.41
4558,301,13,2,Total,"Industria, construcción y servicios (excepto actividades de los hogares como empleadores y de organizaciones y organismos extraterritoriales)",N/A,1816.84
4559,302,13,2,Total,"Industria, construcción y servicios (excepto actividades de los hogares como empleadores y de organizaciones y organismos extraterritoriales)",N/A,1899.97
4560,303,13,2,Total,"Industria, construcción y servicios (excepto actividades de los hogares como empleadores y de organizaciones y organismos extraterritoriales)",N/A,1740.8
4561,304,13,2,Total,"Industria, construcción y servicios (excepto actividades de los hogares como empleadores y de organizaciones y organismos extraterritoriales)",N/A,1885.6
4562,305,13,2,Total,"Industria, construcción y servicios (excepto actividades de los hogares como empleadores y de organizaciones y organismos extraterritoriales)",N/A,1747.01
4563,306,13,2,Total,"Industria, construcción y servicios (excepto actividades de los hogares como empleadores y de organizaciones y organismos extraterritoriales)",N/A,1801.85
4564,307,13,2,Total,"Industria, construcción y servicios (excepto actividades de los hogares como empleadores y de organizaciones y organismos extraterritoriales)",N/A,1638.35
4565,308,13,2,Total,"Industria, construcción y servicios (excepto actividades de los hogares como empleadores y de organizaciones y organismos extraterritoriales)",N/A,1816.34
4566,309,13,2,Total,"Industria, construcción y servicios (excepto actividades de los hogares como empleadores y de organizaciones y organismos extraterritoriales)",N/A,1660.7
4567,310,13,2,Total,"Industria, construcción y servicios (excepto actividades de los hogares como empleadores y de organizaciones y organismos extraterritoriales)",N/A,1647.33
4568,311,13,2,Total,"Industria, construcción y servicios (excepto actividades de los hogares como empleadores y de organizaciones y organismos extraterritoriales)",N/A,1643.75
4569,312,13,2,Total,"Industria, construcción y servicios (excepto actividades de los hogares como empleadores y de organizaciones y organismos extraterritoriales)",N/A,1801.63
4570,313,13,2,Total,"Industria, construcción y servicios (excepto actividades de los hogares como empleadores y de organizaciones y organismos extraterritoriales)",N/A,1661.7
4571,314,13,2,Total,"Industria, construcción y servicios (excepto actividades de los hogares como empleadores y de organizaciones y organismos extraterritoriales)",N/A,1748.72
4572,315,13,2,Total,"Industria, construcción y servicios (excepto actividades de los hogares como empleadores y de organizaciones y organismos extraterritoriales)",N/A,1609.22
4573,316,13,2,Total,"Industria, construcción y servicios (excepto actividades de los hogares como empleadores y de organizaciones y organismos extraterritoriales)",N/A,1746.43
4574,317,13,2,Total,"Industria, construcción y servicios (excepto actividades de los hogares como empleadores y de organizaciones y organismos extraterritoriales)",N/A,1649.55
4575,318,13,2,Total,"Industria, construcción y servicios (excepto actividades de los hogares como empleadores y de organizaciones y organismos extraterritoriales)",N/A,1712.06
4576,319,13,2,Total,"Industria, construcción y servicios (excepto actividades de los hogares como empleadores y de organizaciones y organismos extraterritoriales)",N/A,1573.94
4577,320,13,2,Total,"Industria, construcción y servicios (excepto actividades de los hogares como empleadores y de organizaciones y organismos extraterritoriales)",N/A,1768.78
4578,321,13,2,Total,"Industria, construcción y servicios (excepto actividades de los hogares como empleadores y de organizaciones y organismos extraterritoriales)",N/A,1632.62
4579,322,13,2,Total,"Industria, construcción y servicios (excepto actividades de los hogares como empleadores y de organizaciones y organismos extraterritoriales)",N/A,1743.4
4580,323,13,2,Total,"Industria, construcción y servicios (excepto actividades de los hogares como empleadores y de organizaciones y organismos extraterritoriales)",N/A,1602.09
4581,324,13,2,Total,"Industria, construcción y servicios (excepto actividades de los hogares como empleadores y de organizaciones y organismos extraterritoriales)",N/A,1785.49
4582,325,13,2,Total,"Industria, construcción y servicios (excepto actividades de los hogares como empleadores y de organizaciones y organismos extraterritoriales)",N/A,1639.75
4583,326,13,2,Total,"Industria, construcción y servicios (excepto actividades de los hogares como empleadores y de organizaciones y organismos extraterritoriales)",N/A,1748.69
4584,327,13,2,Total,"Industria, construcción y servicios (excepto actividades de los hogares como empleadores y de organizaciones y organismos extraterritoriales)",N/A,1613.19
4585,328,13,2,Total,"Industria, construcción y servicios (excepto actividades de los hogares como empleadores y de organizaciones y organismos extraterritoriales)",N/A,1808.04
4586,329,13,2,Total,"Industria, construcción y servicios (excepto actividades de los hogares como empleadores y de organizaciones y organismos extraterritoriales)",N/A,1651.72
4587,330,13,2,Total,"Industria, construcción y servicios (excepto actividades de los hogares como empleadores y de organizaciones y organismos extraterritoriales)",N/A,1780.65
4588,331,13,2,Total,"Industria, construcción y servicios (excepto actividades de los hogares como empleadores y de organizaciones y organismos extraterritoriales)",N/A,1634.71
4589,332,13,2,Total,"Industria, construcción y servicios (excepto actividades de los hogares como empleadores y de organizaciones y organismos extraterritoriales)",N/A,1780.66
4590,333,13,2,Total,"Industria, construcción y servicios (excepto actividades de los hogares como empleadores y de organizaciones y organismos extraterritoriales)",N/A,1657.18
4591,334,13,2,Total,"Industria, construcción y servicios (excepto actividades de los hogares como empleadores y de organizaciones y organismos extraterritoriales)",N/A,1750.22
4592,335,13,2,Total,"Industria, construcción y servicios (excepto actividades de los hogares como empleadores y de organizaciones y organismos extraterritoriales)",N/A,1596.43
4593,336,13,2,Total,"Industria, construcción y servicios (excepto actividades de los hogares como empleadores y de organizaciones y organismos extraterritoriales)",N/A,1790.12
4594,337,13,2,Total,"Industria, construcción y servicios (excepto actividades de los hogares como empleadores y de organizaciones y organismos extraterritoriales)",N/A,1648.04
4595,338,13,2,Total,"Industria, construcción y servicios (excepto actividades de los hogares como empleadores y de organizaciones y organismos extraterritoriales)",N/A,1733.35
4596,339,13,2,Total,"Industria, construcción y servicios (excepto actividades de los hogares como empleadores y de organizaciones y organismos extraterritoriales)",N/A,1605.64
4597,340,13,2,Total,"Industria, construcción y servicios (excepto actividades de los hogares como empleadores y de organizaciones y organismos extraterritoriales)",N/A,1692.37
4598,341,13,2,Total,"Industria, construcción y servicios (excepto actividades de los hogares como empleadores y de organizaciones y organismos extraterritoriales)",N/A,1659.7
4599,342,13,2,Total,"Industria, construcción y servicios (excepto actividades de los hogares como empleadores y de organizaciones y organismos extraterritoriales)",N/A,1788.28
4600,343,13,2,Total,"Industria, construcción y servicios (excepto actividades de los hogares como empleadores y de organizaciones y organismos extraterritoriales)",N/A,1655.98
4601,344,13,2,Total,"Industria, construcción y servicios (excepto actividades de los hogares como empleadores y de organizaciones y organismos extraterritoriales)",N/A,1840.29
4602,345,13,2,Total,"Industria, construcción y servicios (excepto actividades de los hogares como empleadores y de organizaciones y organismos extraterritoriales)",N/A,1647.06
4603,346,13,2,Total,"Industria, construcción y servicios (excepto actividades de los hogares como empleadores y de organizaciones y organismos extraterritoriales)",N/A,1804.73
4604,347,13,2,Total,"Industria, construcción y servicios (excepto actividades de los hogares como empleadores y de organizaciones y organismos extraterritoriales)",N/A,1650.88
4605,348,13,2,Total,"Industria, construcción y servicios (excepto actividades de los hogares como empleadores y de organizaciones y organismos extraterritoriales)",N/A,1810.3
4606,349,13,2,Total,"Industria, construcción y servicios (excepto actividades de los hogares como empleadores y de organizaciones y organismos extraterritoriales)",N/A,1630.03
4607,350,13,2,Total,"Industria, construcción y servicios (excepto actividades de los hogares como empleadores y de organizaciones y organismos extraterritoriales)",N/A,1789.51
4608,351,13,2,Total,"Industria, construcción y servicios (excepto actividades de los hogares como empleadores y de organizaciones y organismos extraterritoriales)",N/A,1645.17
4609,352,13,2,Total,"Industria, construcción y servicios (excepto actividades de los hogares como empleadores y de organizaciones y organismos extraterritoriales)",N/A,1835.29
4610,353,13,2,Total,"Industria, construcción y servicios (excepto actividades de los hogares como empleadores y de organizaciones y organismos extraterritoriales)",N/A,1667.67
4611,354,13,2,Total,"Industria, construcción y servicios (excepto actividades de los hogares como empleadores y de organizaciones y organismos extraterritoriales)",N/A,1768.84
4612,355,13,2,Total,"Industria, construcción y servicios (excepto actividades de los hogares como empleadores y de organizaciones y organismos extraterritoriales)",N/A,1621.37
4613,356,13,2,Total,"Industria, construcción y servicios (excepto actividades de los hogares como empleadores y de organizaciones y organismos extraterritoriales)",N/A,1775.85
4614,357,13,2,Total,"Industria, construcción y servicios (excepto actividades de los hogares como empleadores y de organizaciones y organismos extraterritoriales)",N/A,1604.91
4615,358,13,2,Total,"Industria, construcción y servicios (excepto actividades de los hogares como empleadores y de organizaciones y organismos extraterritoriales)",N/A,1676.87
4616,359,13,2,Total,"Industria, construcción y servicios (excepto actividades de los hogares como empleadores y de organizaciones y organismos extraterritoriales)",N/A,1594.98
4617,289,13,2,Total,Industria,N/A,2385.35
4618,290,13,2,Total,Industria,N/A,2420.55
4619,291,13,2,Total,Industria,N/A,2246.91
4620,292,13,2,Total,Industria,N/A,2329.84
4621,293,13,2,Total,Industria,N/A,2282.92
4622,294,13,2,Total,Industria,N/A,2352.03
4623,295,13,2,Total,Industria,N/A,2170.34
4624,296,13,2,Total,Industria,N/A,2242.42
4625,297,13,2,Total,Industria,N/A,2156.22
4626,298,13,2,Total,Industria,N/A,2170.06
4627,299,13,2,Total,Industria,N/A,2059.14
4628,300,13,2,Total,Industria,N/A,2154.91
4629,301,13,2,Total,Industria,N/A,2073.08
4630,302,13,2,Total,Industria,N/A,2165.73
4631,303,13,2,Total,Industria,N/A,1941.67
4632,304,13,2,Total,Industria,N/A,2040.74
4633,305,13,2,Total,Industria,N/A,1965.96
4634,306,13,2,Total,Industria,N/A,2047.57
4635,307,13,2,Total,Industria,N/A,1857.27
4636,308,13,2,Total,Industria,N/A,1976.08
4637,309,13,2,Total,Industria,N/A,1873.09
4638,310,13,2,Total,Industria,N/A,1822.58
4639,311,13,2,Total,Industria,N/A,1795.54
4640,312,13,2,Total,Industria,N/A,1991.19
4641,313,13,2,Total,Industria,N/A,1932.66
4642,314,13,2,Total,Industria,N/A,2044.64
4643,315,13,2,Total,Industria,N/A,1877.57
4644,316,13,2,Total,Industria,N/A,2072.67
4645,317,13,2,Total,Industria,N/A,1988.61
4646,318,13,2,Total,Industria,N/A,2124.11
4647,319,13,2,Total,Industria,N/A,1913.96
4648,320,13,2,Total,Industria,N/A,2092.23
4649,321,13,2,Total,Industria,N/A,1945.72
4650,322,13,2,Total,Industria,N/A,2130.63
4651,323,13,2,Total,Industria,N/A,1945.43
4652,324,13,2,Total,Industria,N/A,2089.63
4653,325,13,2,Total,Industria,N/A,2020.92
4654,326,13,2,Total,Industria,N/A,2105.78
4655,327,13,2,Total,Industria,N/A,1934.87
4656,328,13,2,Total,Industria,N/A,2138.91
4657,329,13,2,Total,Industria,N/A,2041.04
4658,330,13,2,Total,Industria,N/A,2134.99
4659,331,13,2,Total,Industria,N/A,1946.22
4660,332,13,2,Total,Industria,N/A,2136.39
4661,333,13,2,Total,Industria,N/A,2054.46
4662,334,13,2,Total,Industria,N/A,2119.66
4663,335,13,2,Total,Industria,N/A,1939.96
4664,336,13,2,Total,Industria,N/A,2109.08
4665,337,13,2,Total,Industria,N/A,2023.62
4666,338,13,2,Total,Industria,N/A,2069.8
4667,339,13,2,Total,Industria,N/A,1897.87
4668,340,13,2,Total,Industria,N/A,2030.44
4669,341,13,2,Total,Industria,N/A,1948.08
4670,342,13,2,Total,Industria,N/A,1991.3
4671,343,13,2,Total,Industria,N/A,1855.13
4672,344,13,2,Total,Industria,N/A,2048.44
4673,345,13,2,Total,Industria,N/A,1891.39
4674,346,13,2,Total,Industria,N/A,1917.08
4675,347,13,2,Total,Industria,N/A,1824.36
4676,348,13,2,Total,Industria,N/A,2045.01
4677,349,13,2,Total,Industria,N/A,1877.26
4678,350,13,2,Total,Industria,N/A,1864.31
4679,351,13,2,Total,Industria,N/A,1785.79
4680,352,13,2,Total,Industria,N/A,1939.72
4681,353,13,2,Total,Industria,N/A,1792.46
4682,354,13,2,Total,Industria,N/A,1807.17
4683,355,13,2,Total,Industria,N/A,1696.75
4684,356,13,2,Total,Industria,N/A,1935.66
4685,357,13,2,Total,Industria,N/A,1772.64
4686,358,13,2,Total,Industria,N/A,1761.04
4687,359,13,2,Total,Industria,N/A,1690.67
4688,289,13,2,Total,Construcción,N/A,1947.33
4689,290,13,2,Total,Construcción,N/A,2046.76
4690,291,13,2,Total,Construcción,N/A,1803.38
4691,292,13,2,Total,Construcción,N/A,2054.34
4692,293,13,2,Total,Construcción,N/A,1848.58
4693,294,13,2,Total,Construcción,N/A,2001.07
4694,295,13,2,Total,Construcción,N/A,1742.15
4695,296,13,2,Total,Construcción,N/A,2064.67
4696,297,13,2,Total,Construcción,N/A,1863.28
4697,298,13,2,Total,Construcción,N/A,2033.19
4698,299,13,2,Total,Construcción,N/A,1811.34
4699,300,13,2,Total,Construcción,N/A,1961.75
4700,301,13,2,Total,Construcción,N/A,1722.49
4701,302,13,2,Total,Construcción,N/A,1905.65
4702,303,13,2,Total,Construcción,N/A,1722.88
4703,304,13,2,Total,Construcción,N/A,1906.45
4704,305,13,2,Total,Construcción,N/A,1729.3
4705,306,13,2,Total,Construcción,N/A,1858.97
4706,307,13,2,Total,Construcción,N/A,1690.26
4707,308,13,2,Total,Construcción,N/A,1926.52
4708,309,13,2,Total,Construcción,N/A,1675.47
4709,310,13,2,Total,Construcción,N/A,1893.04
4710,311,13,2,Total,Construcción,N/A,1733.1
4711,312,13,2,Total,Construcción,N/A,1914.71
4712,313,13,2,Total,Construcción,N/A,1662.19
4713,314,13,2,Total,Construcción,N/A,1768.69
4714,315,13,2,Total,Construcción,N/A,1618.32
4715,316,13,2,Total,Construcción,N/A,1843.96
4716,317,13,2,Total,Construcción,N/A,1685.62
4717,318,13,2,Total,Construcción,N/A,1867.65
4718,319,13,2,Total,Construcción,N/A,1553.98
4719,320,13,2,Total,Construcción,N/A,1785.03
4720,321,13,2,Total,Construcción,N/A,1660.7
4721,322,13,2,Total,Construcción,N/A,1896.39
4722,323,13,2,Total,Construcción,N/A,1613.71
4723,324,13,2,Total,Construcción,N/A,1811.96
4724,325,13,2,Total,Construcción,N/A,1645.16
4725,326,13,2,Total,Construcción,N/A,1933.44
4726,327,13,2,Total,Construcción,N/A,1559.79
4727,328,13,2,Total,Construcción,N/A,1810.35
4728,329,13,2,Total,Construcción,N/A,1643.41
4729,330,13,2,Total,Construcción,N/A,1787.56
4730,331,13,2,Total,Construcción,N/A,1646.92
4731,332,13,2,Total,Construcción,N/A,1909.24
4732,333,13,2,Total,Construcción,N/A,1666.15
4733,334,13,2,Total,Construcción,N/A,1776.18
4734,335,13,2,Total,Construcción,N/A,1612.48
4735,336,13,2,Total,Construcción,N/A,2046.86
4736,337,13,2,Total,Construcción,N/A,1700.7
4737,338,13,2,Total,Construcción,N/A,1964.37
4738,339,13,2,Total,Construcción,N/A,1805.73
4739,340,13,2,Total,Construcción,N/A,1895.67
4740,341,13,2,Total,Construcción,N/A,1684.32
4741,342,13,2,Total,Construcción,N/A,1874.6
4742,343,13,2,Total,Construcción,N/A,1694.52
4743,344,13,2,Total,Construcción,N/A,2007.33
4744,345,13,2,Total,Construcción,N/A,1666.12
4745,346,13,2,Total,Construcción,N/A,1837.13
4746,347,13,2,Total,Construcción,N/A,1649.2
4747,348,13,2,Total,Construcción,N/A,1851.02
4748,349,13,2,Total,Construcción,N/A,1575.11
4749,350,13,2,Total,Construcción,N/A,1813.54
4750,351,13,2,Total,Construcción,N/A,1653.28
4751,352,13,2,Total,Construcción,N/A,1759.51
4752,353,13,2,Total,Construcción,N/A,1626.66
4753,354,13,2,Total,Construcción,N/A,1667.6
4754,355,13,2,Total,Construcción,N/A,1585.1
4755,356,13,2,Total,Construcción,N/A,1710.12
4756,357,13,2,Total,Construcción,N/A,1590.9
4757,358,13,2,Total,Construcción,N/A,1617.51
4758,359,13,2,Total,Construcción,N/A,1554.76
4759,289,13,2,Total,Servicios,N/A,1974.39
4760,290,13,2,Total,Servicios,N/A,2121.81
4761,291,13,2,Total,Servicios,N/A,1907.65
4762,292,13,2,Total,Servicios,N/A,2070.31
4763,293,13,2,Total,Servicios,N/A,1932.96
4764,294,13,2,Total,Servicios,N/A,2004.25
4765,295,13,2,Total,Servicios,N/A,1829.82
4766,296,13,2,Total,Servicios,N/A,2025.39
4767,297,13,2,Total,Servicios,N/A,1876.68
4768,298,13,2,Total,Servicios,N/A,1982.98
4769,299,13,2,Total,Servicios,N/A,1811.88
4770,300,13,2,Total,Servicios,N/A,1941.56
4771,301,13,2,Total,Servicios,N/A,1793.33
4772,302,13,2,Total,Servicios,N/A,1866.18
4773,303,13,2,Total,Servicios,N/A,1716.55
4774,304,13,2,Total,Servicios,N/A,1863.45
4775,305,13,2,Total,Servicios,N/A,1719.81
4776,306,13,2,Total,Servicios,N/A,1763.71
4777,307,13,2,Total,Servicios,N/A,1603.99
4778,308,13,2,Total,Servicios,N/A,1785.56
4779,309,13,2,Total,Servicios,N/A,1631.2
4780,310,13,2,Total,Servicios,N/A,1606.35
4781,311,13,2,Total,Servicios,N/A,1615.72
4782,312,13,2,Total,Servicios,N/A,1765.4
4783,313,13,2,Total,Servicios,N/A,1624.74
4784,314,13,2,Total,Servicios,N/A,1707.36
4785,315,13,2,Total,Servicios,N/A,1571.64
4786,316,13,2,Total,Servicios,N/A,1696.07
4787,317,13,2,Total,Servicios,N/A,1601.63
4788,318,13,2,Total,Servicios,N/A,1646.19
4789,319,13,2,Total,Servicios,N/A,1530.74
4790,320,13,2,Total,Servicios,N/A,1723.45
4791,321,13,2,Total,Servicios,N/A,1587.68
4792,322,13,2,Total,Servicios,N/A,1680.59
4793,323,13,2,Total,Servicios,N/A,1555.92
4794,324,13,2,Total,Servicios,N/A,1742.12
4795,325,13,2,Total,Servicios,N/A,1590.38
4796,326,13,2,Total,Servicios,N/A,1688.62
4797,327,13,2,Total,Servicios,N/A,1574.53
4798,328,13,2,Total,Servicios,N/A,1764.86
4799,329,13,2,Total,Servicios,N/A,1602.97
4800,330,13,2,Total,Servicios,N/A,1735.27
4801,331,13,2,Total,Servicios,N/A,1593.8
4802,332,13,2,Total,Servicios,N/A,1722.76
4803,333,13,2,Total,Servicios,N/A,1606.18
4804,334,13,2,Total,Servicios,N/A,1700.84
4805,335,13,2,Total,Servicios,N/A,1550.24
4806,336,13,2,Total,Servicios,N/A,1729.17
4807,337,13,2,Total,Servicios,N/A,1593.84
4808,338,13,2,Total,Servicios,N/A,1672.34
4809,339,13,2,Total,Servicios,N/A,1551.76
4810,340,13,2,Total,Servicios,N/A,1629.55
4811,341,13,2,Total,Servicios,N/A,1618.51
4812,342,13,2,Total,Servicios,N/A,1753.32
4813,343,13,2,Total,Servicios,N/A,1624.79
4814,344,13,2,Total,Servicios,N/A,1791.8
4815,345,13,2,Total,Servicios,N/A,1609.97
4816,346,13,2,Total,Servicios,N/A,1785.07
4817,347,13,2,Total,Servicios,N/A,1625.95
4818,348,13,2,Total,Servicios,N/A,1770.46
4819,349,13,2,Total,Servicios,N/A,1601.44
4820,350,13,2,Total,Servicios,N/A,1775.34
4821,351,13,2,Total,Servicios,N/A,1622.78
4822,352,13,2,Total,Servicios,N/A,1831.03
4823,353,13,2,Total,Servicios,N/A,1654.77
4824,354,13,2,Total,Servicios,N/A,1779.02
4825,355,13,2,Total,Servicios,N/A,1615.63
4826,356,13,2,Total,Servicios,N/A,1763.68
4827,357,13,2,Total,Servicios,N/A,1580.44
4828,358,13,2,Total,Servicios,N/A,1677.28
4829,359,13,2,Total,Servicios,N/A,1588.73
4830,289,13,3,Total,"Industria, construcción y servicios (excepto actividades de los hogares como empleadores y de organizaciones y organismos extraterritoriales)",N/A,2141.83
4831,290,13,3,Total,"Industria, construcción y servicios (excepto actividades de los hogares como empleadores y de organizaciones y organismos extraterritoriales)",N/A,2324.1
4832,291,13,3,Total,"Industria, construcción y servicios (excepto actividades de los hogares como empleadores y de organizaciones y organismos extraterritoriales)",N/A,2069.12
4833,292,13,3,Total,"Industria, construcción y servicios (excepto actividades de los hogares como empleadores y de organizaciones y organismos extraterritoriales)",N/A,2400.38
4834,293,13,3,Total,"Industria, construcción y servicios (excepto actividades de los hogares como empleadores y de organizaciones y organismos extraterritoriales)",N/A,2115.71
4835,294,13,3,Total,"Industria, construcción y servicios (excepto actividades de los hogares como empleadores y de organizaciones y organismos extraterritoriales)",N/A,2293.84
4836,295,13,3,Total,"Industria, construcción y servicios (excepto actividades de los hogares como empleadores y de organizaciones y organismos extraterritoriales)",N/A,2071.11
4837,296,13,3,Total,"Industria, construcción y servicios (excepto actividades de los hogares como empleadores y de organizaciones y organismos extraterritoriales)",N/A,2382.71
4838,297,13,3,Total,"Industria, construcción y servicios (excepto actividades de los hogares como empleadores y de organizaciones y organismos extraterritoriales)",N/A,1991.56
4839,298,13,3,Total,"Industria, construcción y servicios (excepto actividades de los hogares como empleadores y de organizaciones y organismos extraterritoriales)",N/A,2187.02
4840,299,13,3,Total,"Industria, construcción y servicios (excepto actividades de los hogares como empleadores y de organizaciones y organismos extraterritoriales)",N/A,1958.09
4841,300,13,3,Total,"Industria, construcción y servicios (excepto actividades de los hogares como empleadores y de organizaciones y organismos extraterritoriales)",N/A,2189.99
4842,301,13,3,Total,"Industria, construcción y servicios (excepto actividades de los hogares como empleadores y de organizaciones y organismos extraterritoriales)",N/A,1911.0
4843,302,13,3,Total,"Industria, construcción y servicios (excepto actividades de los hogares como empleadores y de organizaciones y organismos extraterritoriales)",N/A,2096.66
4844,303,13,3,Total,"Industria, construcción y servicios (excepto actividades de los hogares como empleadores y de organizaciones y organismos extraterritoriales)",N/A,1858.83
4845,304,13,3,Total,"Industria, construcción y servicios (excepto actividades de los hogares como empleadores y de organizaciones y organismos extraterritoriales)",N/A,2095.01
4846,305,13,3,Total,"Industria, construcción y servicios (excepto actividades de los hogares como empleadores y de organizaciones y organismos extraterritoriales)",N/A,1833.58
4847,306,13,3,Total,"Industria, construcción y servicios (excepto actividades de los hogares como empleadores y de organizaciones y organismos extraterritoriales)",N/A,2034.22
4848,307,13,3,Total,"Industria, construcción y servicios (excepto actividades de los hogares como empleadores y de organizaciones y organismos extraterritoriales)",N/A,1786.48
4849,308,13,3,Total,"Industria, construcción y servicios (excepto actividades de los hogares como empleadores y de organizaciones y organismos extraterritoriales)",N/A,2024.22
4850,309,13,3,Total,"Industria, construcción y servicios (excepto actividades de los hogares como empleadores y de organizaciones y organismos extraterritoriales)",N/A,1759.39
4851,310,13,3,Total,"Industria, construcción y servicios (excepto actividades de los hogares como empleadores y de organizaciones y organismos extraterritoriales)",N/A,1739.06
4852,311,13,3,Total,"Industria, construcción y servicios (excepto actividades de los hogares como empleadores y de organizaciones y organismos extraterritoriales)",N/A,1726.51
4853,312,13,3,Total,"Industria, construcción y servicios (excepto actividades de los hogares como empleadores y de organizaciones y organismos extraterritoriales)",N/A,2042.08
4854,313,13,3,Total,"Industria, construcción y servicios (excepto actividades de los hogares como empleadores y de organizaciones y organismos extraterritoriales)",N/A,1776.36
4855,314,13,3,Total,"Industria, construcción y servicios (excepto actividades de los hogares como empleadores y de organizaciones y organismos extraterritoriales)",N/A,1964.47
4856,315,13,3,Total,"Industria, construcción y servicios (excepto actividades de los hogares como empleadores y de organizaciones y organismos extraterritoriales)",N/A,1752.79
4857,316,13,3,Total,"Industria, construcción y servicios (excepto actividades de los hogares como empleadores y de organizaciones y organismos extraterritoriales)",N/A,1958.45
4858,317,13,3,Total,"Industria, construcción y servicios (excepto actividades de los hogares como empleadores y de organizaciones y organismos extraterritoriales)",N/A,1721.47
4859,318,13,3,Total,"Industria, construcción y servicios (excepto actividades de los hogares como empleadores y de organizaciones y organismos extraterritoriales)",N/A,1888.06
4860,319,13,3,Total,"Industria, construcción y servicios (excepto actividades de los hogares como empleadores y de organizaciones y organismos extraterritoriales)",N/A,1705.13
4861,320,13,3,Total,"Industria, construcción y servicios (excepto actividades de los hogares como empleadores y de organizaciones y organismos extraterritoriales)",N/A,1939.67
4862,321,13,3,Total,"Industria, construcción y servicios (excepto actividades de los hogares como empleadores y de organizaciones y organismos extraterritoriales)",N/A,1695.96
4863,322,13,3,Total,"Industria, construcción y servicios (excepto actividades de los hogares como empleadores y de organizaciones y organismos extraterritoriales)",N/A,1892.31
4864,323,13,3,Total,"Industria, construcción y servicios (excepto actividades de los hogares como empleadores y de organizaciones y organismos extraterritoriales)",N/A,1676.93
4865,324,13,3,Total,"Industria, construcción y servicios (excepto actividades de los hogares como empleadores y de organizaciones y organismos extraterritoriales)",N/A,1911.01
4866,325,13,3,Total,"Industria, construcción y servicios (excepto actividades de los hogares como empleadores y de organizaciones y organismos extraterritoriales)",N/A,1684.78
4867,326,13,3,Total,"Industria, construcción y servicios (excepto actividades de los hogares como empleadores y de organizaciones y organismos extraterritoriales)",N/A,1910.67
4868,327,13,3,Total,"Industria, construcción y servicios (excepto actividades de los hogares como empleadores y de organizaciones y organismos extraterritoriales)",N/A,1667.03
4869,328,13,3,Total,"Industria, construcción y servicios (excepto actividades de los hogares como empleadores y de organizaciones y organismos extraterritoriales)",N/A,1971.77
4870,329,13,3,Total,"Industria, construcción y servicios (excepto actividades de los hogares como empleadores y de organizaciones y organismos extraterritoriales)",N/A,1718.64
4871,330,13,3,Total,"Industria, construcción y servicios (excepto actividades de los hogares como empleadores y de organizaciones y organismos extraterritoriales)",N/A,1914.02
4872,331,13,3,Total,"Industria, construcción y servicios (excepto actividades de los hogares como empleadores y de organizaciones y organismos extraterritoriales)",N/A,1711.18
4873,332,13,3,Total,"Industria, construcción y servicios (excepto actividades de los hogares como empleadores y de organizaciones y organismos extraterritoriales)",N/A,1935.68
4874,333,13,3,Total,"Industria, construcción y servicios (excepto actividades de los hogares como empleadores y de organizaciones y organismos extraterritoriales)",N/A,1692.46
4875,334,13,3,Total,"Industria, construcción y servicios (excepto actividades de los hogares como empleadores y de organizaciones y organismos extraterritoriales)",N/A,1868.99
4876,335,13,3,Total,"Industria, construcción y servicios (excepto actividades de los hogares como empleadores y de organizaciones y organismos extraterritoriales)",N/A,1653.58
4877,336,13,3,Total,"Industria, construcción y servicios (excepto actividades de los hogares como empleadores y de organizaciones y organismos extraterritoriales)",N/A,1929.86
4878,337,13,3,Total,"Industria, construcción y servicios (excepto actividades de los hogares como empleadores y de organizaciones y organismos extraterritoriales)",N/A,1684.51
4879,338,13,3,Total,"Industria, construcción y servicios (excepto actividades de los hogares como empleadores y de organizaciones y organismos extraterritoriales)",N/A,1861.68
4880,339,13,3,Total,"Industria, construcción y servicios (excepto actividades de los hogares como empleadores y de organizaciones y organismos extraterritoriales)",N/A,1655.98
4881,340,13,3,Total,"Industria, construcción y servicios (excepto actividades de los hogares como empleadores y de organizaciones y organismos extraterritoriales)",N/A,1857.67
4882,341,13,3,Total,"Industria, construcción y servicios (excepto actividades de los hogares como empleadores y de organizaciones y organismos extraterritoriales)",N/A,1703.74
4883,342,13,3,Total,"Industria, construcción y servicios (excepto actividades de los hogares como empleadores y de organizaciones y organismos extraterritoriales)",N/A,1889.86
4884,343,13,3,Total,"Industria, construcción y servicios (excepto actividades de los hogares como empleadores y de organizaciones y organismos extraterritoriales)",N/A,1690.41
4885,344,13,3,Total,"Industria, construcción y servicios (excepto actividades de los hogares como empleadores y de organizaciones y organismos extraterritoriales)",N/A,1931.17
4886,345,13,3,Total,"Industria, construcción y servicios (excepto actividades de los hogares como empleadores y de organizaciones y organismos extraterritoriales)",N/A,1693.03
4887,346,13,3,Total,"Industria, construcción y servicios (excepto actividades de los hogares como empleadores y de organizaciones y organismos extraterritoriales)",N/A,1872.0
4888,347,13,3,Total,"Industria, construcción y servicios (excepto actividades de los hogares como empleadores y de organizaciones y organismos extraterritoriales)",N/A,1693.26
4889,348,13,3,Total,"Industria, construcción y servicios (excepto actividades de los hogares como empleadores y de organizaciones y organismos extraterritoriales)",N/A,1967.33
4890,349,13,3,Total,"Industria, construcción y servicios (excepto actividades de los hogares como empleadores y de organizaciones y organismos extraterritoriales)",N/A,1682.96
4891,350,13,3,Total,"Industria, construcción y servicios (excepto actividades de los hogares como empleadores y de organizaciones y organismos extraterritoriales)",N/A,1891.43
4892,351,13,3,Total,"Industria, construcción y servicios (excepto actividades de los hogares como empleadores y de organizaciones y organismos extraterritoriales)",N/A,1709.69
4893,352,13,3,Total,"Industria, construcción y servicios (excepto actividades de los hogares como empleadores y de organizaciones y organismos extraterritoriales)",N/A,1970.97
4894,353,13,3,Total,"Industria, construcción y servicios (excepto actividades de los hogares como empleadores y de organizaciones y organismos extraterritoriales)",N/A,1705.94
4895,354,13,3,Total,"Industria, construcción y servicios (excepto actividades de los hogares como empleadores y de organizaciones y organismos extraterritoriales)",N/A,1884.36
4896,355,13,3,Total,"Industria, construcción y servicios (excepto actividades de los hogares como empleadores y de organizaciones y organismos extraterritoriales)",N/A,1663.2
4897,356,13,3,Total,"Industria, construcción y servicios (excepto actividades de los hogares como empleadores y de organizaciones y organismos extraterritoriales)",N/A,1918.22
4898,357,13,3,Total,"Industria, construcción y servicios (excepto actividades de los hogares como empleadores y de organizaciones y organismos extraterritoriales)",N/A,1656.79
4899,358,13,3,Total,"Industria, construcción y servicios (excepto actividades de los hogares como empleadores y de organizaciones y organismos extraterritoriales)",N/A,1865.44
4900,359,13,3,Total,"Industria, construcción y servicios (excepto actividades de los hogares como empleadores y de organizaciones y organismos extraterritoriales)",N/A,1644.81
4901,289,13,3,Total,Industria,N/A,2336.25
4902,290,13,3,Total,Industria,N/A,2598.0
4903,291,13,3,Total,Industria,N/A,2385.31
4904,292,13,3,Total,Industria,N/A,2630.42
4905,293,13,3,Total,Industria,N/A,2288.17
4906,294,13,3,Total,Industria,N/A,2595.99
4907,295,13,3,Total,Industria,N/A,2347.4
4908,296,13,3,Total,Industria,N/A,2622.14
4909,297,13,3,Total,Industria,N/A,2219.86
4910,298,13,3,Total,Industria,N/A,2595.34
4911,299,13,3,Total,Industria,N/A,2290.79
4912,300,13,3,Total,Industria,N/A,2428.75
4913,301,13,3,Total,Industria,N/A,2092.63
4914,302,13,3,Total,Industria,N/A,2381.53
4915,303,13,3,Total,Industria,N/A,2146.19
4916,304,13,3,Total,Industria,N/A,2361.84
4917,305,13,3,Total,Industria,N/A,1986.13
4918,306,13,3,Total,Industria,N/A,2303.02
4919,307,13,3,Total,Industria,N/A,2078.65
4920,308,13,3,Total,Industria,N/A,2334.24
4921,309,13,3,Total,Industria,N/A,1971.0
4922,310,13,3,Total,Industria,N/A,1892.29
4923,311,13,3,Total,Industria,N/A,2025.64
4924,312,13,3,Total,Industria,N/A,2490.18
4925,313,13,3,Total,Industria,N/A,2044.45
4926,314,13,3,Total,Industria,N/A,2441.07
4927,315,13,3,Total,Industria,N/A,2087.49
4928,316,13,3,Total,Industria,N/A,2434.3
4929,317,13,3,Total,Industria,N/A,1996.47
4930,318,13,3,Total,Industria,N/A,2407.05
4931,319,13,3,Total,Industria,N/A,2060.77
4932,320,13,3,Total,Industria,N/A,2456.66
4933,321,13,3,Total,Industria,N/A,1998.27
4934,322,13,3,Total,Industria,N/A,2412.55
4935,323,13,3,Total,Industria,N/A,2121.01
4936,324,13,3,Total,Industria,N/A,2356.79
4937,325,13,3,Total,Industria,N/A,1951.31
4938,326,13,3,Total,Industria,N/A,2347.73
4939,327,13,3,Total,Industria,N/A,2028.12
4940,328,13,3,Total,Industria,N/A,2342.43
4941,329,13,3,Total,Industria,N/A,1971.63
4942,330,13,3,Total,Industria,N/A,2334.47
4943,331,13,3,Total,Industria,N/A,2023.51
4944,332,13,3,Total,Industria,N/A,2370.96
4945,333,13,3,Total,Industria,N/A,1934.22
4946,334,13,3,Total,Industria,N/A,2257.54
4947,335,13,3,Total,Industria,N/A,1951.19
4948,336,13,3,Total,Industria,N/A,2226.27
4949,337,13,3,Total,Industria,N/A,1882.55
4950,338,13,3,Total,Industria,N/A,2160.07
4951,339,13,3,Total,Industria,N/A,1877.71
4952,340,13,3,Total,Industria,N/A,2176.21
4953,341,13,3,Total,Industria,N/A,1903.77
4954,342,13,3,Total,Industria,N/A,2149.08
4955,343,13,3,Total,Industria,N/A,1967.31
4956,344,13,3,Total,Industria,N/A,2229.67
4957,345,13,3,Total,Industria,N/A,1891.96
4958,346,13,3,Total,Industria,N/A,2215.57
4959,347,13,3,Total,Industria,N/A,1903.47
4960,348,13,3,Total,Industria,N/A,2270.03
4961,349,13,3,Total,Industria,N/A,1875.32
4962,350,13,3,Total,Industria,N/A,2146.61
4963,351,13,3,Total,Industria,N/A,1858.7
4964,352,13,3,Total,Industria,N/A,2156.84
4965,353,13,3,Total,Industria,N/A,1858.07
4966,354,13,3,Total,Industria,N/A,2110.14
4967,355,13,3,Total,Industria,N/A,1736.43
4968,356,13,3,Total,Industria,N/A,2130.28
4969,357,13,3,Total,Industria,N/A,1766.78
4970,358,13,3,Total,Industria,N/A,2103.35
4971,359,13,3,Total,Industria,N/A,1769.42
4972,289,13,3,Total,Construcción,N/A,2256.85
4973,290,13,3,Total,Construcción,N/A,2546.26
4974,291,13,3,Total,Construcción,N/A,2132.25
4975,292,13,3,Total,Construcción,N/A,2632.15
4976,293,13,3,Total,Construcción,N/A,2278.34
4977,294,13,3,Total,Construcción,N/A,2568.82
4978,295,13,3,Total,Construcción,N/A,2176.92
4979,296,13,3,Total,Construcción,N/A,2472.66
4980,297,13,3,Total,Construcción,N/A,2125.3
4981,298,13,3,Total,Construcción,N/A,2493.23
4982,299,13,3,Total,Construcción,N/A,2089.11
4983,300,13,3,Total,Construcción,N/A,2444.69
4984,301,13,3,Total,Construcción,N/A,1973.19
4985,302,13,3,Total,Construcción,N/A,2295.41
4986,303,13,3,Total,Construcción,N/A,1950.72
4987,304,13,3,Total,Construcción,N/A,2235.88
4988,305,13,3,Total,Construcción,N/A,1914.47
4989,306,13,3,Total,Construcción,N/A,2178.16
4990,307,13,3,Total,Construcción,N/A,1888.5
4991,308,13,3,Total,Construcción,N/A,2403.03
4992,309,13,3,Total,Construcción,N/A,1807.98
4993,310,13,3,Total,Construcción,N/A,2031.54
4994,311,13,3,Total,Construcción,N/A,1808.37
4995,312,13,3,Total,Construcción,N/A,2264.62
4996,313,13,3,Total,Construcción,N/A,1723.38
4997,314,13,3,Total,Construcción,N/A,2071.4
4998,315,13,3,Total,Construcción,N/A,1741.01
4999,316,13,3,Total,Construcción,N/A,2173.22
5000,317,13,3,Total,Construcción,N/A,1756.22
5001,318,13,3,Total,Construcción,N/A,2164.28
5002,319,13,3,Total,Construcción,N/A,1730.91
5003,320,13,3,Total,Construcción,N/A,2189.99
5004,321,13,3,Total,Construcción,N/A,1698.16
5005,322,13,3,Total,Construcción,N/A,2029.98
5006,323,13,3,Total,Construcción,N/A,1649.41
5007,324,13,3,Total,Construcción,N/A,1974.41
5008,325,13,3,Total,Construcción,N/A,1624.85
5009,326,13,3,Total,Construcción,N/A,1827.38
5010,327,13,3,Total,Construcción,N/A,1592.28
5011,328,13,3,Total,Construcción,N/A,1974.88
5012,329,13,3,Total,Construcción,N/A,1599.51
5013,330,13,3,Total,Construcción,N/A,1852.46
5014,331,13,3,Total,Construcción,N/A,1543.49
5015,332,13,3,Total,Construcción,N/A,1923.7
5016,333,13,3,Total,Construcción,N/A,1602.93
5017,334,13,3,Total,Construcción,N/A,1912.81
5018,335,13,3,Total,Construcción,N/A,1571.47
5019,336,13,3,Total,Construcción,N/A,1944.07
5020,337,13,3,Total,Construcción,N/A,1639.83
5021,338,13,3,Total,Construcción,N/A,1930.73
5022,339,13,3,Total,Construcción,N/A,1679.17
5023,340,13,3,Total,Construcción,N/A,2102.23
5024,341,13,3,Total,Construcción,N/A,1709.98
5025,342,13,3,Total,Construcción,N/A,2018.94
5026,343,13,3,Total,Construcción,N/A,1678.04
5027,344,13,3,Total,Construcción,N/A,1987.22
5028,345,13,3,Total,Construcción,N/A,1604.04
5029,346,13,3,Total,Construcción,N/A,1953.72
5030,347,13,3,Total,Construcción,N/A,1633.09
5031,348,13,3,Total,Construcción,N/A,2068.41
5032,349,13,3,Total,Construcción,N/A,1703.4
5033,350,13,3,Total,Construcción,N/A,1895.39
5034,351,13,3,Total,Construcción,N/A,1650.27
5035,352,13,3,Total,Construcción,N/A,1942.25
5036,353,13,3,Total,Construcción,N/A,1631.33
5037,354,13,3,Total,Construcción,N/A,1907.22
5038,355,13,3,Total,Construcción,N/A,1624.52
5039,356,13,3,Total,Construcción,N/A,1955.4
5040,357,13,3,Total,Construcción,N/A,1696.96
5041,358,13,3,Total,Construcción,N/A,1913.54
5042,359,13,3,Total,Construcción,N/A,1667.13
5043,289,13,3,Total,Servicios,N/A,2075.77
5044,290,13,3,Total,Servicios,N/A,2228.09
5045,291,13,3,Total,Servicios,N/A,1973.58
5046,292,13,3,Total,Servicios,N/A,2316.21
5047,293,13,3,Total,Servicios,N/A,2051.99
5048,294,13,3,Total,Servicios,N/A,2184.11
5049,295,13,3,Total,Servicios,N/A,1980.15
5050,296,13,3,Total,Servicios,N/A,2306.72
5051,297,13,3,Total,Servicios,N/A,1912.88
5052,298,13,3,Total,Servicios,N/A,2046.21
5053,299,13,3,Total,Servicios,N/A,1850.25
5054,300,13,3,Total,Servicios,N/A,2100.07
5055,301,13,3,Total,Servicios,N/A,1850.85
5056,302,13,3,Total,Servicios,N/A,1995.1
5057,303,13,3,Total,Servicios,N/A,1766.16
5058,304,13,3,Total,Servicios,N/A,2002.79
5059,305,13,3,Total,Servicios,N/A,1780.7
5060,306,13,3,Total,Servicios,N/A,1939.8
5061,307,13,3,Total,Servicios,N/A,1688.21
5062,308,13,3,Total,Servicios,N/A,1903.66
5063,309,13,3,Total,Servicios,N/A,1690.51
5064,310,13,3,Total,Servicios,N/A,1671.73
5065,311,13,3,Total,Servicios,N/A,1631.29
5066,312,13,3,Total,Servicios,N/A,1895.11
5067,313,13,3,Total,Servicios,N/A,1701.37
5068,314,13,3,Total,Servicios,N/A,1815.03
5069,315,13,3,Total,Servicios,N/A,1655.13
5070,316,13,3,Total,Servicios,N/A,1806.13
5071,317,13,3,Total,Servicios,N/A,1640.42
5072,318,13,3,Total,Servicios,N/A,1718.56
5073,319,13,3,Total,Servicios,N/A,1598.04
5074,320,13,3,Total,Servicios,N/A,1773.19
5075,321,13,3,Total,Servicios,N/A,1607.41
5076,322,13,3,Total,Servicios,N/A,1731.08
5077,323,13,3,Total,Servicios,N/A,1549.41
5078,324,13,3,Total,Servicios,N/A,1777.46
5079,325,13,3,Total,Servicios,N/A,1610.71
5080,326,13,3,Total,Servicios,N/A,1790.22
5081,327,13,3,Total,Servicios,N/A,1568.38
5082,328,13,3,Total,Servicios,N/A,1863.45
5083,329,13,3,Total,Servicios,N/A,1652.3
5084,330,13,3,Total,Servicios,N/A,1797.5
5085,331,13,3,Total,Servicios,N/A,1631.7
5086,332,13,3,Total,Servicios,N/A,1806.31
5087,333,13,3,Total,Servicios,N/A,1625.72
5088,334,13,3,Total,Servicios,N/A,1750.06
5089,335,13,3,Total,Servicios,N/A,1569.59
5090,336,13,3,Total,Servicios,N/A,1837.0
5091,337,13,3,Total,Servicios,N/A,1626.24
5092,338,13,3,Total,Servicios,N/A,1762.39
5093,339,13,3,Total,Servicios,N/A,1585.07
5094,340,13,3,Total,Servicios,N/A,1736.11
5095,341,13,3,Total,Servicios,N/A,1641.28
5096,342,13,3,Total,Servicios,N/A,1796.46
5097,343,13,3,Total,Servicios,N/A,1603.87
5098,344,13,3,Total,Servicios,N/A,1830.87
5099,345,13,3,Total,Servicios,N/A,1639.73
5100,346,13,3,Total,Servicios,N/A,1752.79
5101,347,13,3,Total,Servicios,N/A,1630.42
5102,348,13,3,Total,Servicios,N/A,1853.8
5103,349,13,3,Total,Servicios,N/A,1616.74
5104,350,13,3,Total,Servicios,N/A,1806.52
5105,351,13,3,Total,Servicios,N/A,1667.13
5106,352,13,3,Total,Servicios,N/A,1911.54
5107,353,13,3,Total,Servicios,N/A,1665.74
5108,354,13,3,Total,Servicios,N/A,1802.97
5109,355,13,3,Total,Servicios,N/A,1643.04
5110,356,13,3,Total,Servicios,N/A,1833.05
5111,357,13,3,Total,Servicios,N/A,1607.23
5112,358,13,3,Total,Servicios,N/A,1763.97
5113,359,13,3,Total,Servicios,N/A,1591.07
5114,289,13,4,Total,"Industria, construcción y servicios (excepto actividades de los hogares como empleadores y de organizaciones y organismos extraterritoriales)",N/A,2158.55
5115,290,13,4,Total,"Industria, construcción y servicios (excepto actividades de los hogares como empleadores y de organizaciones y organismos extraterritoriales)",N/A,2337.19
5116,291,13,4,Total,"Industria, construcción y servicios (excepto actividades de los hogares como empleadores y de organizaciones y organismos extraterritoriales)",N/A,2102.29
5117,292,13,4,Total,"Industria, construcción y servicios (excepto actividades de los hogares como empleadores y de organizaciones y organismos extraterritoriales)",N/A,2461.32
5118,293,13,4,Total,"Industria, construcción y servicios (excepto actividades de los hogares como empleadores y de organizaciones y organismos extraterritoriales)",N/A,2150.08
5119,294,13,4,Total,"Industria, construcción y servicios (excepto actividades de los hogares como empleadores y de organizaciones y organismos extraterritoriales)",N/A,2370.61
5120,295,13,4,Total,"Industria, construcción y servicios (excepto actividades de los hogares como empleadores y de organizaciones y organismos extraterritoriales)",N/A,2081.91
5121,296,13,4,Total,"Industria, construcción y servicios (excepto actividades de los hogares como empleadores y de organizaciones y organismos extraterritoriales)",N/A,2319.03
5122,297,13,4,Total,"Industria, construcción y servicios (excepto actividades de los hogares como empleadores y de organizaciones y organismos extraterritoriales)",N/A,2056.95
5123,298,13,4,Total,"Industria, construcción y servicios (excepto actividades de los hogares como empleadores y de organizaciones y organismos extraterritoriales)",N/A,2291.92
5124,299,13,4,Total,"Industria, construcción y servicios (excepto actividades de los hogares como empleadores y de organizaciones y organismos extraterritoriales)",N/A,1995.79
5125,300,13,4,Total,"Industria, construcción y servicios (excepto actividades de los hogares como empleadores y de organizaciones y organismos extraterritoriales)",N/A,2244.97
5126,301,13,4,Total,"Industria, construcción y servicios (excepto actividades de los hogares como empleadores y de organizaciones y organismos extraterritoriales)",N/A,1962.0
5127,302,13,4,Total,"Industria, construcción y servicios (excepto actividades de los hogares como empleadores y de organizaciones y organismos extraterritoriales)",N/A,2149.49
5128,303,13,4,Total,"Industria, construcción y servicios (excepto actividades de los hogares como empleadores y de organizaciones y organismos extraterritoriales)",N/A,1989.01
5129,304,13,4,Total,"Industria, construcción y servicios (excepto actividades de los hogares como empleadores y de organizaciones y organismos extraterritoriales)",N/A,2174.35
5130,305,13,4,Total,"Industria, construcción y servicios (excepto actividades de los hogares como empleadores y de organizaciones y organismos extraterritoriales)",N/A,1902.25
5131,306,13,4,Total,"Industria, construcción y servicios (excepto actividades de los hogares como empleadores y de organizaciones y organismos extraterritoriales)",N/A,2158.81
5132,307,13,4,Total,"Industria, construcción y servicios (excepto actividades de los hogares como empleadores y de organizaciones y organismos extraterritoriales)",N/A,1878.01
5133,308,13,4,Total,"Industria, construcción y servicios (excepto actividades de los hogares como empleadores y de organizaciones y organismos extraterritoriales)",N/A,2139.66
5134,309,13,4,Total,"Industria, construcción y servicios (excepto actividades de los hogares como empleadores y de organizaciones y organismos extraterritoriales)",N/A,1885.68
5135,310,13,4,Total,"Industria, construcción y servicios (excepto actividades de los hogares como empleadores y de organizaciones y organismos extraterritoriales)",N/A,1949.03
5136,311,13,4,Total,"Industria, construcción y servicios (excepto actividades de los hogares como empleadores y de organizaciones y organismos extraterritoriales)",N/A,1909.95
5137,312,13,4,Total,"Industria, construcción y servicios (excepto actividades de los hogares como empleadores y de organizaciones y organismos extraterritoriales)",N/A,2151.94
5138,313,13,4,Total,"Industria, construcción y servicios (excepto actividades de los hogares como empleadores y de organizaciones y organismos extraterritoriales)",N/A,1870.62
5139,314,13,4,Total,"Industria, construcción y servicios (excepto actividades de los hogares como empleadores y de organizaciones y organismos extraterritoriales)",N/A,2093.97
5140,315,13,4,Total,"Industria, construcción y servicios (excepto actividades de los hogares como empleadores y de organizaciones y organismos extraterritoriales)",N/A,1914.88
5141,316,13,4,Total,"Industria, construcción y servicios (excepto actividades de los hogares como empleadores y de organizaciones y organismos extraterritoriales)",N/A,2078.52
5142,317,13,4,Total,"Industria, construcción y servicios (excepto actividades de los hogares como empleadores y de organizaciones y organismos extraterritoriales)",N/A,1830.42
5143,318,13,4,Total,"Industria, construcción y servicios (excepto actividades de los hogares como empleadores y de organizaciones y organismos extraterritoriales)",N/A,2024.63
5144,319,13,4,Total,"Industria, construcción y servicios (excepto actividades de los hogares como empleadores y de organizaciones y organismos extraterritoriales)",N/A,1867.9
5145,320,13,4,Total,"Industria, construcción y servicios (excepto actividades de los hogares como empleadores y de organizaciones y organismos extraterritoriales)",N/A,2098.23
5146,321,13,4,Total,"Industria, construcción y servicios (excepto actividades de los hogares como empleadores y de organizaciones y organismos extraterritoriales)",N/A,1853.75
5147,322,13,4,Total,"Industria, construcción y servicios (excepto actividades de los hogares como empleadores y de organizaciones y organismos extraterritoriales)",N/A,2016.9
5148,323,13,4,Total,"Industria, construcción y servicios (excepto actividades de los hogares como empleadores y de organizaciones y organismos extraterritoriales)",N/A,1834.89
5149,324,13,4,Total,"Industria, construcción y servicios (excepto actividades de los hogares como empleadores y de organizaciones y organismos extraterritoriales)",N/A,2123.11
5150,325,13,4,Total,"Industria, construcción y servicios (excepto actividades de los hogares como empleadores y de organizaciones y organismos extraterritoriales)",N/A,1780.63
5151,326,13,4,Total,"Industria, construcción y servicios (excepto actividades de los hogares como empleadores y de organizaciones y organismos extraterritoriales)",N/A,1996.47
5152,327,13,4,Total,"Industria, construcción y servicios (excepto actividades de los hogares como empleadores y de organizaciones y organismos extraterritoriales)",N/A,1822.36
5153,328,13,4,Total,"Industria, construcción y servicios (excepto actividades de los hogares como empleadores y de organizaciones y organismos extraterritoriales)",N/A,2059.78
5154,329,13,4,Total,"Industria, construcción y servicios (excepto actividades de los hogares como empleadores y de organizaciones y organismos extraterritoriales)",N/A,1739.51
5155,330,13,4,Total,"Industria, construcción y servicios (excepto actividades de los hogares como empleadores y de organizaciones y organismos extraterritoriales)",N/A,1948.71
5156,331,13,4,Total,"Industria, construcción y servicios (excepto actividades de los hogares como empleadores y de organizaciones y organismos extraterritoriales)",N/A,1739.88
5157,332,13,4,Total,"Industria, construcción y servicios (excepto actividades de los hogares como empleadores y de organizaciones y organismos extraterritoriales)",N/A,2005.88
5158,333,13,4,Total,"Industria, construcción y servicios (excepto actividades de los hogares como empleadores y de organizaciones y organismos extraterritoriales)",N/A,1730.07
5159,334,13,4,Total,"Industria, construcción y servicios (excepto actividades de los hogares como empleadores y de organizaciones y organismos extraterritoriales)",N/A,1947.13
5160,335,13,4,Total,"Industria, construcción y servicios (excepto actividades de los hogares como empleadores y de organizaciones y organismos extraterritoriales)",N/A,1745.77
5161,336,13,4,Total,"Industria, construcción y servicios (excepto actividades de los hogares como empleadores y de organizaciones y organismos extraterritoriales)",N/A,1999.65
5162,337,13,4,Total,"Industria, construcción y servicios (excepto actividades de los hogares como empleadores y de organizaciones y organismos extraterritoriales)",N/A,1769.54
5163,338,13,4,Total,"Industria, construcción y servicios (excepto actividades de los hogares como empleadores y de organizaciones y organismos extraterritoriales)",N/A,1902.3
5164,339,13,4,Total,"Industria, construcción y servicios (excepto actividades de los hogares como empleadores y de organizaciones y organismos extraterritoriales)",N/A,1777.32
5165,340,13,4,Total,"Industria, construcción y servicios (excepto actividades de los hogares como empleadores y de organizaciones y organismos extraterritoriales)",N/A,1893.72
5166,341,13,4,Total,"Industria, construcción y servicios (excepto actividades de los hogares como empleadores y de organizaciones y organismos extraterritoriales)",N/A,1737.3
5167,342,13,4,Total,"Industria, construcción y servicios (excepto actividades de los hogares como empleadores y de organizaciones y organismos extraterritoriales)",N/A,1915.77
5168,343,13,4,Total,"Industria, construcción y servicios (excepto actividades de los hogares como empleadores y de organizaciones y organismos extraterritoriales)",N/A,1792.71
5169,344,13,4,Total,"Industria, construcción y servicios (excepto actividades de los hogares como empleadores y de organizaciones y organismos extraterritoriales)",N/A,2032.29
5170,345,13,4,Total,"Industria, construcción y servicios (excepto actividades de los hogares como empleadores y de organizaciones y organismos extraterritoriales)",N/A,1767.2
5171,346,13,4,Total,"Industria, construcción y servicios (excepto actividades de los hogares como empleadores y de organizaciones y organismos extraterritoriales)",N/A,1932.12
5172,347,13,4,Total,"Industria, construcción y servicios (excepto actividades de los hogares como empleadores y de organizaciones y organismos extraterritoriales)",N/A,1770.06
5173,348,13,4,Total,"Industria, construcción y servicios (excepto actividades de los hogares como empleadores y de organizaciones y organismos extraterritoriales)",N/A,1997.72
5174,349,13,4,Total,"Industria, construcción y servicios (excepto actividades de los hogares como empleadores y de organizaciones y organismos extraterritoriales)",N/A,1745.05
5175,350,13,4,Total,"Industria, construcción y servicios (excepto actividades de los hogares como empleadores y de organizaciones y organismos extraterritoriales)",N/A,1993.64
5176,351,13,4,Total,"Industria, construcción y servicios (excepto actividades de los hogares como empleadores y de organizaciones y organismos extraterritoriales)",N/A,1794.31
5177,352,13,4,Total,"Industria, construcción y servicios (excepto actividades de los hogares como empleadores y de organizaciones y organismos extraterritoriales)",N/A,2042.0
5178,353,13,4,Total,"Industria, construcción y servicios (excepto actividades de los hogares como empleadores y de organizaciones y organismos extraterritoriales)",N/A,1759.65
5179,354,13,4,Total,"Industria, construcción y servicios (excepto actividades de los hogares como empleadores y de organizaciones y organismos extraterritoriales)",N/A,1896.6
5180,355,13,4,Total,"Industria, construcción y servicios (excepto actividades de los hogares como empleadores y de organizaciones y organismos extraterritoriales)",N/A,1742.2
5181,356,13,4,Total,"Industria, construcción y servicios (excepto actividades de los hogares como empleadores y de organizaciones y organismos extraterritoriales)",N/A,1907.39
5182,357,13,4,Total,"Industria, construcción y servicios (excepto actividades de los hogares como empleadores y de organizaciones y organismos extraterritoriales)",N/A,1699.27
5183,358,13,4,Total,"Industria, construcción y servicios (excepto actividades de los hogares como empleadores y de organizaciones y organismos extraterritoriales)",N/A,1801.49
5184,359,13,4,Total,"Industria, construcción y servicios (excepto actividades de los hogares como empleadores y de organizaciones y organismos extraterritoriales)",N/A,1698.24
5185,289,13,4,Total,Industria,N/A,2879.43
5186,290,13,4,Total,Industria,N/A,2790.14
5187,291,13,4,Total,Industria,N/A,3002.72
5188,292,13,4,Total,Industria,N/A,2905.38
5189,293,13,4,Total,Industria,N/A,2728.93
5190,294,13,4,Total,Industria,N/A,2816.62
5191,295,13,4,Total,Industria,N/A,2547.03
5192,296,13,4,Total,Industria,N/A,2805.89
5193,297,13,4,Total,Industria,N/A,2684.09
5194,298,13,4,Total,Industria,N/A,2742.93
5195,299,13,4,Total,Industria,N/A,2497.21
5196,300,13,4,Total,Industria,N/A,2667.71
5197,301,13,4,Total,Industria,N/A,2531.37
5198,302,13,4,Total,Industria,N/A,2604.46
5199,303,13,4,Total,Industria,N/A,2744.68
5200,304,13,4,Total,Industria,N/A,2580.07
5201,305,13,4,Total,Industria,N/A,2437.58
5202,306,13,4,Total,Industria,N/A,2453.43
5203,307,13,4,Total,Industria,N/A,2268.61
5204,308,13,4,Total,Industria,N/A,2615.8
5205,309,13,4,Total,Industria,N/A,2397.42
5206,310,13,4,Total,Industria,N/A,2230.74
5207,311,13,4,Total,Industria,N/A,2524.91
5208,312,13,4,Total,Industria,N/A,2790.4
5209,313,13,4,Total,Industria,N/A,2420.11
5210,314,13,4,Total,Industria,N/A,2512.39
5211,315,13,4,Total,Industria,N/A,2624.73
5212,316,13,4,Total,Industria,N/A,2598.07
5213,317,13,4,Total,Industria,N/A,2325.15
5214,318,13,4,Total,Industria,N/A,2477.27
5215,319,13,4,Total,Industria,N/A,2554.77
5216,320,13,4,Total,Industria,N/A,2560.62
5217,321,13,4,Total,Industria,N/A,2388.87
5218,322,13,4,Total,Industria,N/A,2436.4
5219,323,13,4,Total,Industria,N/A,2386.41
5220,324,13,4,Total,Industria,N/A,2944.6
5221,325,13,4,Total,Industria,N/A,2358.43
5222,326,13,4,Total,Industria,N/A,2507.23
5223,327,13,4,Total,Industria,N/A,2570.36
5224,328,13,4,Total,Industria,N/A,2496.6
5225,329,13,4,Total,Industria,N/A,2289.57
5226,330,13,4,Total,Industria,N/A,2417.54
5227,331,13,4,Total,Industria,N/A,2423.13
5228,332,13,4,Total,Industria,N/A,2495.47
5229,333,13,4,Total,Industria,N/A,2249.1
5230,334,13,4,Total,Industria,N/A,2357.11
5231,335,13,4,Total,Industria,N/A,2394.77
5232,336,13,4,Total,Industria,N/A,2327.89
5233,337,13,4,Total,Industria,N/A,2367.65
5234,338,13,4,Total,Industria,N/A,2296.66
5235,339,13,4,Total,Industria,N/A,2347.6
5236,340,13,4,Total,Industria,N/A,2372.73
5237,341,13,4,Total,Industria,N/A,2104.98
5238,342,13,4,Total,Industria,N/A,2284.35
5239,343,13,4,Total,Industria,N/A,2258.26
5240,344,13,4,Total,Industria,N/A,2327.79
5241,345,13,4,Total,Industria,N/A,2166.34
5242,346,13,4,Total,Industria,N/A,2250.18
5243,347,13,4,Total,Industria,N/A,2261.13
5244,348,13,4,Total,Industria,N/A,2287.32
5245,349,13,4,Total,Industria,N/A,2105.2
5246,350,13,4,Total,Industria,N/A,2199.68
5247,351,13,4,Total,Industria,N/A,2131.78
5248,352,13,4,Total,Industria,N/A,2229.55
5249,353,13,4,Total,Industria,N/A,2058.3
5250,354,13,4,Total,Industria,N/A,2177.15
5251,355,13,4,Total,Industria,N/A,2067.83
5252,356,13,4,Total,Industria,N/A,2175.11
5253,357,13,4,Total,Industria,N/A,2052.17
5254,358,13,4,Total,Industria,N/A,2089.36
5255,359,13,4,Total,Industria,N/A,2074.37
5256,289,13,4,Total,Construcción,N/A,2160.79
5257,290,13,4,Total,Construcción,N/A,2259.22
5258,291,13,4,Total,Construcción,N/A,2057.34
5259,292,13,4,Total,Construcción,N/A,2714.73
5260,293,13,4,Total,Construcción,N/A,2298.16
5261,294,13,4,Total,Construcción,N/A,2486.64
5262,295,13,4,Total,Construcción,N/A,2140.71
5263,296,13,4,Total,Construcción,N/A,2484.68
5264,297,13,4,Total,Construcción,N/A,2238.18
5265,298,13,4,Total,Construcción,N/A,2254.11
5266,299,13,4,Total,Construcción,N/A,2025.27
5267,300,13,4,Total,Construcción,N/A,2446.44
5268,301,13,4,Total,Construcción,N/A,2196.36
5269,302,13,4,Total,Construcción,N/A,2171.38
5270,303,13,4,Total,Construcción,N/A,1957.26
5271,304,13,4,Total,Construcción,N/A,2282.47
5272,305,13,4,Total,Construcción,N/A,2048.79
5273,306,13,4,Total,Construcción,N/A,2189.65
5274,307,13,4,Total,Construcción,N/A,1930.68
5275,308,13,4,Total,Construcción,N/A,2328.6
5276,309,13,4,Total,Construcción,N/A,2121.31
5277,310,13,4,Total,Construcción,N/A,1967.76
5278,311,13,4,Total,Construcción,N/A,2004.25
5279,312,13,4,Total,Construcción,N/A,2260.95
5280,313,13,4,Total,Construcción,N/A,2097.64
5281,314,13,4,Total,Construcción,N/A,2169.25
5282,315,13,4,Total,Construcción,N/A,2054.98
5283,316,13,4,Total,Construcción,N/A,2231.4
5284,317,13,4,Total,Construcción,N/A,2048.52
5285,318,13,4,Total,Construcción,N/A,2120.7
5286,319,13,4,Total,Construcción,N/A,2009.26
5287,320,13,4,Total,Construcción,N/A,2228.75
5288,321,13,4,Total,Construcción,N/A,2020.67
5289,322,13,4,Total,Construcción,N/A,2116.32
5290,323,13,4,Total,Construcción,N/A,1871.71
5291,324,13,4,Total,Construcción,N/A,2253.16
5292,325,13,4,Total,Construcción,N/A,1921.37
5293,326,13,4,Total,Construcción,N/A,2189.25
5294,327,13,4,Total,Construcción,N/A,1925.97
5295,328,13,4,Total,Construcción,N/A,2266.79
5296,329,13,4,Total,Construcción,N/A,1943.64
5297,330,13,4,Total,Construcción,N/A,2286.04
5298,331,13,4,Total,Construcción,N/A,1941.8
5299,332,13,4,Total,Construcción,N/A,2274.12
5300,333,13,4,Total,Construcción,N/A,2055.26
5301,334,13,4,Total,Construcción,N/A,2211.19
5302,335,13,4,Total,Construcción,N/A,1967.05
5303,336,13,4,Total,Construcción,N/A,2059.11
5304,337,13,4,Total,Construcción,N/A,2008.01
5305,338,13,4,Total,Construcción,N/A,2003.62
5306,339,13,4,Total,Construcción,N/A,1853.55
5307,340,13,4,Total,Construcción,N/A,2058.61
5308,341,13,4,Total,Construcción,N/A,1957.14
5309,342,13,4,Total,Construcción,N/A,2054.88
5310,343,13,4,Total,Construcción,N/A,1906.04
5311,344,13,4,Total,Construcción,N/A,1999.99
5312,345,13,4,Total,Construcción,N/A,1939.44
5313,346,13,4,Total,Construcción,N/A,2084.62
5314,347,13,4,Total,Construcción,N/A,1811.76
5315,348,13,4,Total,Construcción,N/A,2184.07
5316,349,13,4,Total,Construcción,N/A,1908.53
5317,350,13,4,Total,Construcción,N/A,2225.76
5318,351,13,4,Total,Construcción,N/A,2036.58
5319,352,13,4,Total,Construcción,N/A,2152.6
5320,353,13,4,Total,Construcción,N/A,1955.1
5321,354,13,4,Total,Construcción,N/A,2082.69
5322,355,13,4,Total,Construcción,N/A,1933.72
5323,356,13,4,Total,Construcción,N/A,2037.46
5324,357,13,4,Total,Construcción,N/A,1758.57
5325,358,13,4,Total,Construcción,N/A,1937.32
5326,359,13,4,Total,Construcción,N/A,1791.43
5327,289,13,4,Total,Servicios,N/A,2020.28
5328,290,13,4,Total,Servicios,N/A,2255.3
5329,291,13,4,Total,Servicios,N/A,1928.18
5330,292,13,4,Total,Servicios,N/A,2351.54
5331,293,13,4,Total,Servicios,N/A,2020.19
5332,294,13,4,Total,Servicios,N/A,2269.78
5333,295,13,4,Total,Servicios,N/A,1987.47
5334,296,13,4,Total,Servicios,N/A,2208.45
5335,297,13,4,Total,Servicios,N/A,1913.97
5336,298,13,4,Total,Servicios,N/A,2204.11
5337,299,13,4,Total,Servicios,N/A,1890.29
5338,300,13,4,Total,Servicios,N/A,2141.49
5339,301,13,4,Total,Servicios,N/A,1820.03
5340,302,13,4,Total,Servicios,N/A,2054.64
5341,303,13,4,Total,Servicios,N/A,1832.79
5342,304,13,4,Total,Servicios,N/A,2084.6
5343,305,13,4,Total,Servicios,N/A,1776.15
5344,306,13,4,Total,Servicios,N/A,2093.75
5345,307,13,4,Total,Servicios,N/A,1791.31
5346,308,13,4,Total,Servicios,N/A,2026.35
5347,309,13,4,Total,Servicios,N/A,1761.25
5348,310,13,4,Total,Servicios,N/A,1887.5
5349,311,13,4,Total,Servicios,N/A,1765.64
5350,312,13,4,Total,Servicios,N/A,2000.72
5351,313,13,4,Total,Servicios,N/A,1731.2
5352,314,13,4,Total,Servicios,N/A,1994.88
5353,315,13,4,Total,Servicios,N/A,1743.97
5354,316,13,4,Total,Servicios,N/A,1952.28
5355,317,13,4,Total,Servicios,N/A,1703.72
5356,318,13,4,Total,Servicios,N/A,1916.8
5357,319,13,4,Total,Servicios,N/A,1698.48
5358,320,13,4,Total,Servicios,N/A,1981.59
5359,321,13,4,Total,Servicios,N/A,1717.33
5360,322,13,4,Total,Servicios,N/A,1912.3
5361,323,13,4,Total,Servicios,N/A,1701.24
5362,324,13,4,Total,Servicios,N/A,1921.3
5363,325,13,4,Total,Servicios,N/A,1635.53
5364,326,13,4,Total,Servicios,N/A,1859.74
5365,327,13,4,Total,Servicios,N/A,1635.77
5366,328,13,4,Total,Servicios,N/A,1940.57
5367,329,13,4,Total,Servicios,N/A,1596.15
5368,330,13,4,Total,Servicios,N/A,1810.99
5369,331,13,4,Total,Servicios,N/A,1561.95
5370,332,13,4,Total,Servicios,N/A,1870.39
5371,333,13,4,Total,Servicios,N/A,1580.54
5372,334,13,4,Total,Servicios,N/A,1826.33
5373,335,13,4,Total,Servicios,N/A,1563.43
5374,336,13,4,Total,Servicios,N/A,1910.73
5375,337,13,4,Total,Servicios,N/A,1592.77
5376,338,13,4,Total,Servicios,N/A,1791.64
5377,339,13,4,Total,Servicios,N/A,1622.16
5378,340,13,4,Total,Servicios,N/A,1749.18
5379,341,13,4,Total,Servicios,N/A,1616.09
5380,342,13,4,Total,Servicios,N/A,1799.1
5381,343,13,4,Total,Servicios,N/A,1652.82
5382,344,13,4,Total,Servicios,N/A,1955.46
5383,345,13,4,Total,Servicios,N/A,1636.18
5384,346,13,4,Total,Servicios,N/A,1823.98
5385,347,13,4,Total,Servicios,N/A,1628.22
5386,348,13,4,Total,Servicios,N/A,1893.63
5387,349,13,4,Total,Servicios,N/A,1621.84
5388,350,13,4,Total,Servicios,N/A,1899.9
5389,351,13,4,Total,Servicios,N/A,1660.25
5390,352,13,4,Total,Servicios,N/A,1970.43
5391,353,13,4,Total,Servicios,N/A,1642.07
5392,354,13,4,Total,Servicios,N/A,1783.8
5393,355,13,4,Total,Servicios,N/A,1613.48
5394,356,13,4,Total,Servicios,N/A,1807.84
5395,357,13,4,Total,Servicios,N/A,1585.65
5396,358,13,4,Total,Servicios,N/A,1691.84
5397,359,13,4,Total,Servicios,N/A,1572.34
5398,289,13,5,Total,"Industria, construcción y servicios (excepto actividades de los hogares como empleadores y de organizaciones y organismos extraterritoriales)",N/A,2283.36
5399,290,13,5,Total,"Industria, construcción y servicios (excepto actividades de los hogares como empleadores y de organizaciones y organismos extraterritoriales)",N/A,2319.52
5400,291,13,5,Total,"Industria, construcción y servicios (excepto actividades de los hogares como empleadores y de organizaciones y organismos extraterritoriales)",N/A,2380.12
5401,292,13,5,Total,"Industria, construcción y servicios (excepto actividades de los hogares como empleadores y de organizaciones y organismos extraterritoriales)",N/A,2453.63
5402,293,13,5,Total,"Industria, construcción y servicios (excepto actividades de los hogares como empleadores y de organizaciones y organismos extraterritoriales)",N/A,2157.33
5403,294,13,5,Total,"Industria, construcción y servicios (excepto actividades de los hogares como empleadores y de organizaciones y organismos extraterritoriales)",N/A,2220.67
5404,295,13,5,Total,"Industria, construcción y servicios (excepto actividades de los hogares como empleadores y de organizaciones y organismos extraterritoriales)",N/A,2188.12
5405,296,13,5,Total,"Industria, construcción y servicios (excepto actividades de los hogares como empleadores y de organizaciones y organismos extraterritoriales)",N/A,2358.7
5406,297,13,5,Total,"Industria, construcción y servicios (excepto actividades de los hogares como empleadores y de organizaciones y organismos extraterritoriales)",N/A,2050.92
5407,298,13,5,Total,"Industria, construcción y servicios (excepto actividades de los hogares como empleadores y de organizaciones y organismos extraterritoriales)",N/A,2164.38
5408,299,13,5,Total,"Industria, construcción y servicios (excepto actividades de los hogares como empleadores y de organizaciones y organismos extraterritoriales)",N/A,2035.61
5409,300,13,5,Total,"Industria, construcción y servicios (excepto actividades de los hogares como empleadores y de organizaciones y organismos extraterritoriales)",N/A,2220.18
5410,301,13,5,Total,"Industria, construcción y servicios (excepto actividades de los hogares como empleadores y de organizaciones y organismos extraterritoriales)",N/A,1935.64
5411,302,13,5,Total,"Industria, construcción y servicios (excepto actividades de los hogares como empleadores y de organizaciones y organismos extraterritoriales)",N/A,1951.88
5412,303,13,5,Total,"Industria, construcción y servicios (excepto actividades de los hogares como empleadores y de organizaciones y organismos extraterritoriales)",N/A,1822.52
5413,304,13,5,Total,"Industria, construcción y servicios (excepto actividades de los hogares como empleadores y de organizaciones y organismos extraterritoriales)",N/A,2064.82
5414,305,13,5,Total,"Industria, construcción y servicios (excepto actividades de los hogares como empleadores y de organizaciones y organismos extraterritoriales)",N/A,1774.37
5415,306,13,5,Total,"Industria, construcción y servicios (excepto actividades de los hogares como empleadores y de organizaciones y organismos extraterritoriales)",N/A,1846.7
5416,307,13,5,Total,"Industria, construcción y servicios (excepto actividades de los hogares como empleadores y de organizaciones y organismos extraterritoriales)",N/A,1639.1
5417,308,13,5,Total,"Industria, construcción y servicios (excepto actividades de los hogares como empleadores y de organizaciones y organismos extraterritoriales)",N/A,1871.86
5418,309,13,5,Total,"Industria, construcción y servicios (excepto actividades de los hogares como empleadores y de organizaciones y organismos extraterritoriales)",N/A,1568.66
5419,310,13,5,Total,"Industria, construcción y servicios (excepto actividades de los hogares como empleadores y de organizaciones y organismos extraterritoriales)",N/A,1372.6
5420,311,13,5,Total,"Industria, construcción y servicios (excepto actividades de los hogares como empleadores y de organizaciones y organismos extraterritoriales)",N/A,1795.08
5421,312,13,5,Total,"Industria, construcción y servicios (excepto actividades de los hogares como empleadores y de organizaciones y organismos extraterritoriales)",N/A,2066.49
5422,313,13,5,Total,"Industria, construcción y servicios (excepto actividades de los hogares como empleadores y de organizaciones y organismos extraterritoriales)",N/A,1796.59
5423,314,13,5,Total,"Industria, construcción y servicios (excepto actividades de los hogares como empleadores y de organizaciones y organismos extraterritoriales)",N/A,1855.4
5424,315,13,5,Total,"Industria, construcción y servicios (excepto actividades de los hogares como empleadores y de organizaciones y organismos extraterritoriales)",N/A,1771.75
5425,316,13,5,Total,"Industria, construcción y servicios (excepto actividades de los hogares como empleadores y de organizaciones y organismos extraterritoriales)",N/A,2054.32
5426,317,13,5,Total,"Industria, construcción y servicios (excepto actividades de los hogares como empleadores y de organizaciones y organismos extraterritoriales)",N/A,1795.6
5427,318,13,5,Total,"Industria, construcción y servicios (excepto actividades de los hogares como empleadores y de organizaciones y organismos extraterritoriales)",N/A,1857.31
5428,319,13,5,Total,"Industria, construcción y servicios (excepto actividades de los hogares como empleadores y de organizaciones y organismos extraterritoriales)",N/A,1752.65
5429,320,13,5,Total,"Industria, construcción y servicios (excepto actividades de los hogares como empleadores y de organizaciones y organismos extraterritoriales)",N/A,2002.09
5430,321,13,5,Total,"Industria, construcción y servicios (excepto actividades de los hogares como empleadores y de organizaciones y organismos extraterritoriales)",N/A,1709.47
5431,322,13,5,Total,"Industria, construcción y servicios (excepto actividades de los hogares como empleadores y de organizaciones y organismos extraterritoriales)",N/A,1803.08
5432,323,13,5,Total,"Industria, construcción y servicios (excepto actividades de los hogares como empleadores y de organizaciones y organismos extraterritoriales)",N/A,1702.72
5433,324,13,5,Total,"Industria, construcción y servicios (excepto actividades de los hogares como empleadores y de organizaciones y organismos extraterritoriales)",N/A,1952.68
5434,325,13,5,Total,"Industria, construcción y servicios (excepto actividades de los hogares como empleadores y de organizaciones y organismos extraterritoriales)",N/A,1654.11
5435,326,13,5,Total,"Industria, construcción y servicios (excepto actividades de los hogares como empleadores y de organizaciones y organismos extraterritoriales)",N/A,1737.15
5436,327,13,5,Total,"Industria, construcción y servicios (excepto actividades de los hogares como empleadores y de organizaciones y organismos extraterritoriales)",N/A,1693.54
5437,328,13,5,Total,"Industria, construcción y servicios (excepto actividades de los hogares como empleadores y de organizaciones y organismos extraterritoriales)",N/A,1974.63
5438,329,13,5,Total,"Industria, construcción y servicios (excepto actividades de los hogares como empleadores y de organizaciones y organismos extraterritoriales)",N/A,1665.7
5439,330,13,5,Total,"Industria, construcción y servicios (excepto actividades de los hogares como empleadores y de organizaciones y organismos extraterritoriales)",N/A,1760.66
5440,331,13,5,Total,"Industria, construcción y servicios (excepto actividades de los hogares como empleadores y de organizaciones y organismos extraterritoriales)",N/A,1729.93
5441,332,13,5,Total,"Industria, construcción y servicios (excepto actividades de los hogares como empleadores y de organizaciones y organismos extraterritoriales)",N/A,1970.88
5442,333,13,5,Total,"Industria, construcción y servicios (excepto actividades de los hogares como empleadores y de organizaciones y organismos extraterritoriales)",N/A,1635.44
5443,334,13,5,Total,"Industria, construcción y servicios (excepto actividades de los hogares como empleadores y de organizaciones y organismos extraterritoriales)",N/A,1715.83
5444,335,13,5,Total,"Industria, construcción y servicios (excepto actividades de los hogares como empleadores y de organizaciones y organismos extraterritoriales)",N/A,1685.18
5445,336,13,5,Total,"Industria, construcción y servicios (excepto actividades de los hogares como empleadores y de organizaciones y organismos extraterritoriales)",N/A,1905.31
5446,337,13,5,Total,"Industria, construcción y servicios (excepto actividades de los hogares como empleadores y de organizaciones y organismos extraterritoriales)",N/A,1624.48
5447,338,13,5,Total,"Industria, construcción y servicios (excepto actividades de los hogares como empleadores y de organizaciones y organismos extraterritoriales)",N/A,1736.16
5448,339,13,5,Total,"Industria, construcción y servicios (excepto actividades de los hogares como empleadores y de organizaciones y organismos extraterritoriales)",N/A,1673.11
5449,340,13,5,Total,"Industria, construcción y servicios (excepto actividades de los hogares como empleadores y de organizaciones y organismos extraterritoriales)",N/A,1862.24
5450,341,13,5,Total,"Industria, construcción y servicios (excepto actividades de los hogares como empleadores y de organizaciones y organismos extraterritoriales)",N/A,1649.97
5451,342,13,5,Total,"Industria, construcción y servicios (excepto actividades de los hogares como empleadores y de organizaciones y organismos extraterritoriales)",N/A,1767.47
5452,343,13,5,Total,"Industria, construcción y servicios (excepto actividades de los hogares como empleadores y de organizaciones y organismos extraterritoriales)",N/A,1693.71
5453,344,13,5,Total,"Industria, construcción y servicios (excepto actividades de los hogares como empleadores y de organizaciones y organismos extraterritoriales)",N/A,1939.47
5454,345,13,5,Total,"Industria, construcción y servicios (excepto actividades de los hogares como empleadores y de organizaciones y organismos extraterritoriales)",N/A,1666.49
5455,346,13,5,Total,"Industria, construcción y servicios (excepto actividades de los hogares como empleadores y de organizaciones y organismos extraterritoriales)",N/A,1761.13
5456,347,13,5,Total,"Industria, construcción y servicios (excepto actividades de los hogares como empleadores y de organizaciones y organismos extraterritoriales)",N/A,1717.2
5457,348,13,5,Total,"Industria, construcción y servicios (excepto actividades de los hogares como empleadores y de organizaciones y organismos extraterritoriales)",N/A,1943.34
5458,349,13,5,Total,"Industria, construcción y servicios (excepto actividades de los hogares como empleadores y de organizaciones y organismos extraterritoriales)",N/A,1662.25
5459,350,13,5,Total,"Industria, construcción y servicios (excepto actividades de los hogares como empleadores y de organizaciones y organismos extraterritoriales)",N/A,1761.52
5460,351,13,5,Total,"Industria, construcción y servicios (excepto actividades de los hogares como empleadores y de organizaciones y organismos extraterritoriales)",N/A,1711.52
5461,352,13,5,Total,"Industria, construcción y servicios (excepto actividades de los hogares como empleadores y de organizaciones y organismos extraterritoriales)",N/A,1920.82
5462,353,13,5,Total,"Industria, construcción y servicios (excepto actividades de los hogares como empleadores y de organizaciones y organismos extraterritoriales)",N/A,1658.33
5463,354,13,5,Total,"Industria, construcción y servicios (excepto actividades de los hogares como empleadores y de organizaciones y organismos extraterritoriales)",N/A,1761.4
5464,355,13,5,Total,"Industria, construcción y servicios (excepto actividades de los hogares como empleadores y de organizaciones y organismos extraterritoriales)",N/A,1667.0
5465,356,13,5,Total,"Industria, construcción y servicios (excepto actividades de los hogares como empleadores y de organizaciones y organismos extraterritoriales)",N/A,1903.17
5466,357,13,5,Total,"Industria, construcción y servicios (excepto actividades de los hogares como empleadores y de organizaciones y organismos extraterritoriales)",N/A,1601.78
5467,358,13,5,Total,"Industria, construcción y servicios (excepto actividades de los hogares como empleadores y de organizaciones y organismos extraterritoriales)",N/A,1669.34
5468,359,13,5,Total,"Industria, construcción y servicios (excepto actividades de los hogares como empleadores y de organizaciones y organismos extraterritoriales)",N/A,1607.69
5469,289,13,5,Total,Industria,N/A,2288.03
5470,290,13,5,Total,Industria,N/A,2481.27
5471,291,13,5,Total,Industria,N/A,2280.21
5472,292,13,5,Total,Industria,N/A,2561.59
5473,293,13,5,Total,Industria,N/A,2238.18
5474,294,13,5,Total,Industria,N/A,2355.8
5475,295,13,5,Total,Industria,N/A,2182.52
5476,296,13,5,Total,Industria,N/A,2398.32
5477,297,13,5,Total,Industria,N/A,2127.36
5478,298,13,5,Total,Industria,N/A,2245.09
5479,299,13,5,Total,Industria,N/A,2183.0
5480,300,13,5,Total,Industria,N/A,2260.31
5481,301,13,5,Total,Industria,N/A,2027.35
5482,302,13,5,Total,Industria,N/A,2178.63
5483,303,13,5,Total,Industria,N/A,2042.53
5484,304,13,5,Total,Industria,N/A,2193.54
5485,305,13,5,Total,Industria,N/A,1931.93
5486,306,13,5,Total,Industria,N/A,1989.02
5487,307,13,5,Total,Industria,N/A,1834.67
5488,308,13,5,Total,Industria,N/A,1959.33
5489,309,13,5,Total,Industria,N/A,1800.37
5490,310,13,5,Total,Industria,N/A,1675.44
5491,311,13,5,Total,Industria,N/A,1885.82
5492,312,13,5,Total,Industria,N/A,2098.07
5493,313,13,5,Total,Industria,N/A,1915.76
5494,314,13,5,Total,Industria,N/A,1980.37
5495,315,13,5,Total,Industria,N/A,1845.65
5496,316,13,5,Total,Industria,N/A,2055.25
5497,317,13,5,Total,Industria,N/A,1870.05
5498,318,13,5,Total,Industria,N/A,1934.82
5499,319,13,5,Total,Industria,N/A,1814.9
5500,320,13,5,Total,Industria,N/A,2035.3
5501,321,13,5,Total,Industria,N/A,1847.23
5502,322,13,5,Total,Industria,N/A,1970.02
5503,323,13,5,Total,Industria,N/A,1801.57
5504,324,13,5,Total,Industria,N/A,2001.95
5505,325,13,5,Total,Industria,N/A,1815.98
5506,326,13,5,Total,Industria,N/A,1817.65
5507,327,13,5,Total,Industria,N/A,1706.32
5508,328,13,5,Total,Industria,N/A,2069.88
5509,329,13,5,Total,Industria,N/A,1836.88
5510,330,13,5,Total,Industria,N/A,1971.63
5511,331,13,5,Total,Industria,N/A,1762.08
5512,332,13,5,Total,Industria,N/A,2162.03
5513,333,13,5,Total,Industria,N/A,1974.86
5514,334,13,5,Total,Industria,N/A,1953.68
5515,335,13,5,Total,Industria,N/A,2038.7
5516,336,13,5,Total,Industria,N/A,2094.25
5517,337,13,5,Total,Industria,N/A,1854.43
5518,338,13,5,Total,Industria,N/A,1939.15
5519,339,13,5,Total,Industria,N/A,1892.11
5520,340,13,5,Total,Industria,N/A,2099.24
5521,341,13,5,Total,Industria,N/A,1893.17
5522,342,13,5,Total,Industria,N/A,1979.14
5523,343,13,5,Total,Industria,N/A,1933.62
5524,344,13,5,Total,Industria,N/A,2157.69
5525,345,13,5,Total,Industria,N/A,1895.14
5526,346,13,5,Total,Industria,N/A,1953.5
5527,347,13,5,Total,Industria,N/A,1930.31
5528,348,13,5,Total,Industria,N/A,2100.45
5529,349,13,5,Total,Industria,N/A,1832.24
5530,350,13,5,Total,Industria,N/A,1865.77
5531,351,13,5,Total,Industria,N/A,1788.25
5532,352,13,5,Total,Industria,N/A,2092.28
5533,353,13,5,Total,Industria,N/A,1805.05
5534,354,13,5,Total,Industria,N/A,1840.97
5535,355,13,5,Total,Industria,N/A,1702.57
5536,356,13,5,Total,Industria,N/A,1930.21
5537,357,13,5,Total,Industria,N/A,1705.96
5538,358,13,5,Total,Industria,N/A,1671.36
5539,359,13,5,Total,Industria,N/A,1615.42
5540,289,13,5,Total,Construcción,N/A,2051.88
5541,290,13,5,Total,Construcción,N/A,2353.28
5542,291,13,5,Total,Construcción,N/A,1919.11
5543,292,13,5,Total,Construcción,N/A,2325.21
5544,293,13,5,Total,Construcción,N/A,1958.4
5545,294,13,5,Total,Construcción,N/A,2254.94
5546,295,13,5,Total,Construcción,N/A,1907.79
5547,296,13,5,Total,Construcción,N/A,2227.96
5548,297,13,5,Total,Construcción,N/A,1966.0
5549,298,13,5,Total,Construcción,N/A,2179.56
5550,299,13,5,Total,Construcción,N/A,1862.8
5551,300,13,5,Total,Construcción,N/A,2054.17
5552,301,13,5,Total,Construcción,N/A,1878.08
5553,302,13,5,Total,Construcción,N/A,1944.14
5554,303,13,5,Total,Construcción,N/A,1730.14
5555,304,13,5,Total,Construcción,N/A,1946.58
5556,305,13,5,Total,Construcción,N/A,1829.66
5557,306,13,5,Total,Construcción,N/A,1893.96
5558,307,13,5,Total,Construcción,N/A,1678.19
5559,308,13,5,Total,Construcción,N/A,1916.76
5560,309,13,5,Total,Construcción,N/A,1675.47
5561,310,13,5,Total,Construcción,N/A,1754.45
5562,311,13,5,Total,Construcción,N/A,1616.26
5563,312,13,5,Total,Construcción,N/A,1964.1
5564,313,13,5,Total,Construcción,N/A,1779.11
5565,314,13,5,Total,Construcción,N/A,1943.87
5566,315,13,5,Total,Construcción,N/A,1655.7
5567,316,13,5,Total,Construcción,N/A,1934.02
5568,317,13,5,Total,Construcción,N/A,1666.66
5569,318,13,5,Total,Construcción,N/A,1874.74
5570,319,13,5,Total,Construcción,N/A,1575.57
5571,320,13,5,Total,Construcción,N/A,1843.08
5572,321,13,5,Total,Construcción,N/A,1573.3
5573,322,13,5,Total,Construcción,N/A,1777.69
5574,323,13,5,Total,Construcción,N/A,1508.97
5575,324,13,5,Total,Construcción,N/A,1761.94
5576,325,13,5,Total,Construcción,N/A,1530.24
5577,326,13,5,Total,Construcción,N/A,1698.96
5578,327,13,5,Total,Construcción,N/A,1497.6
5579,328,13,5,Total,Construcción,N/A,1731.96
5580,329,13,5,Total,Construcción,N/A,1550.56
5581,330,13,5,Total,Construcción,N/A,1723.42
5582,331,13,5,Total,Construcción,N/A,1478.51
5583,332,13,5,Total,Construcción,N/A,1908.03
5584,333,13,5,Total,Construcción,N/A,1536.91
5585,334,13,5,Total,Construcción,N/A,1780.6
5586,335,13,5,Total,Construcción,N/A,1525.78
5587,336,13,5,Total,Construcción,N/A,1849.83
5588,337,13,5,Total,Construcción,N/A,1586.42
5589,338,13,5,Total,Construcción,N/A,1656.15
5590,339,13,5,Total,Construcción,N/A,1455.03
5591,340,13,5,Total,Construcción,N/A,1870.44
5592,341,13,5,Total,Construcción,N/A,1608.12
5593,342,13,5,Total,Construcción,N/A,1662.18
5594,343,13,5,Total,Construcción,N/A,1484.66
5595,344,13,5,Total,Construcción,N/A,1754.71
5596,345,13,5,Total,Construcción,N/A,1579.92
5597,346,13,5,Total,Construcción,N/A,1692.05
5598,347,13,5,Total,Construcción,N/A,1560.11
5599,348,13,5,Total,Construcción,N/A,1820.18
5600,349,13,5,Total,Construcción,N/A,1595.05
5601,350,13,5,Total,Construcción,N/A,1676.92
5602,351,13,5,Total,Construcción,N/A,1539.47
5603,352,13,5,Total,Construcción,N/A,1704.44
5604,353,13,5,Total,Construcción,N/A,1463.71
5605,354,13,5,Total,Construcción,N/A,1573.26
5606,355,13,5,Total,Construcción,N/A,1393.18
5607,356,13,5,Total,Construcción,N/A,1677.64
5608,357,13,5,Total,Construcción,N/A,1488.6
5609,358,13,5,Total,Construcción,N/A,1576.72
5610,359,13,5,Total,Construcción,N/A,1412.88
5611,289,13,5,Total,Servicios,N/A,2303.59
5612,290,13,5,Total,Servicios,N/A,2306.99
5613,291,13,5,Total,Servicios,N/A,2447.58
5614,292,13,5,Total,Servicios,N/A,2460.9
5615,293,13,5,Total,Servicios,N/A,2170.56
5616,294,13,5,Total,Servicios,N/A,2209.28
5617,295,13,5,Total,Servicios,N/A,2224.19
5618,296,13,5,Total,Servicios,N/A,2370.87
5619,297,13,5,Total,Servicios,N/A,2054.44
5620,298,13,5,Total,Servicios,N/A,2158.03
5621,299,13,5,Total,Servicios,N/A,2045.96
5622,300,13,5,Total,Servicios,N/A,2236.06
5623,301,13,5,Total,Servicios,N/A,1935.99
5624,302,13,5,Total,Servicios,N/A,1938.84
5625,303,13,5,Total,Servicios,N/A,1819.32
5626,304,13,5,Total,Servicios,N/A,2070.29
5627,305,13,5,Total,Servicios,N/A,1759.01
5628,306,13,5,Total,Servicios,N/A,1830.16
5629,307,13,5,Total,Servicios,N/A,1618.91
5630,308,13,5,Total,Servicios,N/A,1859.56
5631,309,13,5,Total,Servicios,N/A,1542.85
5632,310,13,5,Total,Servicios,N/A,1309.6
5633,311,13,5,Total,Servicios,N/A,1812.91
5634,312,13,5,Total,Servicios,N/A,2076.15
5635,313,13,5,Total,Servicios,N/A,1791.24
5636,314,13,5,Total,Servicios,N/A,1838.83
5637,315,13,5,Total,Servicios,N/A,1782.22
5638,316,13,5,Total,Servicios,N/A,2067.88
5639,317,13,5,Total,Servicios,N/A,1802.41
5640,318,13,5,Total,Servicios,N/A,1850.56
5641,319,13,5,Total,Servicios,N/A,1769.64
5642,320,13,5,Total,Servicios,N/A,2017.05
5643,321,13,5,Total,Servicios,N/A,1712.38
5644,322,13,5,Total,Servicios,N/A,1794.7
5645,323,13,5,Total,Servicios,N/A,1718.77
5646,324,13,5,Total,Servicios,N/A,1967.43
5647,325,13,5,Total,Servicios,N/A,1653.32
5648,326,13,5,Total,Servicios,N/A,1735.23
5649,327,13,5,Total,Servicios,N/A,1714.31
5650,328,13,5,Total,Servicios,N/A,1990.93
5651,329,13,5,Total,Servicios,N/A,1664.07
5652,330,13,5,Total,Servicios,N/A,1750.25
5653,331,13,5,Total,Servicios,N/A,1755.38
5654,332,13,5,Total,Servicios,N/A,1960.84
5655,333,13,5,Total,Servicios,N/A,1619.97
5656,334,13,5,Total,Servicios,N/A,1692.98
5657,335,13,5,Total,Servicios,N/A,1671.16
5658,336,13,5,Total,Servicios,N/A,1895.69
5659,337,13,5,Total,Servicios,N/A,1612.45
5660,338,13,5,Total,Servicios,N/A,1728.3
5661,339,13,5,Total,Servicios,N/A,1676.41
5662,340,13,5,Total,Servicios,N/A,1843.06
5663,341,13,5,Total,Servicios,N/A,1636.73
5664,342,13,5,Total,Servicios,N/A,1761.81
5665,343,13,5,Total,Servicios,N/A,1696.76
5666,344,13,5,Total,Servicios,N/A,1943.25
5667,345,13,5,Total,Servicios,N/A,1658.05
5668,346,13,5,Total,Servicios,N/A,1754.23
5669,347,13,5,Total,Servicios,N/A,1718.87
5670,348,13,5,Total,Servicios,N/A,1945.72
5671,349,13,5,Total,Servicios,N/A,1656.44
5672,350,13,5,Total,Servicios,N/A,1764.13
5673,351,13,5,Total,Servicios,N/A,1729.6
5674,352,13,5,Total,Servicios,N/A,1939.06
5675,353,13,5,Total,Servicios,N/A,1673.64
5676,354,13,5,Total,Servicios,N/A,1782.26
5677,355,13,5,Total,Servicios,N/A,1711.88
5678,356,13,5,Total,Servicios,N/A,1939.06
5679,357,13,5,Total,Servicios,N/A,1608.88
5680,358,13,5,Total,Servicios,N/A,1685.61
5681,359,13,5,Total,Servicios,N/A,1649.24
5682,289,13,6,Total,"Industria, construcción y servicios (excepto actividades de los hogares como empleadores y de organizaciones y organismos extraterritoriales)",N/A,1891.31
5683,290,13,6,Total,"Industria, construcción y servicios (excepto actividades de los hogares como empleadores y de organizaciones y organismos extraterritoriales)",N/A,1936.71
5684,291,13,6,Total,"Industria, construcción y servicios (excepto actividades de los hogares como empleadores y de organizaciones y organismos extraterritoriales)",N/A,1872.03
5685,292,13,6,Total,"Industria, construcción y servicios (excepto actividades de los hogares como empleadores y de organizaciones y organismos extraterritoriales)",N/A,1976.03
5686,293,13,6,Total,"Industria, construcción y servicios (excepto actividades de los hogares como empleadores y de organizaciones y organismos extraterritoriales)",N/A,1844.88
5687,294,13,6,Total,"Industria, construcción y servicios (excepto actividades de los hogares como empleadores y de organizaciones y organismos extraterritoriales)",N/A,1873.11
5688,295,13,6,Total,"Industria, construcción y servicios (excepto actividades de los hogares como empleadores y de organizaciones y organismos extraterritoriales)",N/A,1813.23
5689,296,13,6,Total,"Industria, construcción y servicios (excepto actividades de los hogares como empleadores y de organizaciones y organismos extraterritoriales)",N/A,1894.59
5690,297,13,6,Total,"Industria, construcción y servicios (excepto actividades de los hogares como empleadores y de organizaciones y organismos extraterritoriales)",N/A,1752.71
5691,298,13,6,Total,"Industria, construcción y servicios (excepto actividades de los hogares como empleadores y de organizaciones y organismos extraterritoriales)",N/A,1870.77
5692,299,13,6,Total,"Industria, construcción y servicios (excepto actividades de los hogares como empleadores y de organizaciones y organismos extraterritoriales)",N/A,1786.13
5693,300,13,6,Total,"Industria, construcción y servicios (excepto actividades de los hogares como empleadores y de organizaciones y organismos extraterritoriales)",N/A,1833.55
5694,301,13,6,Total,"Industria, construcción y servicios (excepto actividades de los hogares como empleadores y de organizaciones y organismos extraterritoriales)",N/A,1726.79
5695,302,13,6,Total,"Industria, construcción y servicios (excepto actividades de los hogares como empleadores y de organizaciones y organismos extraterritoriales)",N/A,1796.6
5696,303,13,6,Total,"Industria, construcción y servicios (excepto actividades de los hogares como empleadores y de organizaciones y organismos extraterritoriales)",N/A,1690.91
5697,304,13,6,Total,"Industria, construcción y servicios (excepto actividades de los hogares como empleadores y de organizaciones y organismos extraterritoriales)",N/A,1742.39
5698,305,13,6,Total,"Industria, construcción y servicios (excepto actividades de los hogares como empleadores y de organizaciones y organismos extraterritoriales)",N/A,1576.24
5699,306,13,6,Total,"Industria, construcción y servicios (excepto actividades de los hogares como empleadores y de organizaciones y organismos extraterritoriales)",N/A,1547.55
5700,307,13,6,Total,"Industria, construcción y servicios (excepto actividades de los hogares como empleadores y de organizaciones y organismos extraterritoriales)",N/A,1467.82
5701,308,13,6,Total,"Industria, construcción y servicios (excepto actividades de los hogares como empleadores y de organizaciones y organismos extraterritoriales)",N/A,1527.44
5702,309,13,6,Total,"Industria, construcción y servicios (excepto actividades de los hogares como empleadores y de organizaciones y organismos extraterritoriales)",N/A,1395.99
5703,310,13,6,Total,"Industria, construcción y servicios (excepto actividades de los hogares como empleadores y de organizaciones y organismos extraterritoriales)",N/A,1282.18
5704,311,13,6,Total,"Industria, construcción y servicios (excepto actividades de los hogares como empleadores y de organizaciones y organismos extraterritoriales)",N/A,1565.24
5705,312,13,6,Total,"Industria, construcción y servicios (excepto actividades de los hogares como empleadores y de organizaciones y organismos extraterritoriales)",N/A,1708.8
5706,313,13,6,Total,"Industria, construcción y servicios (excepto actividades de los hogares como empleadores y de organizaciones y organismos extraterritoriales)",N/A,1607.51
5707,314,13,6,Total,"Industria, construcción y servicios (excepto actividades de los hogares como empleadores y de organizaciones y organismos extraterritoriales)",N/A,1665.87
5708,315,13,6,Total,"Industria, construcción y servicios (excepto actividades de los hogares como empleadores y de organizaciones y organismos extraterritoriales)",N/A,1593.35
5709,316,13,6,Total,"Industria, construcción y servicios (excepto actividades de los hogares como empleadores y de organizaciones y organismos extraterritoriales)",N/A,1726.51
5710,317,13,6,Total,"Industria, construcción y servicios (excepto actividades de los hogares como empleadores y de organizaciones y organismos extraterritoriales)",N/A,1568.5
5711,318,13,6,Total,"Industria, construcción y servicios (excepto actividades de los hogares como empleadores y de organizaciones y organismos extraterritoriales)",N/A,1646.41
5712,319,13,6,Total,"Industria, construcción y servicios (excepto actividades de los hogares como empleadores y de organizaciones y organismos extraterritoriales)",N/A,1556.22
5713,320,13,6,Total,"Industria, construcción y servicios (excepto actividades de los hogares como empleadores y de organizaciones y organismos extraterritoriales)",N/A,1674.69
5714,321,13,6,Total,"Industria, construcción y servicios (excepto actividades de los hogares como empleadores y de organizaciones y organismos extraterritoriales)",N/A,1533.47
5715,322,13,6,Total,"Industria, construcción y servicios (excepto actividades de los hogares como empleadores y de organizaciones y organismos extraterritoriales)",N/A,1625.62
5716,323,13,6,Total,"Industria, construcción y servicios (excepto actividades de los hogares como empleadores y de organizaciones y organismos extraterritoriales)",N/A,1550.09
5717,324,13,6,Total,"Industria, construcción y servicios (excepto actividades de los hogares como empleadores y de organizaciones y organismos extraterritoriales)",N/A,1692.39
5718,325,13,6,Total,"Industria, construcción y servicios (excepto actividades de los hogares como empleadores y de organizaciones y organismos extraterritoriales)",N/A,1520.11
5719,326,13,6,Total,"Industria, construcción y servicios (excepto actividades de los hogares como empleadores y de organizaciones y organismos extraterritoriales)",N/A,1608.78
5720,327,13,6,Total,"Industria, construcción y servicios (excepto actividades de los hogares como empleadores y de organizaciones y organismos extraterritoriales)",N/A,1538.72
5721,328,13,6,Total,"Industria, construcción y servicios (excepto actividades de los hogares como empleadores y de organizaciones y organismos extraterritoriales)",N/A,1708.63
5722,329,13,6,Total,"Industria, construcción y servicios (excepto actividades de los hogares como empleadores y de organizaciones y organismos extraterritoriales)",N/A,1523.21
5723,330,13,6,Total,"Industria, construcción y servicios (excepto actividades de los hogares como empleadores y de organizaciones y organismos extraterritoriales)",N/A,1638.63
5724,331,13,6,Total,"Industria, construcción y servicios (excepto actividades de los hogares como empleadores y de organizaciones y organismos extraterritoriales)",N/A,1567.91
5725,332,13,6,Total,"Industria, construcción y servicios (excepto actividades de los hogares como empleadores y de organizaciones y organismos extraterritoriales)",N/A,1633.44
5726,333,13,6,Total,"Industria, construcción y servicios (excepto actividades de los hogares como empleadores y de organizaciones y organismos extraterritoriales)",N/A,1508.04
5727,334,13,6,Total,"Industria, construcción y servicios (excepto actividades de los hogares como empleadores y de organizaciones y organismos extraterritoriales)",N/A,1607.06
5728,335,13,6,Total,"Industria, construcción y servicios (excepto actividades de los hogares como empleadores y de organizaciones y organismos extraterritoriales)",N/A,1520.28
5729,336,13,6,Total,"Industria, construcción y servicios (excepto actividades de los hogares como empleadores y de organizaciones y organismos extraterritoriales)",N/A,1612.32
5730,337,13,6,Total,"Industria, construcción y servicios (excepto actividades de los hogares como empleadores y de organizaciones y organismos extraterritoriales)",N/A,1478.61
5731,338,13,6,Total,"Industria, construcción y servicios (excepto actividades de los hogares como empleadores y de organizaciones y organismos extraterritoriales)",N/A,1614.45
5732,339,13,6,Total,"Industria, construcción y servicios (excepto actividades de los hogares como empleadores y de organizaciones y organismos extraterritoriales)",N/A,1503.52
5733,340,13,6,Total,"Industria, construcción y servicios (excepto actividades de los hogares como empleadores y de organizaciones y organismos extraterritoriales)",N/A,1584.56
5734,341,13,6,Total,"Industria, construcción y servicios (excepto actividades de los hogares como empleadores y de organizaciones y organismos extraterritoriales)",N/A,1500.04
5735,342,13,6,Total,"Industria, construcción y servicios (excepto actividades de los hogares como empleadores y de organizaciones y organismos extraterritoriales)",N/A,1611.66
5736,343,13,6,Total,"Industria, construcción y servicios (excepto actividades de los hogares como empleadores y de organizaciones y organismos extraterritoriales)",N/A,1518.42
5737,344,13,6,Total,"Industria, construcción y servicios (excepto actividades de los hogares como empleadores y de organizaciones y organismos extraterritoriales)",N/A,1653.9
5738,345,13,6,Total,"Industria, construcción y servicios (excepto actividades de los hogares como empleadores y de organizaciones y organismos extraterritoriales)",N/A,1523.61
5739,346,13,6,Total,"Industria, construcción y servicios (excepto actividades de los hogares como empleadores y de organizaciones y organismos extraterritoriales)",N/A,1600.56
5740,347,13,6,Total,"Industria, construcción y servicios (excepto actividades de los hogares como empleadores y de organizaciones y organismos extraterritoriales)",N/A,1510.96
5741,348,13,6,Total,"Industria, construcción y servicios (excepto actividades de los hogares como empleadores y de organizaciones y organismos extraterritoriales)",N/A,1608.9
5742,349,13,6,Total,"Industria, construcción y servicios (excepto actividades de los hogares como empleadores y de organizaciones y organismos extraterritoriales)",N/A,1515.83
5743,350,13,6,Total,"Industria, construcción y servicios (excepto actividades de los hogares como empleadores y de organizaciones y organismos extraterritoriales)",N/A,1582.97
5744,351,13,6,Total,"Industria, construcción y servicios (excepto actividades de los hogares como empleadores y de organizaciones y organismos extraterritoriales)",N/A,1506.7
5745,352,13,6,Total,"Industria, construcción y servicios (excepto actividades de los hogares como empleadores y de organizaciones y organismos extraterritoriales)",N/A,1633.1
5746,353,13,6,Total,"Industria, construcción y servicios (excepto actividades de los hogares como empleadores y de organizaciones y organismos extraterritoriales)",N/A,1525.02
5747,354,13,6,Total,"Industria, construcción y servicios (excepto actividades de los hogares como empleadores y de organizaciones y organismos extraterritoriales)",N/A,1589.33
5748,355,13,6,Total,"Industria, construcción y servicios (excepto actividades de los hogares como empleadores y de organizaciones y organismos extraterritoriales)",N/A,1515.29
5749,356,13,6,Total,"Industria, construcción y servicios (excepto actividades de los hogares como empleadores y de organizaciones y organismos extraterritoriales)",N/A,1613.64
5750,357,13,6,Total,"Industria, construcción y servicios (excepto actividades de los hogares como empleadores y de organizaciones y organismos extraterritoriales)",N/A,1487.76
5751,358,13,6,Total,"Industria, construcción y servicios (excepto actividades de los hogares como empleadores y de organizaciones y organismos extraterritoriales)",N/A,1527.97
5752,359,13,6,Total,"Industria, construcción y servicios (excepto actividades de los hogares como empleadores y de organizaciones y organismos extraterritoriales)",N/A,1464.2
5753,289,13,6,Total,Industria,N/A,2007.06
5754,290,13,6,Total,Industria,N/A,2156.88
5755,291,13,6,Total,Industria,N/A,2071.78
5756,292,13,6,Total,Industria,N/A,2137.49
5757,293,13,6,Total,Industria,N/A,1932.9
5758,294,13,6,Total,Industria,N/A,2047.65
5759,295,13,6,Total,Industria,N/A,2077.44
5760,296,13,6,Total,Industria,N/A,2036.96
5761,297,13,6,Total,Industria,N/A,1856.17
5762,298,13,6,Total,Industria,N/A,2045.41
5763,299,13,6,Total,Industria,N/A,1976.1
5764,300,13,6,Total,Industria,N/A,2020.54
5765,301,13,6,Total,Industria,N/A,1796.79
5766,302,13,6,Total,Industria,N/A,2002.58
5767,303,13,6,Total,Industria,N/A,1906.37
5768,304,13,6,Total,Industria,N/A,1902.12
5769,305,13,6,Total,Industria,N/A,1710.97
5770,306,13,6,Total,Industria,N/A,1852.13
5771,307,13,6,Total,Industria,N/A,1752.62
5772,308,13,6,Total,Industria,N/A,1888.68
5773,309,13,6,Total,Industria,N/A,1672.2
5774,310,13,6,Total,Industria,N/A,1694.8
5775,311,13,6,Total,Industria,N/A,1852.96
5776,312,13,6,Total,Industria,N/A,1932.69
5777,313,13,6,Total,Industria,N/A,1730.49
5778,314,13,6,Total,Industria,N/A,1852.24
5779,315,13,6,Total,Industria,N/A,1771.6
5780,316,13,6,Total,Industria,N/A,1920.22
5781,317,13,6,Total,Industria,N/A,1709.47
5782,318,13,6,Total,Industria,N/A,1799.64
5783,319,13,6,Total,Industria,N/A,1858.25
5784,320,13,6,Total,Industria,N/A,1901.36
5785,321,13,6,Total,Industria,N/A,1706.42
5786,322,13,6,Total,Industria,N/A,1830.46
5787,323,13,6,Total,Industria,N/A,1779.79
5788,324,13,6,Total,Industria,N/A,1885.06
5789,325,13,6,Total,Industria,N/A,1735.74
5790,326,13,6,Total,Industria,N/A,1827.61
5791,327,13,6,Total,Industria,N/A,1769.39
5792,328,13,6,Total,Industria,N/A,1875.6
5793,329,13,6,Total,Industria,N/A,1717.39
5794,330,13,6,Total,Industria,N/A,1796.09
5795,331,13,6,Total,Industria,N/A,1823.56
5796,332,13,6,Total,Industria,N/A,1864.63
5797,333,13,6,Total,Industria,N/A,1700.6
5798,334,13,6,Total,Industria,N/A,1757.94
5799,335,13,6,Total,Industria,N/A,1730.14
5800,336,13,6,Total,Industria,N/A,1872.99
5801,337,13,6,Total,Industria,N/A,1739.0
5802,338,13,6,Total,Industria,N/A,1900.52
5803,339,13,6,Total,Industria,N/A,1798.29
5804,340,13,6,Total,Industria,N/A,1807.3
5805,341,13,6,Total,Industria,N/A,1709.12
5806,342,13,6,Total,Industria,N/A,1786.15
5807,343,13,6,Total,Industria,N/A,1799.2
5808,344,13,6,Total,Industria,N/A,1874.44
5809,345,13,6,Total,Industria,N/A,1739.54
5810,346,13,6,Total,Industria,N/A,1780.87
5811,347,13,6,Total,Industria,N/A,1752.61
5812,348,13,6,Total,Industria,N/A,1765.66
5813,349,13,6,Total,Industria,N/A,1652.65
5814,350,13,6,Total,Industria,N/A,1691.23
5815,351,13,6,Total,Industria,N/A,1718.63
5816,352,13,6,Total,Industria,N/A,1779.8
5817,353,13,6,Total,Industria,N/A,1623.49
5818,354,13,6,Total,Industria,N/A,1673.46
5819,355,13,6,Total,Industria,N/A,1699.38
5820,356,13,6,Total,Industria,N/A,1669.22
5821,357,13,6,Total,Industria,N/A,1598.18
5822,358,13,6,Total,Industria,N/A,1659.33
5823,359,13,6,Total,Industria,N/A,1577.06
5824,289,13,6,Total,Construcción,N/A,1839.21
5825,290,13,6,Total,Construcción,N/A,1954.97
5826,291,13,6,Total,Construcción,N/A,1754.51
5827,292,13,6,Total,Construcción,N/A,1999.16
5828,293,13,6,Total,Construcción,N/A,1732.48
5829,294,13,6,Total,Construcción,N/A,1833.98
5830,295,13,6,Total,Construcción,N/A,1667.1
5831,296,13,6,Total,Construcción,N/A,1946.53
5832,297,13,6,Total,Construcción,N/A,1682.85
5833,298,13,6,Total,Construcción,N/A,1772.98
5834,299,13,6,Total,Construcción,N/A,1609.11
5835,300,13,6,Total,Construcción,N/A,1787.86
5836,301,13,6,Total,Construcción,N/A,1660.43
5837,302,13,6,Total,Construcción,N/A,1682.09
5838,303,13,6,Total,Construcción,N/A,1549.79
5839,304,13,6,Total,Construcción,N/A,1640.95
5840,305,13,6,Total,Construcción,N/A,1524.63
5841,306,13,6,Total,Construcción,N/A,1604.82
5842,307,13,6,Total,Construcción,N/A,1483.51
5843,308,13,6,Total,Construcción,N/A,1669.57
5844,309,13,6,Total,Construcción,N/A,1567.6
5845,310,13,6,Total,Construcción,N/A,1547.71
5846,311,13,6,Total,Construcción,N/A,1557.49
5847,312,13,6,Total,Construcción,N/A,1841.04
5848,313,13,6,Total,Construcción,N/A,1621.56
5849,314,13,6,Total,Construcción,N/A,1729.29
5850,315,13,6,Total,Construcción,N/A,1580.85
5851,316,13,6,Total,Construcción,N/A,1721.75
5852,317,13,6,Total,Construcción,N/A,1551.92
5853,318,13,6,Total,Construcción,N/A,1621.93
5854,319,13,6,Total,Construcción,N/A,1565.12
5855,320,13,6,Total,Construcción,N/A,1657.93
5856,321,13,6,Total,Construcción,N/A,1506.85
5857,322,13,6,Total,Construcción,N/A,1671.43
5858,323,13,6,Total,Construcción,N/A,1468.63
5859,324,13,6,Total,Construcción,N/A,1631.23
5860,325,13,6,Total,Construcción,N/A,1524.46
5861,326,13,6,Total,Construcción,N/A,1637.79
5862,327,13,6,Total,Construcción,N/A,1507.2
5863,328,13,6,Total,Construcción,N/A,1549.26
5864,329,13,6,Total,Construcción,N/A,1451.04
5865,330,13,6,Total,Construcción,N/A,1538.04
5866,331,13,6,Total,Construcción,N/A,1602.39
5867,332,13,6,Total,Construcción,N/A,1638.44
5868,333,13,6,Total,Construcción,N/A,1530.44
5869,334,13,6,Total,Construcción,N/A,1655.36
5870,335,13,6,Total,Construcción,N/A,1499.13
5871,336,13,6,Total,Construcción,N/A,1539.58
5872,337,13,6,Total,Construcción,N/A,1364.59
5873,338,13,6,Total,Construcción,N/A,1493.52
5874,339,13,6,Total,Construcción,N/A,1354.31
5875,340,13,6,Total,Construcción,N/A,1590.63
5876,341,13,6,Total,Construcción,N/A,1403.91
5877,342,13,6,Total,Construcción,N/A,1505.67
5878,343,13,6,Total,Construcción,N/A,1359.07
5879,344,13,6,Total,Construcción,N/A,1537.66
5880,345,13,6,Total,Construcción,N/A,1453.08
5881,346,13,6,Total,Construcción,N/A,1483.4
5882,347,13,6,Total,Construcción,N/A,1415.06
5883,348,13,6,Total,Construcción,N/A,1504.54
5884,349,13,6,Total,Construcción,N/A,1444.4
5885,350,13,6,Total,Construcción,N/A,1457.42
5886,351,13,6,Total,Construcción,N/A,1368.18
5887,352,13,6,Total,Construcción,N/A,1533.1
5888,353,13,6,Total,Construcción,N/A,1416.48
5889,354,13,6,Total,Construcción,N/A,1474.97
5890,355,13,6,Total,Construcción,N/A,1414.93
5891,356,13,6,Total,Construcción,N/A,1487.43
5892,357,13,6,Total,Construcción,N/A,1388.3
5893,358,13,6,Total,Construcción,N/A,1403.08
5894,359,13,6,Total,Construcción,N/A,1312.32
5895,289,13,6,Total,Servicios,N/A,1888.43
5896,290,13,6,Total,Servicios,N/A,1923.58
5897,291,13,6,Total,Servicios,N/A,1868.76
5898,292,13,6,Total,Servicios,N/A,1965.87
5899,293,13,6,Total,Servicios,N/A,1847.01
5900,294,13,6,Total,Servicios,N/A,1866.24
5901,295,13,6,Total,Servicios,N/A,1808.66
5902,296,13,6,Total,Servicios,N/A,1883.52
5903,297,13,6,Total,Servicios,N/A,1751.63
5904,298,13,6,Total,Servicios,N/A,1868.04
5905,299,13,6,Total,Servicios,N/A,1788.12
5906,300,13,6,Total,Servicios,N/A,1825.72
5907,301,13,6,Total,Servicios,N/A,1727.54
5908,302,13,6,Total,Servicios,N/A,1792.78
5909,303,13,6,Total,Servicios,N/A,1688.81
5910,304,13,6,Total,Servicios,N/A,1740.45
5911,305,13,6,Total,Servicios,N/A,1571.87
5912,306,13,6,Total,Servicios,N/A,1524.07
5913,307,13,6,Total,Servicios,N/A,1448.51
5914,308,13,6,Total,Servicios,N/A,1495.42
5915,309,13,6,Total,Servicios,N/A,1366.65
5916,310,13,6,Total,Servicios,N/A,1239.59
5917,311,13,6,Total,Servicios,N/A,1548.99
5918,312,13,6,Total,Servicios,N/A,1687.43
5919,313,13,6,Total,Servicios,N/A,1599.22
5920,314,13,6,Total,Servicios,N/A,1650.64
5921,315,13,6,Total,Servicios,N/A,1583.84
5922,316,13,6,Total,Servicios,N/A,1715.08
5923,317,13,6,Total,Servicios,N/A,1560.88
5924,318,13,6,Total,Servicios,N/A,1638.92
5925,319,13,6,Total,Servicios,N/A,1537.19
5926,320,13,6,Total,Servicios,N/A,1661.83
5927,321,13,6,Total,Servicios,N/A,1524.11
5928,322,13,6,Total,Servicios,N/A,1609.66
5929,323,13,6,Total,Servicios,N/A,1540.73
5930,324,13,6,Total,Servicios,N/A,1684.02
5931,325,13,6,Total,Servicios,N/A,1506.47
5932,326,13,6,Total,Servicios,N/A,1593.47
5933,327,13,6,Total,Servicios,N/A,1526.08
5934,328,13,6,Total,Servicios,N/A,1707.19
5935,329,13,6,Total,Servicios,N/A,1514.32
5936,330,13,6,Total,Servicios,N/A,1634.14
5937,331,13,6,Total,Servicios,N/A,1549.32
5938,332,13,6,Total,Servicios,N/A,1618.46
5939,333,13,6,Total,Servicios,N/A,1494.21
5940,334,13,6,Total,Servicios,N/A,1594.8
5941,335,13,6,Total,Servicios,N/A,1508.05
5942,336,13,6,Total,Servicios,N/A,1599.97
5943,337,13,6,Total,Servicios,N/A,1468.54
5944,338,13,6,Total,Servicios,N/A,1603.01
5945,339,13,6,Total,Servicios,N/A,1493.32
5946,340,13,6,Total,Servicios,N/A,1569.69
5947,341,13,6,Total,Servicios,N/A,1492.24
5948,342,13,6,Total,Servicios,N/A,1607.32
5949,343,13,6,Total,Servicios,N/A,1511.9
5950,344,13,6,Total,Servicios,N/A,1647.66
5951,345,13,6,Total,Servicios,N/A,1514.12
5952,346,13,6,Total,Servicios,N/A,1597.56
5953,347,13,6,Total,Servicios,N/A,1502.25
5954,348,13,6,Total,Servicios,N/A,1607.44
5955,349,13,6,Total,Servicios,N/A,1512.83
5956,350,13,6,Total,Servicios,N/A,1588.06
5957,351,13,6,Total,Servicios,N/A,1505.58
5958,352,13,6,Total,Servicios,N/A,1633.87
5959,353,13,6,Total,Servicios,N/A,1531.44
5960,354,13,6,Total,Servicios,N/A,1597.81
5961,355,13,6,Total,Servicios,N/A,1514.78
5962,356,13,6,Total,Servicios,N/A,1629.5
5963,357,13,6,Total,Servicios,N/A,1496.06
5964,358,13,6,Total,Servicios,N/A,1538.94
5965,359,13,6,Total,Servicios,N/A,1482.73
5966,289,13,7,Total,"Industria, construcción y servicios (excepto actividades de los hogares como empleadores y de organizaciones y organismos extraterritoriales)",N/A,2055.4
5967,290,13,7,Total,"Industria, construcción y servicios (excepto actividades de los hogares como empleadores y de organizaciones y organismos extraterritoriales)",N/A,2098.52
5968,291,13,7,Total,"Industria, construcción y servicios (excepto actividades de los hogares como empleadores y de organizaciones y organismos extraterritoriales)",N/A,1968.1
5969,292,13,7,Total,"Industria, construcción y servicios (excepto actividades de los hogares como empleadores y de organizaciones y organismos extraterritoriales)",N/A,2263.07
5970,293,13,7,Total,"Industria, construcción y servicios (excepto actividades de los hogares como empleadores y de organizaciones y organismos extraterritoriales)",N/A,2030.46
5971,294,13,7,Total,"Industria, construcción y servicios (excepto actividades de los hogares como empleadores y de organizaciones y organismos extraterritoriales)",N/A,2123.84
5972,295,13,7,Total,"Industria, construcción y servicios (excepto actividades de los hogares como empleadores y de organizaciones y organismos extraterritoriales)",N/A,1957.26
5973,296,13,7,Total,"Industria, construcción y servicios (excepto actividades de los hogares como empleadores y de organizaciones y organismos extraterritoriales)",N/A,2234.94
5974,297,13,7,Total,"Industria, construcción y servicios (excepto actividades de los hogares como empleadores y de organizaciones y organismos extraterritoriales)",N/A,1947.52
5975,298,13,7,Total,"Industria, construcción y servicios (excepto actividades de los hogares como empleadores y de organizaciones y organismos extraterritoriales)",N/A,2069.57
5976,299,13,7,Total,"Industria, construcción y servicios (excepto actividades de los hogares como empleadores y de organizaciones y organismos extraterritoriales)",N/A,1886.09
5977,300,13,7,Total,"Industria, construcción y servicios (excepto actividades de los hogares como empleadores y de organizaciones y organismos extraterritoriales)",N/A,2150.61
5978,301,13,7,Total,"Industria, construcción y servicios (excepto actividades de los hogares como empleadores y de organizaciones y organismos extraterritoriales)",N/A,1884.25
5979,302,13,7,Total,"Industria, construcción y servicios (excepto actividades de los hogares como empleadores y de organizaciones y organismos extraterritoriales)",N/A,2015.47
5980,303,13,7,Total,"Industria, construcción y servicios (excepto actividades de los hogares como empleadores y de organizaciones y organismos extraterritoriales)",N/A,1798.68
5981,304,13,7,Total,"Industria, construcción y servicios (excepto actividades de los hogares como empleadores y de organizaciones y organismos extraterritoriales)",N/A,1980.17
5982,305,13,7,Total,"Industria, construcción y servicios (excepto actividades de los hogares como empleadores y de organizaciones y organismos extraterritoriales)",N/A,1777.89
5983,306,13,7,Total,"Industria, construcción y servicios (excepto actividades de los hogares como empleadores y de organizaciones y organismos extraterritoriales)",N/A,1920.69
5984,307,13,7,Total,"Industria, construcción y servicios (excepto actividades de los hogares como empleadores y de organizaciones y organismos extraterritoriales)",N/A,1755.13
5985,308,13,7,Total,"Industria, construcción y servicios (excepto actividades de los hogares como empleadores y de organizaciones y organismos extraterritoriales)",N/A,2057.19
5986,309,13,7,Total,"Industria, construcción y servicios (excepto actividades de los hogares como empleadores y de organizaciones y organismos extraterritoriales)",N/A,1775.0
5987,310,13,7,Total,"Industria, construcción y servicios (excepto actividades de los hogares como empleadores y de organizaciones y organismos extraterritoriales)",N/A,1728.17
5988,311,13,7,Total,"Industria, construcción y servicios (excepto actividades de los hogares como empleadores y de organizaciones y organismos extraterritoriales)",N/A,1745.44
5989,312,13,7,Total,"Industria, construcción y servicios (excepto actividades de los hogares como empleadores y de organizaciones y organismos extraterritoriales)",N/A,2014.84
5990,313,13,7,Total,"Industria, construcción y servicios (excepto actividades de los hogares como empleadores y de organizaciones y organismos extraterritoriales)",N/A,1811.09
5991,314,13,7,Total,"Industria, construcción y servicios (excepto actividades de los hogares como empleadores y de organizaciones y organismos extraterritoriales)",N/A,1956.11
5992,315,13,7,Total,"Industria, construcción y servicios (excepto actividades de los hogares como empleadores y de organizaciones y organismos extraterritoriales)",N/A,1745.16
5993,316,13,7,Total,"Industria, construcción y servicios (excepto actividades de los hogares como empleadores y de organizaciones y organismos extraterritoriales)",N/A,1966.02
5994,317,13,7,Total,"Industria, construcción y servicios (excepto actividades de los hogares como empleadores y de organizaciones y organismos extraterritoriales)",N/A,1787.71
5995,318,13,7,Total,"Industria, construcción y servicios (excepto actividades de los hogares como empleadores y de organizaciones y organismos extraterritoriales)",N/A,1873.52
5996,319,13,7,Total,"Industria, construcción y servicios (excepto actividades de los hogares como empleadores y de organizaciones y organismos extraterritoriales)",N/A,1720.44
5997,320,13,7,Total,"Industria, construcción y servicios (excepto actividades de los hogares como empleadores y de organizaciones y organismos extraterritoriales)",N/A,1931.94
5998,321,13,7,Total,"Industria, construcción y servicios (excepto actividades de los hogares como empleadores y de organizaciones y organismos extraterritoriales)",N/A,1761.23
5999,322,13,7,Total,"Industria, construcción y servicios (excepto actividades de los hogares como empleadores y de organizaciones y organismos extraterritoriales)",N/A,1801.89
6000,323,13,7,Total,"Industria, construcción y servicios (excepto actividades de los hogares como empleadores y de organizaciones y organismos extraterritoriales)",N/A,1725.14
6001,324,13,7,Total,"Industria, construcción y servicios (excepto actividades de los hogares como empleadores y de organizaciones y organismos extraterritoriales)",N/A,1932.51
6002,325,13,7,Total,"Industria, construcción y servicios (excepto actividades de los hogares como empleadores y de organizaciones y organismos extraterritoriales)",N/A,1751.13
6003,326,13,7,Total,"Industria, construcción y servicios (excepto actividades de los hogares como empleadores y de organizaciones y organismos extraterritoriales)",N/A,1832.27
6004,327,13,7,Total,"Industria, construcción y servicios (excepto actividades de los hogares como empleadores y de organizaciones y organismos extraterritoriales)",N/A,1714.78
6005,328,13,7,Total,"Industria, construcción y servicios (excepto actividades de los hogares como empleadores y de organizaciones y organismos extraterritoriales)",N/A,1906.15
6006,329,13,7,Total,"Industria, construcción y servicios (excepto actividades de los hogares como empleadores y de organizaciones y organismos extraterritoriales)",N/A,1698.36
6007,330,13,7,Total,"Industria, construcción y servicios (excepto actividades de los hogares como empleadores y de organizaciones y organismos extraterritoriales)",N/A,1719.53
6008,331,13,7,Total,"Industria, construcción y servicios (excepto actividades de los hogares como empleadores y de organizaciones y organismos extraterritoriales)",N/A,1620.73
6009,332,13,7,Total,"Industria, construcción y servicios (excepto actividades de los hogares como empleadores y de organizaciones y organismos extraterritoriales)",N/A,1870.39
6010,333,13,7,Total,"Industria, construcción y servicios (excepto actividades de los hogares como empleadores y de organizaciones y organismos extraterritoriales)",N/A,1690.87
6011,334,13,7,Total,"Industria, construcción y servicios (excepto actividades de los hogares como empleadores y de organizaciones y organismos extraterritoriales)",N/A,1743.96
6012,335,13,7,Total,"Industria, construcción y servicios (excepto actividades de los hogares como empleadores y de organizaciones y organismos extraterritoriales)",N/A,1624.7
6013,336,13,7,Total,"Industria, construcción y servicios (excepto actividades de los hogares como empleadores y de organizaciones y organismos extraterritoriales)",N/A,1823.91
6014,337,13,7,Total,"Industria, construcción y servicios (excepto actividades de los hogares como empleadores y de organizaciones y organismos extraterritoriales)",N/A,1638.88
6015,338,13,7,Total,"Industria, construcción y servicios (excepto actividades de los hogares como empleadores y de organizaciones y organismos extraterritoriales)",N/A,1675.32
6016,339,13,7,Total,"Industria, construcción y servicios (excepto actividades de los hogares como empleadores y de organizaciones y organismos extraterritoriales)",N/A,1586.87
6017,340,13,7,Total,"Industria, construcción y servicios (excepto actividades de los hogares como empleadores y de organizaciones y organismos extraterritoriales)",N/A,1774.14
6018,341,13,7,Total,"Industria, construcción y servicios (excepto actividades de los hogares como empleadores y de organizaciones y organismos extraterritoriales)",N/A,1666.17
6019,342,13,7,Total,"Industria, construcción y servicios (excepto actividades de los hogares como empleadores y de organizaciones y organismos extraterritoriales)",N/A,1701.9
6020,343,13,7,Total,"Industria, construcción y servicios (excepto actividades de los hogares como empleadores y de organizaciones y organismos extraterritoriales)",N/A,1610.36
6021,344,13,7,Total,"Industria, construcción y servicios (excepto actividades de los hogares como empleadores y de organizaciones y organismos extraterritoriales)",N/A,1897.72
6022,345,13,7,Total,"Industria, construcción y servicios (excepto actividades de los hogares como empleadores y de organizaciones y organismos extraterritoriales)",N/A,1671.38
6023,346,13,7,Total,"Industria, construcción y servicios (excepto actividades de los hogares como empleadores y de organizaciones y organismos extraterritoriales)",N/A,1735.76
6024,347,13,7,Total,"Industria, construcción y servicios (excepto actividades de los hogares como empleadores y de organizaciones y organismos extraterritoriales)",N/A,1653.53
6025,348,13,7,Total,"Industria, construcción y servicios (excepto actividades de los hogares como empleadores y de organizaciones y organismos extraterritoriales)",N/A,1873.93
6026,349,13,7,Total,"Industria, construcción y servicios (excepto actividades de los hogares como empleadores y de organizaciones y organismos extraterritoriales)",N/A,1655.95
6027,350,13,7,Total,"Industria, construcción y servicios (excepto actividades de los hogares como empleadores y de organizaciones y organismos extraterritoriales)",N/A,1741.14
6028,351,13,7,Total,"Industria, construcción y servicios (excepto actividades de los hogares como empleadores y de organizaciones y organismos extraterritoriales)",N/A,1623.3
6029,352,13,7,Total,"Industria, construcción y servicios (excepto actividades de los hogares como empleadores y de organizaciones y organismos extraterritoriales)",N/A,1866.64
6030,353,13,7,Total,"Industria, construcción y servicios (excepto actividades de los hogares como empleadores y de organizaciones y organismos extraterritoriales)",N/A,1655.39
6031,354,13,7,Total,"Industria, construcción y servicios (excepto actividades de los hogares como empleadores y de organizaciones y organismos extraterritoriales)",N/A,1716.61
6032,355,13,7,Total,"Industria, construcción y servicios (excepto actividades de los hogares como empleadores y de organizaciones y organismos extraterritoriales)",N/A,1604.29
6033,356,13,7,Total,"Industria, construcción y servicios (excepto actividades de los hogares como empleadores y de organizaciones y organismos extraterritoriales)",N/A,1812.28
6034,357,13,7,Total,"Industria, construcción y servicios (excepto actividades de los hogares como empleadores y de organizaciones y organismos extraterritoriales)",N/A,1635.27
6035,358,13,7,Total,"Industria, construcción y servicios (excepto actividades de los hogares como empleadores y de organizaciones y organismos extraterritoriales)",N/A,1667.93
6036,359,13,7,Total,"Industria, construcción y servicios (excepto actividades de los hogares como empleadores y de organizaciones y organismos extraterritoriales)",N/A,1582.51
6037,289,13,7,Total,Industria,N/A,2632.38
6038,290,13,7,Total,Industria,N/A,2688.62
6039,291,13,7,Total,Industria,N/A,2532.43
6040,292,13,7,Total,Industria,N/A,2754.73
6041,293,13,7,Total,Industria,N/A,2563.3
6042,294,13,7,Total,Industria,N/A,2522.87
6043,295,13,7,Total,Industria,N/A,2457.78
6044,296,13,7,Total,Industria,N/A,2751.14
6045,297,13,7,Total,Industria,N/A,2363.38
6046,298,13,7,Total,Industria,N/A,2383.44
6047,299,13,7,Total,Industria,N/A,2350.21
6048,300,13,7,Total,Industria,N/A,2579.7
6049,301,13,7,Total,Industria,N/A,2333.0
6050,302,13,7,Total,Industria,N/A,2310.65
6051,303,13,7,Total,Industria,N/A,2161.04
6052,304,13,7,Total,Industria,N/A,2320.12
6053,305,13,7,Total,Industria,N/A,2216.81
6054,306,13,7,Total,Industria,N/A,2187.93
6055,307,13,7,Total,Industria,N/A,2134.95
6056,308,13,7,Total,Industria,N/A,2399.48
6057,309,13,7,Total,Industria,N/A,2225.36
6058,310,13,7,Total,Industria,N/A,1954.63
6059,311,13,7,Total,Industria,N/A,2172.2
6060,312,13,7,Total,Industria,N/A,2322.46
6061,313,13,7,Total,Industria,N/A,2272.87
6062,314,13,7,Total,Industria,N/A,2235.16
6063,315,13,7,Total,Industria,N/A,2232.25
6064,316,13,7,Total,Industria,N/A,2283.53
6065,317,13,7,Total,Industria,N/A,2263.22
6066,318,13,7,Total,Industria,N/A,2233.04
6067,319,13,7,Total,Industria,N/A,2197.07
6068,320,13,7,Total,Industria,N/A,2407.66
6069,321,13,7,Total,Industria,N/A,2286.64
6070,322,13,7,Total,Industria,N/A,2167.09
6071,323,13,7,Total,Industria,N/A,2243.51
6072,324,13,7,Total,Industria,N/A,2382.17
6073,325,13,7,Total,Industria,N/A,2284.1
6074,326,13,7,Total,Industria,N/A,2126.37
6075,327,13,7,Total,Industria,N/A,2137.67
6076,328,13,7,Total,Industria,N/A,2399.84
6077,329,13,7,Total,Industria,N/A,2239.96
6078,330,13,7,Total,Industria,N/A,2130.32
6079,331,13,7,Total,Industria,N/A,2168.1
6080,332,13,7,Total,Industria,N/A,2348.25
6081,333,13,7,Total,Industria,N/A,2213.19
6082,334,13,7,Total,Industria,N/A,2121.29
6083,335,13,7,Total,Industria,N/A,2125.54
6084,336,13,7,Total,Industria,N/A,2342.69
6085,337,13,7,Total,Industria,N/A,2048.66
6086,338,13,7,Total,Industria,N/A,2008.96
6087,339,13,7,Total,Industria,N/A,1995.08
6088,340,13,7,Total,Industria,N/A,2357.55
6089,341,13,7,Total,Industria,N/A,2058.55
6090,342,13,7,Total,Industria,N/A,1966.05
6091,343,13,7,Total,Industria,N/A,2001.7
6092,344,13,7,Total,Industria,N/A,2256.37
6093,345,13,7,Total,Industria,N/A,2075.97
6094,346,13,7,Total,Industria,N/A,1918.15
6095,347,13,7,Total,Industria,N/A,2009.81
6096,348,13,7,Total,Industria,N/A,2201.0
6097,349,13,7,Total,Industria,N/A,2039.98
6098,350,13,7,Total,Industria,N/A,1893.08
6099,351,13,7,Total,Industria,N/A,1909.95
6100,352,13,7,Total,Industria,N/A,2167.19
6101,353,13,7,Total,Industria,N/A,1987.27
6102,354,13,7,Total,Industria,N/A,1854.47
6103,355,13,7,Total,Industria,N/A,1912.11
6104,356,13,7,Total,Industria,N/A,2167.05
6105,357,13,7,Total,Industria,N/A,1978.8
6106,358,13,7,Total,Industria,N/A,1850.5
6107,359,13,7,Total,Industria,N/A,1915.54
6108,289,13,7,Total,Construcción,N/A,2019.67
6109,290,13,7,Total,Construcción,N/A,2007.38
6110,291,13,7,Total,Construcción,N/A,1937.21
6111,292,13,7,Total,Construcción,N/A,2360.03
6112,293,13,7,Total,Construcción,N/A,2021.16
6113,294,13,7,Total,Construcción,N/A,2096.22
6114,295,13,7,Total,Construcción,N/A,1895.62
6115,296,13,7,Total,Construcción,N/A,2195.26
6116,297,13,7,Total,Construcción,N/A,1929.88
6117,298,13,7,Total,Construcción,N/A,2022.96
6118,299,13,7,Total,Construcción,N/A,1852.86
6119,300,13,7,Total,Construcción,N/A,2250.21
6120,301,13,7,Total,Construcción,N/A,1973.79
6121,302,13,7,Total,Construcción,N/A,1994.71
6122,303,13,7,Total,Construcción,N/A,1774.14
6123,304,13,7,Total,Construcción,N/A,2060.46
6124,305,13,7,Total,Construcción,N/A,1798.57
6125,306,13,7,Total,Construcción,N/A,1857.14
6126,307,13,7,Total,Construcción,N/A,1702.23
6127,308,13,7,Total,Construcción,N/A,2051.66
6128,309,13,7,Total,Construcción,N/A,1768.47
6129,310,13,7,Total,Construcción,N/A,1663.37
6130,311,13,7,Total,Construcción,N/A,1675.8
6131,312,13,7,Total,Construcción,N/A,2145.65
6132,313,13,7,Total,Construcción,N/A,1818.89
6133,314,13,7,Total,Construcción,N/A,1921.15
6134,315,13,7,Total,Construcción,N/A,1698.45
6135,316,13,7,Total,Construcción,N/A,1908.02
6136,317,13,7,Total,Construcción,N/A,1712.46
6137,318,13,7,Total,Construcción,N/A,1798.9
6138,319,13,7,Total,Construcción,N/A,1656.21
6139,320,13,7,Total,Construcción,N/A,1763.08
6140,321,13,7,Total,Construcción,N/A,1706.55
6141,322,13,7,Total,Construcción,N/A,1652.26
6142,323,13,7,Total,Construcción,N/A,1601.14
6143,324,13,7,Total,Construcción,N/A,1865.1
6144,325,13,7,Total,Construcción,N/A,1636.3
6145,326,13,7,Total,Construcción,N/A,1736.06
6146,327,13,7,Total,Construcción,N/A,1575.88
6147,328,13,7,Total,Construcción,N/A,1891.98
6148,329,13,7,Total,Construcción,N/A,1755.64
6149,330,13,7,Total,Construcción,N/A,1781.88
6150,331,13,7,Total,Construcción,N/A,1654.73
6151,332,13,7,Total,Construcción,N/A,1893.11
6152,333,13,7,Total,Construcción,N/A,1775.59
6153,334,13,7,Total,Construcción,N/A,1756.15
6154,335,13,7,Total,Construcción,N/A,1599.02
6155,336,13,7,Total,Construcción,N/A,1940.97
6156,337,13,7,Total,Construcción,N/A,1729.72
6157,338,13,7,Total,Construcción,N/A,1767.62
6158,339,13,7,Total,Construcción,N/A,1598.98
6159,340,13,7,Total,Construcción,N/A,1921.32
6160,341,13,7,Total,Construcción,N/A,1694.81
6161,342,13,7,Total,Construcción,N/A,1700.94
6162,343,13,7,Total,Construcción,N/A,1535.43
6163,344,13,7,Total,Construcción,N/A,1915.74
6164,345,13,7,Total,Construcción,N/A,1680.26
6165,346,13,7,Total,Construcción,N/A,1894.73
6166,347,13,7,Total,Construcción,N/A,1613.24
6167,348,13,7,Total,Construcción,N/A,1902.8
6168,349,13,7,Total,Construcción,N/A,1710.93
6169,350,13,7,Total,Construcción,N/A,1764.21
6170,351,13,7,Total,Construcción,N/A,1637.64
6171,352,13,7,Total,Construcción,N/A,1934.45
6172,353,13,7,Total,Construcción,N/A,1667.82
6173,354,13,7,Total,Construcción,N/A,1707.2
6174,355,13,7,Total,Construcción,N/A,1533.57
6175,356,13,7,Total,Construcción,N/A,1822.62
6176,357,13,7,Total,Construcción,N/A,1621.13
6177,358,13,7,Total,Construcción,N/A,1659.75
6178,359,13,7,Total,Construcción,N/A,1529.18
6179,289,13,7,Total,Servicios,N/A,1938.24
6180,290,13,7,Total,Servicios,N/A,1978.86
6181,291,13,7,Total,Servicios,N/A,1845.64
6182,292,13,7,Total,Servicios,N/A,2150.85
6183,293,13,7,Total,Servicios,N/A,1921.44
6184,294,13,7,Total,Servicios,N/A,2040.17
6185,295,13,7,Total,Servicios,N/A,1846.42
6186,296,13,7,Total,Servicios,N/A,2119.18
6187,297,13,7,Total,Servicios,N/A,1858.38
6188,298,13,7,Total,Servicios,N/A,2000.62
6189,299,13,7,Total,Servicios,N/A,1782.37
6190,300,13,7,Total,Servicios,N/A,2045.88
6191,301,13,7,Total,Servicios,N/A,1781.12
6192,302,13,7,Total,Servicios,N/A,1950.41
6193,303,13,7,Total,Servicios,N/A,1718.03
6194,304,13,7,Total,Servicios,N/A,1899.08
6195,305,13,7,Total,Servicios,N/A,1681.18
6196,306,13,7,Total,Servicios,N/A,1864.52
6197,307,13,7,Total,Servicios,N/A,1673.48
6198,308,13,7,Total,Servicios,N/A,1978.56
6199,309,13,7,Total,Servicios,N/A,1674.9
6200,310,13,7,Total,Servicios,N/A,1679.29
6201,311,13,7,Total,Servicios,N/A,1651.59
6202,312,13,7,Total,Servicios,N/A,1931.51
6203,313,13,7,Total,Servicios,N/A,1702.62
6204,314,13,7,Total,Servicios,N/A,1893.63
6205,315,13,7,Total,Servicios,N/A,1632.31
6206,316,13,7,Total,Servicios,N/A,1896.62
6207,317,13,7,Total,Servicios,N/A,1683.0
6208,318,13,7,Total,Servicios,N/A,1795.1
6209,319,13,7,Total,Servicios,N/A,1608.75
6210,320,13,7,Total,Servicios,N/A,1830.03
6211,321,13,7,Total,Servicios,N/A,1641.9
6212,322,13,7,Total,Servicios,N/A,1726.51
6213,323,13,7,Total,Servicios,N/A,1608.68
6214,324,13,7,Total,Servicios,N/A,1830.12
6215,325,13,7,Total,Servicios,N/A,1635.58
6216,326,13,7,Total,Servicios,N/A,1768.64
6217,327,13,7,Total,Servicios,N/A,1619.55
6218,328,13,7,Total,Servicios,N/A,1784.02
6219,329,13,7,Total,Servicios,N/A,1562.72
6220,330,13,7,Total,Servicios,N/A,1614.87
6221,331,13,7,Total,Servicios,N/A,1489.17
6222,332,13,7,Total,Servicios,N/A,1742.87
6223,333,13,7,Total,Servicios,N/A,1549.85
6224,334,13,7,Total,Servicios,N/A,1644.44
6225,335,13,7,Total,Servicios,N/A,1495.28
6226,336,13,7,Total,Servicios,N/A,1674.96
6227,337,13,7,Total,Servicios,N/A,1520.06
6228,338,13,7,Total,Servicios,N/A,1575.7
6229,339,13,7,Total,Servicios,N/A,1474.33
6230,340,13,7,Total,Servicios,N/A,1600.85
6231,341,13,7,Total,Servicios,N/A,1553.2
6232,342,13,7,Total,Servicios,N/A,1627.79
6233,343,13,7,Total,Servicios,N/A,1508.17
6234,344,13,7,Total,Servicios,N/A,1791.34
6235,345,13,7,Total,Servicios,N/A,1553.66
6236,346,13,7,Total,Servicios,N/A,1663.03
6237,347,13,7,Total,Servicios,N/A,1558.82
6238,348,13,7,Total,Servicios,N/A,1778.41
6239,349,13,7,Total,Servicios,N/A,1542.11
6240,350,13,7,Total,Servicios,N/A,1696.33
6241,351,13,7,Total,Servicios,N/A,1540.88
6242,352,13,7,Total,Servicios,N/A,1769.34
6243,353,13,7,Total,Servicios,N/A,1558.5
6244,354,13,7,Total,Servicios,N/A,1678.21
6245,355,13,7,Total,Servicios,N/A,1525.59
6246,356,13,7,Total,Servicios,N/A,1701.08
6247,357,13,7,Total,Servicios,N/A,1538.62
6248,358,13,7,Total,Servicios,N/A,1613.52
6249,359,13,7,Total,Servicios,N/A,1493.04
6250,289,13,8,Total,"Industria, construcción y servicios (excepto actividades de los hogares como empleadores y de organizaciones y organismos extraterritoriales)",N/A,2050.23
6251,290,13,8,Total,"Industria, construcción y servicios (excepto actividades de los hogares como empleadores y de organizaciones y organismos extraterritoriales)",N/A,2158.5
6252,291,13,8,Total,"Industria, construcción y servicios (excepto actividades de los hogares como empleadores y de organizaciones y organismos extraterritoriales)",N/A,1979.7
6253,292,13,8,Total,"Industria, construcción y servicios (excepto actividades de los hogares como empleadores y de organizaciones y organismos extraterritoriales)",N/A,2235.91
6254,293,13,8,Total,"Industria, construcción y servicios (excepto actividades de los hogares como empleadores y de organizaciones y organismos extraterritoriales)",N/A,1960.28
6255,294,13,8,Total,"Industria, construcción y servicios (excepto actividades de los hogares como empleadores y de organizaciones y organismos extraterritoriales)",N/A,2099.36
6256,295,13,8,Total,"Industria, construcción y servicios (excepto actividades de los hogares como empleadores y de organizaciones y organismos extraterritoriales)",N/A,1890.8
6257,296,13,8,Total,"Industria, construcción y servicios (excepto actividades de los hogares como empleadores y de organizaciones y organismos extraterritoriales)",N/A,2173.37
6258,297,13,8,Total,"Industria, construcción y servicios (excepto actividades de los hogares como empleadores y de organizaciones y organismos extraterritoriales)",N/A,1886.02
6259,298,13,8,Total,"Industria, construcción y servicios (excepto actividades de los hogares como empleadores y de organizaciones y organismos extraterritoriales)",N/A,2044.65
6260,299,13,8,Total,"Industria, construcción y servicios (excepto actividades de los hogares como empleadores y de organizaciones y organismos extraterritoriales)",N/A,1853.23
6261,300,13,8,Total,"Industria, construcción y servicios (excepto actividades de los hogares como empleadores y de organizaciones y organismos extraterritoriales)",N/A,2115.35
6262,301,13,8,Total,"Industria, construcción y servicios (excepto actividades de los hogares como empleadores y de organizaciones y organismos extraterritoriales)",N/A,1799.57
6263,302,13,8,Total,"Industria, construcción y servicios (excepto actividades de los hogares como empleadores y de organizaciones y organismos extraterritoriales)",N/A,1933.43
6264,303,13,8,Total,"Industria, construcción y servicios (excepto actividades de los hogares como empleadores y de organizaciones y organismos extraterritoriales)",N/A,1745.62
6265,304,13,8,Total,"Industria, construcción y servicios (excepto actividades de los hogares como empleadores y de organizaciones y organismos extraterritoriales)",N/A,1991.16
6266,305,13,8,Total,"Industria, construcción y servicios (excepto actividades de los hogares como empleadores y de organizaciones y organismos extraterritoriales)",N/A,1765.1
6267,306,13,8,Total,"Industria, construcción y servicios (excepto actividades de los hogares como empleadores y de organizaciones y organismos extraterritoriales)",N/A,1872.38
6268,307,13,8,Total,"Industria, construcción y servicios (excepto actividades de los hogares como empleadores y de organizaciones y organismos extraterritoriales)",N/A,1691.34
6269,308,13,8,Total,"Industria, construcción y servicios (excepto actividades de los hogares como empleadores y de organizaciones y organismos extraterritoriales)",N/A,1931.71
6270,309,13,8,Total,"Industria, construcción y servicios (excepto actividades de los hogares como empleadores y de organizaciones y organismos extraterritoriales)",N/A,1708.34
6271,310,13,8,Total,"Industria, construcción y servicios (excepto actividades de los hogares como empleadores y de organizaciones y organismos extraterritoriales)",N/A,1652.62
6272,311,13,8,Total,"Industria, construcción y servicios (excepto actividades de los hogares como empleadores y de organizaciones y organismos extraterritoriales)",N/A,1667.63
6273,312,13,8,Total,"Industria, construcción y servicios (excepto actividades de los hogares como empleadores y de organizaciones y organismos extraterritoriales)",N/A,1851.6
6274,313,13,8,Total,"Industria, construcción y servicios (excepto actividades de los hogares como empleadores y de organizaciones y organismos extraterritoriales)",N/A,1687.92
6275,314,13,8,Total,"Industria, construcción y servicios (excepto actividades de los hogares como empleadores y de organizaciones y organismos extraterritoriales)",N/A,1797.69
6276,315,13,8,Total,"Industria, construcción y servicios (excepto actividades de los hogares como empleadores y de organizaciones y organismos extraterritoriales)",N/A,1664.8
6277,316,13,8,Total,"Industria, construcción y servicios (excepto actividades de los hogares como empleadores y de organizaciones y organismos extraterritoriales)",N/A,1831.98
6278,317,13,8,Total,"Industria, construcción y servicios (excepto actividades de los hogares como empleadores y de organizaciones y organismos extraterritoriales)",N/A,1669.03
6279,318,13,8,Total,"Industria, construcción y servicios (excepto actividades de los hogares como empleadores y de organizaciones y organismos extraterritoriales)",N/A,1757.24
6280,319,13,8,Total,"Industria, construcción y servicios (excepto actividades de los hogares como empleadores y de organizaciones y organismos extraterritoriales)",N/A,1613.11
6281,320,13,8,Total,"Industria, construcción y servicios (excepto actividades de los hogares como empleadores y de organizaciones y organismos extraterritoriales)",N/A,1817.24
6282,321,13,8,Total,"Industria, construcción y servicios (excepto actividades de los hogares como empleadores y de organizaciones y organismos extraterritoriales)",N/A,1647.49
6283,322,13,8,Total,"Industria, construcción y servicios (excepto actividades de los hogares como empleadores y de organizaciones y organismos extraterritoriales)",N/A,1731.18
6284,323,13,8,Total,"Industria, construcción y servicios (excepto actividades de los hogares como empleadores y de organizaciones y organismos extraterritoriales)",N/A,1592.92
6285,324,13,8,Total,"Industria, construcción y servicios (excepto actividades de los hogares como empleadores y de organizaciones y organismos extraterritoriales)",N/A,1822.22
6286,325,13,8,Total,"Industria, construcción y servicios (excepto actividades de los hogares como empleadores y de organizaciones y organismos extraterritoriales)",N/A,1641.3
6287,326,13,8,Total,"Industria, construcción y servicios (excepto actividades de los hogares como empleadores y de organizaciones y organismos extraterritoriales)",N/A,1789.49
6288,327,13,8,Total,"Industria, construcción y servicios (excepto actividades de los hogares como empleadores y de organizaciones y organismos extraterritoriales)",N/A,1619.23
6289,328,13,8,Total,"Industria, construcción y servicios (excepto actividades de los hogares como empleadores y de organizaciones y organismos extraterritoriales)",N/A,1870.5
6290,329,13,8,Total,"Industria, construcción y servicios (excepto actividades de los hogares como empleadores y de organizaciones y organismos extraterritoriales)",N/A,1641.47
6291,330,13,8,Total,"Industria, construcción y servicios (excepto actividades de los hogares como empleadores y de organizaciones y organismos extraterritoriales)",N/A,1732.56
6292,331,13,8,Total,"Industria, construcción y servicios (excepto actividades de los hogares como empleadores y de organizaciones y organismos extraterritoriales)",N/A,1622.11
6293,332,13,8,Total,"Industria, construcción y servicios (excepto actividades de los hogares como empleadores y de organizaciones y organismos extraterritoriales)",N/A,1791.62
6294,333,13,8,Total,"Industria, construcción y servicios (excepto actividades de los hogares como empleadores y de organizaciones y organismos extraterritoriales)",N/A,1604.96
6295,334,13,8,Total,"Industria, construcción y servicios (excepto actividades de los hogares como empleadores y de organizaciones y organismos extraterritoriales)",N/A,1686.48
6296,335,13,8,Total,"Industria, construcción y servicios (excepto actividades de los hogares como empleadores y de organizaciones y organismos extraterritoriales)",N/A,1591.87
6297,336,13,8,Total,"Industria, construcción y servicios (excepto actividades de los hogares como empleadores y de organizaciones y organismos extraterritoriales)",N/A,1813.68
6298,337,13,8,Total,"Industria, construcción y servicios (excepto actividades de los hogares como empleadores y de organizaciones y organismos extraterritoriales)",N/A,1608.91
6299,338,13,8,Total,"Industria, construcción y servicios (excepto actividades de los hogares como empleadores y de organizaciones y organismos extraterritoriales)",N/A,1709.26
6300,339,13,8,Total,"Industria, construcción y servicios (excepto actividades de los hogares como empleadores y de organizaciones y organismos extraterritoriales)",N/A,1569.64
6301,340,13,8,Total,"Industria, construcción y servicios (excepto actividades de los hogares como empleadores y de organizaciones y organismos extraterritoriales)",N/A,1770.54
6302,341,13,8,Total,"Industria, construcción y servicios (excepto actividades de los hogares como empleadores y de organizaciones y organismos extraterritoriales)",N/A,1655.6
6303,342,13,8,Total,"Industria, construcción y servicios (excepto actividades de los hogares como empleadores y de organizaciones y organismos extraterritoriales)",N/A,1764.4
6304,343,13,8,Total,"Industria, construcción y servicios (excepto actividades de los hogares como empleadores y de organizaciones y organismos extraterritoriales)",N/A,1638.39
6305,344,13,8,Total,"Industria, construcción y servicios (excepto actividades de los hogares como empleadores y de organizaciones y organismos extraterritoriales)",N/A,1872.55
6306,345,13,8,Total,"Industria, construcción y servicios (excepto actividades de los hogares como empleadores y de organizaciones y organismos extraterritoriales)",N/A,1679.43
6307,346,13,8,Total,"Industria, construcción y servicios (excepto actividades de los hogares como empleadores y de organizaciones y organismos extraterritoriales)",N/A,1756.05
6308,347,13,8,Total,"Industria, construcción y servicios (excepto actividades de los hogares como empleadores y de organizaciones y organismos extraterritoriales)",N/A,1650.24
6309,348,13,8,Total,"Industria, construcción y servicios (excepto actividades de los hogares como empleadores y de organizaciones y organismos extraterritoriales)",N/A,1828.0
6310,349,13,8,Total,"Industria, construcción y servicios (excepto actividades de los hogares como empleadores y de organizaciones y organismos extraterritoriales)",N/A,1662.63
6311,350,13,8,Total,"Industria, construcción y servicios (excepto actividades de los hogares como empleadores y de organizaciones y organismos extraterritoriales)",N/A,1758.31
6312,351,13,8,Total,"Industria, construcción y servicios (excepto actividades de los hogares como empleadores y de organizaciones y organismos extraterritoriales)",N/A,1640.25
6313,352,13,8,Total,"Industria, construcción y servicios (excepto actividades de los hogares como empleadores y de organizaciones y organismos extraterritoriales)",N/A,1879.42
6314,353,13,8,Total,"Industria, construcción y servicios (excepto actividades de los hogares como empleadores y de organizaciones y organismos extraterritoriales)",N/A,1658.54
6315,354,13,8,Total,"Industria, construcción y servicios (excepto actividades de los hogares como empleadores y de organizaciones y organismos extraterritoriales)",N/A,1727.03
6316,355,13,8,Total,"Industria, construcción y servicios (excepto actividades de los hogares como empleadores y de organizaciones y organismos extraterritoriales)",N/A,1596.32
6317,356,13,8,Total,"Industria, construcción y servicios (excepto actividades de los hogares como empleadores y de organizaciones y organismos extraterritoriales)",N/A,1799.07
6318,357,13,8,Total,"Industria, construcción y servicios (excepto actividades de los hogares como empleadores y de organizaciones y organismos extraterritoriales)",N/A,1601.48
6319,358,13,8,Total,"Industria, construcción y servicios (excepto actividades de los hogares como empleadores y de organizaciones y organismos extraterritoriales)",N/A,1664.46
6320,359,13,8,Total,"Industria, construcción y servicios (excepto actividades de los hogares como empleadores y de organizaciones y organismos extraterritoriales)",N/A,1545.56
6321,289,13,8,Total,Industria,N/A,2485.79
6322,290,13,8,Total,Industria,N/A,2573.44
6323,291,13,8,Total,Industria,N/A,2392.7
6324,292,13,8,Total,Industria,N/A,2789.21
6325,293,13,8,Total,Industria,N/A,2395.92
6326,294,13,8,Total,Industria,N/A,2454.59
6327,295,13,8,Total,Industria,N/A,2318.92
6328,296,13,8,Total,Industria,N/A,2608.39
6329,297,13,8,Total,Industria,N/A,2315.4
6330,298,13,8,Total,Industria,N/A,2343.24
6331,299,13,8,Total,Industria,N/A,2244.21
6332,300,13,8,Total,Industria,N/A,2408.04
6333,301,13,8,Total,Industria,N/A,2250.23
6334,302,13,8,Total,Industria,N/A,2260.63
6335,303,13,8,Total,Industria,N/A,2130.63
6336,304,13,8,Total,Industria,N/A,2235.85
6337,305,13,8,Total,Industria,N/A,2109.01
6338,306,13,8,Total,Industria,N/A,2134.35
6339,307,13,8,Total,Industria,N/A,2056.51
6340,308,13,8,Total,Industria,N/A,2240.21
6341,309,13,8,Total,Industria,N/A,2113.76
6342,310,13,8,Total,Industria,N/A,1920.45
6343,311,13,8,Total,Industria,N/A,2011.6
6344,312,13,8,Total,Industria,N/A,2227.04
6345,313,13,8,Total,Industria,N/A,2088.93
6346,314,13,8,Total,Industria,N/A,2164.33
6347,315,13,8,Total,Industria,N/A,2000.31
6348,316,13,8,Total,Industria,N/A,2185.24
6349,317,13,8,Total,Industria,N/A,2037.64
6350,318,13,8,Total,Industria,N/A,2080.22
6351,319,13,8,Total,Industria,N/A,1958.6
6352,320,13,8,Total,Industria,N/A,2229.4
6353,321,13,8,Total,Industria,N/A,2045.75
6354,322,13,8,Total,Industria,N/A,2070.05
6355,323,13,8,Total,Industria,N/A,1940.52
6356,324,13,8,Total,Industria,N/A,2237.65
6357,325,13,8,Total,Industria,N/A,2007.92
6358,326,13,8,Total,Industria,N/A,2098.28
6359,327,13,8,Total,Industria,N/A,1952.6
6360,328,13,8,Total,Industria,N/A,2228.24
6361,329,13,8,Total,Industria,N/A,2005.31
6362,330,13,8,Total,Industria,N/A,2044.14
6363,331,13,8,Total,Industria,N/A,1926.23
6364,332,13,8,Total,Industria,N/A,2228.49
6365,333,13,8,Total,Industria,N/A,2019.99
6366,334,13,8,Total,Industria,N/A,2009.28
6367,335,13,8,Total,Industria,N/A,1940.65
6368,336,13,8,Total,Industria,N/A,2211.21
6369,337,13,8,Total,Industria,N/A,1975.39
6370,338,13,8,Total,Industria,N/A,1926.6
6371,339,13,8,Total,Industria,N/A,1838.7
6372,340,13,8,Total,Industria,N/A,2133.2
6373,341,13,8,Total,Industria,N/A,1928.34
6374,342,13,8,Total,Industria,N/A,2021.73
6375,343,13,8,Total,Industria,N/A,1926.66
6376,344,13,8,Total,Industria,N/A,2178.9
6377,345,13,8,Total,Industria,N/A,1964.99
6378,346,13,8,Total,Industria,N/A,2006.93
6379,347,13,8,Total,Industria,N/A,1889.93
6380,348,13,8,Total,Industria,N/A,2074.71
6381,349,13,8,Total,Industria,N/A,1918.71
6382,350,13,8,Total,Industria,N/A,1975.66
6383,351,13,8,Total,Industria,N/A,1863.55
6384,352,13,8,Total,Industria,N/A,2033.22
6385,353,13,8,Total,Industria,N/A,1887.61
6386,354,13,8,Total,Industria,N/A,1858.36
6387,355,13,8,Total,Industria,N/A,1750.57
6388,356,13,8,Total,Industria,N/A,2005.76
6389,357,13,8,Total,Industria,N/A,1844.18
6390,358,13,8,Total,Industria,N/A,1845.17
6391,359,13,8,Total,Industria,N/A,1753.57
6392,289,13,8,Total,Construcción,N/A,2029.04
6393,290,13,8,Total,Construcción,N/A,2216.77
6394,291,13,8,Total,Construcción,N/A,1910.91
6395,292,13,8,Total,Construcción,N/A,2186.42
6396,293,13,8,Total,Construcción,N/A,1909.62
6397,294,13,8,Total,Construcción,N/A,2163.69
6398,295,13,8,Total,Construcción,N/A,1773.2
6399,296,13,8,Total,Construcción,N/A,2053.51
6400,297,13,8,Total,Construcción,N/A,1829.13
6401,298,13,8,Total,Construcción,N/A,2029.05
6402,299,13,8,Total,Construcción,N/A,1718.97
6403,300,13,8,Total,Construcción,N/A,2100.0
6404,301,13,8,Total,Construcción,N/A,1803.27
6405,302,13,8,Total,Construcción,N/A,1961.84
6406,303,13,8,Total,Construcción,N/A,1706.9
6407,304,13,8,Total,Construcción,N/A,2019.02
6408,305,13,8,Total,Construcción,N/A,1686.17
6409,306,13,8,Total,Construcción,N/A,1952.58
6410,307,13,8,Total,Construcción,N/A,1679.09
6411,308,13,8,Total,Construcción,N/A,2055.64
6412,309,13,8,Total,Construcción,N/A,1677.2
6413,310,13,8,Total,Construcción,N/A,1839.26
6414,311,13,8,Total,Construcción,N/A,1657.04
6415,312,13,8,Total,Construcción,N/A,2027.7
6416,313,13,8,Total,Construcción,N/A,1651.25
6417,314,13,8,Total,Construcción,N/A,1930.21
6418,315,13,8,Total,Construcción,N/A,1627.07
6419,316,13,8,Total,Construcción,N/A,2016.4
6420,317,13,8,Total,Construcción,N/A,1661.82
6421,318,13,8,Total,Construcción,N/A,1843.76
6422,319,13,8,Total,Construcción,N/A,1590.8
6423,320,13,8,Total,Construcción,N/A,1868.01
6424,321,13,8,Total,Construcción,N/A,1629.8
6425,322,13,8,Total,Construcción,N/A,1704.29
6426,323,13,8,Total,Construcción,N/A,1444.78
6427,324,13,8,Total,Construcción,N/A,1797.46
6428,325,13,8,Total,Construcción,N/A,1536.95
6429,326,13,8,Total,Construcción,N/A,1767.62
6430,327,13,8,Total,Construcción,N/A,1599.64
6431,328,13,8,Total,Construcción,N/A,1914.91
6432,329,13,8,Total,Construcción,N/A,1591.05
6433,330,13,8,Total,Construcción,N/A,1831.73
6434,331,13,8,Total,Construcción,N/A,1617.55
6435,332,13,8,Total,Construcción,N/A,1890.17
6436,333,13,8,Total,Construcción,N/A,1542.49
6437,334,13,8,Total,Construcción,N/A,1712.4
6438,335,13,8,Total,Construcción,N/A,1435.06
6439,336,13,8,Total,Construcción,N/A,1828.84
6440,337,13,8,Total,Construcción,N/A,1558.2
6441,338,13,8,Total,Construcción,N/A,1733.05
6442,339,13,8,Total,Construcción,N/A,1541.32
6443,340,13,8,Total,Construcción,N/A,1783.82
6444,341,13,8,Total,Construcción,N/A,1553.07
6445,342,13,8,Total,Construcción,N/A,1832.22
6446,343,13,8,Total,Construcción,N/A,1550.84
6447,344,13,8,Total,Construcción,N/A,1886.51
6448,345,13,8,Total,Construcción,N/A,1547.4
6449,346,13,8,Total,Construcción,N/A,1691.7
6450,347,13,8,Total,Construcción,N/A,1490.1
6451,348,13,8,Total,Construcción,N/A,1681.19
6452,349,13,8,Total,Construcción,N/A,1557.19
6453,350,13,8,Total,Construcción,N/A,1636.51
6454,351,13,8,Total,Construcción,N/A,1501.09
6455,352,13,8,Total,Construcción,N/A,1849.2
6456,353,13,8,Total,Construcción,N/A,1578.58
6457,354,13,8,Total,Construcción,N/A,1719.58
6458,355,13,8,Total,Construcción,N/A,1502.94
6459,356,13,8,Total,Construcción,N/A,1742.2
6460,357,13,8,Total,Construcción,N/A,1448.57
6461,358,13,8,Total,Construcción,N/A,1561.71
6462,359,13,8,Total,Construcción,N/A,1400.47
6463,289,13,8,Total,Servicios,N/A,1940.55
6464,290,13,8,Total,Servicios,N/A,2048.01
6465,291,13,8,Total,Servicios,N/A,1880.22
6466,292,13,8,Total,Servicios,N/A,2100.53
6467,293,13,8,Total,Servicios,N/A,1855.91
6468,294,13,8,Total,Servicios,N/A,2006.82
6469,295,13,8,Total,Servicios,N/A,1794.98
6470,296,13,8,Total,Servicios,N/A,2074.61
6471,297,13,8,Total,Servicios,N/A,1783.44
6472,298,13,8,Total,Servicios,N/A,1971.79
6473,299,13,8,Total,Servicios,N/A,1767.15
6474,300,13,8,Total,Servicios,N/A,2043.71
6475,301,13,8,Total,Servicios,N/A,1687.43
6476,302,13,8,Total,Servicios,N/A,1849.74
6477,303,13,8,Total,Servicios,N/A,1651.08
6478,304,13,8,Total,Servicios,N/A,1926.54
6479,305,13,8,Total,Servicios,N/A,1682.08
6480,306,13,8,Total,Servicios,N/A,1799.88
6481,307,13,8,Total,Servicios,N/A,1598.83
6482,308,13,8,Total,Servicios,N/A,1843.77
6483,309,13,8,Total,Servicios,N/A,1609.41
6484,310,13,8,Total,Servicios,N/A,1570.57
6485,311,13,8,Total,Servicios,N/A,1582.89
6486,312,13,8,Total,Servicios,N/A,1742.96
6487,313,13,8,Total,Servicios,N/A,1589.92
6488,314,13,8,Total,Servicios,N/A,1695.68
6489,315,13,8,Total,Servicios,N/A,1582.0
6490,316,13,8,Total,Servicios,N/A,1727.63
6491,317,13,8,Total,Servicios,N/A,1575.24
6492,318,13,8,Total,Servicios,N/A,1666.57
6493,319,13,8,Total,Servicios,N/A,1524.9
6494,320,13,8,Total,Servicios,N/A,1708.92
6495,321,13,8,Total,Servicios,N/A,1545.99
6496,322,13,8,Total,Servicios,N/A,1645.97
6497,323,13,8,Total,Servicios,N/A,1514.43
6498,324,13,8,Total,Servicios,N/A,1718.3
6499,325,13,8,Total,Servicios,N/A,1554.9
6500,326,13,8,Total,Servicios,N/A,1710.92
6501,327,13,8,Total,Servicios,N/A,1533.16
6502,328,13,8,Total,Servicios,N/A,1771.95
6503,329,13,8,Total,Servicios,N/A,1550.23
6504,330,13,8,Total,Servicios,N/A,1646.04
6505,331,13,8,Total,Servicios,N/A,1542.94
6506,332,13,8,Total,Servicios,N/A,1674.87
6507,333,13,8,Total,Servicios,N/A,1506.43
6508,334,13,8,Total,Servicios,N/A,1603.96
6509,335,13,8,Total,Servicios,N/A,1517.03
6510,336,13,8,Total,Servicios,N/A,1712.24
6511,337,13,8,Total,Servicios,N/A,1517.72
6512,338,13,8,Total,Servicios,N/A,1650.25
6513,339,13,8,Total,Servicios,N/A,1501.85
6514,340,13,8,Total,Servicios,N/A,1669.89
6515,341,13,8,Total,Servicios,N/A,1592.37
6516,342,13,8,Total,Servicios,N/A,1689.56
6517,343,13,8,Total,Servicios,N/A,1571.81
6518,344,13,8,Total,Servicios,N/A,1789.55
6519,345,13,8,Total,Servicios,N/A,1618.04
6520,346,13,8,Total,Servicios,N/A,1696.86
6521,347,13,8,Total,Servicios,N/A,1605.38
6522,348,13,8,Total,Servicios,N/A,1781.99
6523,349,13,8,Total,Servicios,N/A,1606.85
6524,350,13,8,Total,Servicios,N/A,1714.2
6525,351,13,8,Total,Servicios,N/A,1599.73
6526,352,13,8,Total,Servicios,N/A,1842.28
6527,353,13,8,Total,Servicios,N/A,1608.72
6528,354,13,8,Total,Servicios,N/A,1691.37
6529,355,13,8,Total,Servicios,N/A,1568.44
6530,356,13,8,Total,Servicios,N/A,1749.32
6531,357,13,8,Total,Servicios,N/A,1559.16
6532,358,13,8,Total,Servicios,N/A,1630.33
6533,359,13,8,Total,Servicios,N/A,1510.97
6534,289,13,9,Total,"Industria, construcción y servicios (excepto actividades de los hogares como empleadores y de organizaciones y organismos extraterritoriales)",N/A,1998.65
6535,290,13,9,Total,"Industria, construcción y servicios (excepto actividades de los hogares como empleadores y de organizaciones y organismos extraterritoriales)",N/A,2135.34
6536,291,13,9,Total,"Industria, construcción y servicios (excepto actividades de los hogares como empleadores y de organizaciones y organismos extraterritoriales)",N/A,1964.32
6537,292,13,9,Total,"Industria, construcción y servicios (excepto actividades de los hogares como empleadores y de organizaciones y organismos extraterritoriales)",N/A,2142.51
6538,293,13,9,Total,"Industria, construcción y servicios (excepto actividades de los hogares como empleadores y de organizaciones y organismos extraterritoriales)",N/A,1918.37
6539,294,13,9,Total,"Industria, construcción y servicios (excepto actividades de los hogares como empleadores y de organizaciones y organismos extraterritoriales)",N/A,2105.03
6540,295,13,9,Total,"Industria, construcción y servicios (excepto actividades de los hogares como empleadores y de organizaciones y organismos extraterritoriales)",N/A,1912.42
6541,296,13,9,Total,"Industria, construcción y servicios (excepto actividades de los hogares como empleadores y de organizaciones y organismos extraterritoriales)",N/A,2089.24
6542,297,13,9,Total,"Industria, construcción y servicios (excepto actividades de los hogares como empleadores y de organizaciones y organismos extraterritoriales)",N/A,1861.07
6543,298,13,9,Total,"Industria, construcción y servicios (excepto actividades de los hogares como empleadores y de organizaciones y organismos extraterritoriales)",N/A,2058.79
6544,299,13,9,Total,"Industria, construcción y servicios (excepto actividades de los hogares como empleadores y de organizaciones y organismos extraterritoriales)",N/A,1831.19
6545,300,13,9,Total,"Industria, construcción y servicios (excepto actividades de los hogares como empleadores y de organizaciones y organismos extraterritoriales)",N/A,2009.17
6546,301,13,9,Total,"Industria, construcción y servicios (excepto actividades de los hogares como empleadores y de organizaciones y organismos extraterritoriales)",N/A,1803.69
6547,302,13,9,Total,"Industria, construcción y servicios (excepto actividades de los hogares como empleadores y de organizaciones y organismos extraterritoriales)",N/A,1950.77
6548,303,13,9,Total,"Industria, construcción y servicios (excepto actividades de los hogares como empleadores y de organizaciones y organismos extraterritoriales)",N/A,1736.05
6549,304,13,9,Total,"Industria, construcción y servicios (excepto actividades de los hogares como empleadores y de organizaciones y organismos extraterritoriales)",N/A,1903.69
6550,305,13,9,Total,"Industria, construcción y servicios (excepto actividades de los hogares como empleadores y de organizaciones y organismos extraterritoriales)",N/A,1768.07
6551,306,13,9,Total,"Industria, construcción y servicios (excepto actividades de los hogares como empleadores y de organizaciones y organismos extraterritoriales)",N/A,1801.16
6552,307,13,9,Total,"Industria, construcción y servicios (excepto actividades de los hogares como empleadores y de organizaciones y organismos extraterritoriales)",N/A,1667.66
6553,308,13,9,Total,"Industria, construcción y servicios (excepto actividades de los hogares como empleadores y de organizaciones y organismos extraterritoriales)",N/A,1822.54
6554,309,13,9,Total,"Industria, construcción y servicios (excepto actividades de los hogares como empleadores y de organizaciones y organismos extraterritoriales)",N/A,1689.8
6555,310,13,9,Total,"Industria, construcción y servicios (excepto actividades de los hogares como empleadores y de organizaciones y organismos extraterritoriales)",N/A,1636.77
6556,311,13,9,Total,"Industria, construcción y servicios (excepto actividades de los hogares como empleadores y de organizaciones y organismos extraterritoriales)",N/A,1651.56
6557,312,13,9,Total,"Industria, construcción y servicios (excepto actividades de los hogares como empleadores y de organizaciones y organismos extraterritoriales)",N/A,1791.53
6558,313,13,9,Total,"Industria, construcción y servicios (excepto actividades de los hogares como empleadores y de organizaciones y organismos extraterritoriales)",N/A,1665.48
6559,314,13,9,Total,"Industria, construcción y servicios (excepto actividades de los hogares como empleadores y de organizaciones y organismos extraterritoriales)",N/A,1748.72
6560,315,13,9,Total,"Industria, construcción y servicios (excepto actividades de los hogares como empleadores y de organizaciones y organismos extraterritoriales)",N/A,1597.28
6561,316,13,9,Total,"Industria, construcción y servicios (excepto actividades de los hogares como empleadores y de organizaciones y organismos extraterritoriales)",N/A,1789.52
6562,317,13,9,Total,"Industria, construcción y servicios (excepto actividades de los hogares como empleadores y de organizaciones y organismos extraterritoriales)",N/A,1625.84
6563,318,13,9,Total,"Industria, construcción y servicios (excepto actividades de los hogares como empleadores y de organizaciones y organismos extraterritoriales)",N/A,1724.57
6564,319,13,9,Total,"Industria, construcción y servicios (excepto actividades de los hogares como empleadores y de organizaciones y organismos extraterritoriales)",N/A,1570.44
6565,320,13,9,Total,"Industria, construcción y servicios (excepto actividades de los hogares como empleadores y de organizaciones y organismos extraterritoriales)",N/A,1820.2
6566,321,13,9,Total,"Industria, construcción y servicios (excepto actividades de los hogares como empleadores y de organizaciones y organismos extraterritoriales)",N/A,1628.64
6567,322,13,9,Total,"Industria, construcción y servicios (excepto actividades de los hogares como empleadores y de organizaciones y organismos extraterritoriales)",N/A,1745.68
6568,323,13,9,Total,"Industria, construcción y servicios (excepto actividades de los hogares como empleadores y de organizaciones y organismos extraterritoriales)",N/A,1614.03
6569,324,13,9,Total,"Industria, construcción y servicios (excepto actividades de los hogares como empleadores y de organizaciones y organismos extraterritoriales)",N/A,1777.69
6570,325,13,9,Total,"Industria, construcción y servicios (excepto actividades de los hogares como empleadores y de organizaciones y organismos extraterritoriales)",N/A,1598.49
6571,326,13,9,Total,"Industria, construcción y servicios (excepto actividades de los hogares como empleadores y de organizaciones y organismos extraterritoriales)",N/A,1746.29
6572,327,13,9,Total,"Industria, construcción y servicios (excepto actividades de los hogares como empleadores y de organizaciones y organismos extraterritoriales)",N/A,1559.61
6573,328,13,9,Total,"Industria, construcción y servicios (excepto actividades de los hogares como empleadores y de organizaciones y organismos extraterritoriales)",N/A,1793.18
6574,329,13,9,Total,"Industria, construcción y servicios (excepto actividades de los hogares como empleadores y de organizaciones y organismos extraterritoriales)",N/A,1571.84
6575,330,13,9,Total,"Industria, construcción y servicios (excepto actividades de los hogares como empleadores y de organizaciones y organismos extraterritoriales)",N/A,1702.13
6576,331,13,9,Total,"Industria, construcción y servicios (excepto actividades de los hogares como empleadores y de organizaciones y organismos extraterritoriales)",N/A,1577.07
6577,332,13,9,Total,"Industria, construcción y servicios (excepto actividades de los hogares como empleadores y de organizaciones y organismos extraterritoriales)",N/A,1866.73
6578,333,13,9,Total,"Industria, construcción y servicios (excepto actividades de los hogares como empleadores y de organizaciones y organismos extraterritoriales)",N/A,1619.75
6579,334,13,9,Total,"Industria, construcción y servicios (excepto actividades de los hogares como empleadores y de organizaciones y organismos extraterritoriales)",N/A,1772.87
6580,335,13,9,Total,"Industria, construcción y servicios (excepto actividades de los hogares como empleadores y de organizaciones y organismos extraterritoriales)",N/A,1633.37
6581,336,13,9,Total,"Industria, construcción y servicios (excepto actividades de los hogares como empleadores y de organizaciones y organismos extraterritoriales)",N/A,1852.08
6582,337,13,9,Total,"Industria, construcción y servicios (excepto actividades de los hogares como empleadores y de organizaciones y organismos extraterritoriales)",N/A,1616.59
6583,338,13,9,Total,"Industria, construcción y servicios (excepto actividades de los hogares como empleadores y de organizaciones y organismos extraterritoriales)",N/A,1777.42
6584,339,13,9,Total,"Industria, construcción y servicios (excepto actividades de los hogares como empleadores y de organizaciones y organismos extraterritoriales)",N/A,1616.99
6585,340,13,9,Total,"Industria, construcción y servicios (excepto actividades de los hogares como empleadores y de organizaciones y organismos extraterritoriales)",N/A,1779.41
6586,341,13,9,Total,"Industria, construcción y servicios (excepto actividades de los hogares como empleadores y de organizaciones y organismos extraterritoriales)",N/A,1613.63
6587,342,13,9,Total,"Industria, construcción y servicios (excepto actividades de los hogares como empleadores y de organizaciones y organismos extraterritoriales)",N/A,1778.91
6588,343,13,9,Total,"Industria, construcción y servicios (excepto actividades de los hogares como empleadores y de organizaciones y organismos extraterritoriales)",N/A,1648.09
6589,344,13,9,Total,"Industria, construcción y servicios (excepto actividades de los hogares como empleadores y de organizaciones y organismos extraterritoriales)",N/A,1843.97
6590,345,13,9,Total,"Industria, construcción y servicios (excepto actividades de los hogares como empleadores y de organizaciones y organismos extraterritoriales)",N/A,1618.45
6591,346,13,9,Total,"Industria, construcción y servicios (excepto actividades de los hogares como empleadores y de organizaciones y organismos extraterritoriales)",N/A,1781.63
6592,347,13,9,Total,"Industria, construcción y servicios (excepto actividades de los hogares como empleadores y de organizaciones y organismos extraterritoriales)",N/A,1594.77
6593,348,13,9,Total,"Industria, construcción y servicios (excepto actividades de los hogares como empleadores y de organizaciones y organismos extraterritoriales)",N/A,1781.69
6594,349,13,9,Total,"Industria, construcción y servicios (excepto actividades de los hogares como empleadores y de organizaciones y organismos extraterritoriales)",N/A,1595.01
6595,350,13,9,Total,"Industria, construcción y servicios (excepto actividades de los hogares como empleadores y de organizaciones y organismos extraterritoriales)",N/A,1716.55
6596,351,13,9,Total,"Industria, construcción y servicios (excepto actividades de los hogares como empleadores y de organizaciones y organismos extraterritoriales)",N/A,1565.77
6597,352,13,9,Total,"Industria, construcción y servicios (excepto actividades de los hogares como empleadores y de organizaciones y organismos extraterritoriales)",N/A,1792.09
6598,353,13,9,Total,"Industria, construcción y servicios (excepto actividades de los hogares como empleadores y de organizaciones y organismos extraterritoriales)",N/A,1607.69
6599,354,13,9,Total,"Industria, construcción y servicios (excepto actividades de los hogares como empleadores y de organizaciones y organismos extraterritoriales)",N/A,1705.38
6600,355,13,9,Total,"Industria, construcción y servicios (excepto actividades de los hogares como empleadores y de organizaciones y organismos extraterritoriales)",N/A,1560.75
6601,356,13,9,Total,"Industria, construcción y servicios (excepto actividades de los hogares como empleadores y de organizaciones y organismos extraterritoriales)",N/A,1724.29
6602,357,13,9,Total,"Industria, construcción y servicios (excepto actividades de los hogares como empleadores y de organizaciones y organismos extraterritoriales)",N/A,1538.5
6603,358,13,9,Total,"Industria, construcción y servicios (excepto actividades de los hogares como empleadores y de organizaciones y organismos extraterritoriales)",N/A,1615.68
6604,359,13,9,Total,"Industria, construcción y servicios (excepto actividades de los hogares como empleadores y de organizaciones y organismos extraterritoriales)",N/A,1488.02
6605,289,13,9,Total,Industria,N/A,2280.09
6606,290,13,9,Total,Industria,N/A,2455.03
6607,291,13,9,Total,Industria,N/A,2244.33
6608,292,13,9,Total,Industria,N/A,2378.42
6609,293,13,9,Total,Industria,N/A,2153.32
6610,294,13,9,Total,Industria,N/A,2315.71
6611,295,13,9,Total,Industria,N/A,2160.2
6612,296,13,9,Total,Industria,N/A,2246.9
6613,297,13,9,Total,Industria,N/A,2050.14
6614,298,13,9,Total,Industria,N/A,2204.58
6615,299,13,9,Total,Industria,N/A,2066.37
6616,300,13,9,Total,Industria,N/A,2205.21
6617,301,13,9,Total,Industria,N/A,2004.13
6618,302,13,9,Total,Industria,N/A,2092.56
6619,303,13,9,Total,Industria,N/A,1984.57
6620,304,13,9,Total,Industria,N/A,2092.42
6621,305,13,9,Total,Industria,N/A,1967.83
6622,306,13,9,Total,Industria,N/A,1969.08
6623,307,13,9,Total,Industria,N/A,1882.57
6624,308,13,9,Total,Industria,N/A,2030.22
6625,309,13,9,Total,Industria,N/A,1865.61
6626,310,13,9,Total,Industria,N/A,1827.43
6627,311,13,9,Total,Industria,N/A,1926.53
6628,312,13,9,Total,Industria,N/A,2070.13
6629,313,13,9,Total,Industria,N/A,1911.48
6630,314,13,9,Total,Industria,N/A,1973.1
6631,315,13,9,Total,Industria,N/A,1843.58
6632,316,13,9,Total,Industria,N/A,2072.08
6633,317,13,9,Total,Industria,N/A,1894.17
6634,318,13,9,Total,Industria,N/A,2002.84
6635,319,13,9,Total,Industria,N/A,1849.98
6636,320,13,9,Total,Industria,N/A,2023.78
6637,321,13,9,Total,Industria,N/A,1872.93
6638,322,13,9,Total,Industria,N/A,1976.56
6639,323,13,9,Total,Industria,N/A,1801.36
6640,324,13,9,Total,Industria,N/A,2002.12
6641,325,13,9,Total,Industria,N/A,1830.81
6642,326,13,9,Total,Industria,N/A,1978.71
6643,327,13,9,Total,Industria,N/A,1767.48
6644,328,13,9,Total,Industria,N/A,2018.38
6645,329,13,9,Total,Industria,N/A,1846.12
6646,330,13,9,Total,Industria,N/A,1995.96
6647,331,13,9,Total,Industria,N/A,1769.79
6648,332,13,9,Total,Industria,N/A,2018.7
6649,333,13,9,Total,Industria,N/A,1861.27
6650,334,13,9,Total,Industria,N/A,1983.3
6651,335,13,9,Total,Industria,N/A,1748.54
6652,336,13,9,Total,Industria,N/A,1979.65
6653,337,13,9,Total,Industria,N/A,1811.94
6654,338,13,9,Total,Industria,N/A,1947.56
6655,339,13,9,Total,Industria,N/A,1782.66
6656,340,13,9,Total,Industria,N/A,1964.47
6657,341,13,9,Total,Industria,N/A,1768.89
6658,342,13,9,Total,Industria,N/A,1955.66
6659,343,13,9,Total,Industria,N/A,1732.88
6660,344,13,9,Total,Industria,N/A,1952.67
6661,345,13,9,Total,Industria,N/A,1781.54
6662,346,13,9,Total,Industria,N/A,1877.67
6663,347,13,9,Total,Industria,N/A,1695.09
6664,348,13,9,Total,Industria,N/A,1883.68
6665,349,13,9,Total,Industria,N/A,1740.22
6666,350,13,9,Total,Industria,N/A,1796.83
6667,351,13,9,Total,Industria,N/A,1684.43
6668,352,13,9,Total,Industria,N/A,1882.47
6669,353,13,9,Total,Industria,N/A,1639.92
6670,354,13,9,Total,Industria,N/A,1726.52
6671,355,13,9,Total,Industria,N/A,1595.78
6672,356,13,9,Total,Industria,N/A,1771.21
6673,357,13,9,Total,Industria,N/A,1563.68
6674,358,13,9,Total,Industria,N/A,1639.12
6675,359,13,9,Total,Industria,N/A,1523.74
6676,289,13,9,Total,Construcción,N/A,1933.29
6677,290,13,9,Total,Construcción,N/A,2072.33
6678,291,13,9,Total,Construcción,N/A,1923.85
6679,292,13,9,Total,Construcción,N/A,2062.44
6680,293,13,9,Total,Construcción,N/A,1852.5
6681,294,13,9,Total,Construcción,N/A,2034.52
6682,295,13,9,Total,Construcción,N/A,1800.88
6683,296,13,9,Total,Construcción,N/A,2008.44
6684,297,13,9,Total,Construcción,N/A,1796.32
6685,298,13,9,Total,Construcción,N/A,1938.67
6686,299,13,9,Total,Construcción,N/A,1738.71
6687,300,13,9,Total,Construcción,N/A,1926.37
6688,301,13,9,Total,Construcción,N/A,1714.29
6689,302,13,9,Total,Construcción,N/A,1834.12
6690,303,13,9,Total,Construcción,N/A,1622.12
6691,304,13,9,Total,Construcción,N/A,1839.76
6692,305,13,9,Total,Construcción,N/A,1642.55
6693,306,13,9,Total,Construcción,N/A,1753.68
6694,307,13,9,Total,Construcción,N/A,1538.11
6695,308,13,9,Total,Construcción,N/A,1760.97
6696,309,13,9,Total,Construcción,N/A,1549.95
6697,310,13,9,Total,Construcción,N/A,1489.05
6698,311,13,9,Total,Construcción,N/A,1508.46
6699,312,13,9,Total,Construcción,N/A,1763.68
6700,313,13,9,Total,Construcción,N/A,1606.61
6701,314,13,9,Total,Construcción,N/A,1691.46
6702,315,13,9,Total,Construcción,N/A,1491.22
6703,316,13,9,Total,Construcción,N/A,1752.69
6704,317,13,9,Total,Construcción,N/A,1562.53
6705,318,13,9,Total,Construcción,N/A,1685.85
6706,319,13,9,Total,Construcción,N/A,1527.82
6707,320,13,9,Total,Construcción,N/A,1683.12
6708,321,13,9,Total,Construcción,N/A,1475.12
6709,322,13,9,Total,Construcción,N/A,1542.52
6710,323,13,9,Total,Construcción,N/A,1449.78
6711,324,13,9,Total,Construcción,N/A,1658.38
6712,325,13,9,Total,Construcción,N/A,1452.35
6713,326,13,9,Total,Construcción,N/A,1511.91
6714,327,13,9,Total,Construcción,N/A,1409.67
6715,328,13,9,Total,Construcción,N/A,1711.32
6716,329,13,9,Total,Construcción,N/A,1493.52
6717,330,13,9,Total,Construcción,N/A,1596.88
6718,331,13,9,Total,Construcción,N/A,1444.67
6719,332,13,9,Total,Construcción,N/A,1693.9
6720,333,13,9,Total,Construcción,N/A,1444.41
6721,334,13,9,Total,Construcción,N/A,1567.65
6722,335,13,9,Total,Construcción,N/A,1372.72
6723,336,13,9,Total,Construcción,N/A,1851.87
6724,337,13,9,Total,Construcción,N/A,1526.69
6725,338,13,9,Total,Construcción,N/A,1848.14
6726,339,13,9,Total,Construcción,N/A,1465.76
6727,340,13,9,Total,Construcción,N/A,1825.08
6728,341,13,9,Total,Construcción,N/A,1441.73
6729,342,13,9,Total,Construcción,N/A,1585.74
6730,343,13,9,Total,Construcción,N/A,1647.51
6731,344,13,9,Total,Construcción,N/A,1703.35
6732,345,13,9,Total,Construcción,N/A,1509.97
6733,346,13,9,Total,Construcción,N/A,1696.57
6734,347,13,9,Total,Construcción,N/A,1620.33
6735,348,13,9,Total,Construcción,N/A,1765.0
6736,349,13,9,Total,Construcción,N/A,1533.61
6737,350,13,9,Total,Construcción,N/A,1654.12
6738,351,13,9,Total,Construcción,N/A,1444.23
6739,352,13,9,Total,Construcción,N/A,1686.47
6740,353,13,9,Total,Construcción,N/A,1498.97
6741,354,13,9,Total,Construcción,N/A,1587.48
6742,355,13,9,Total,Construcción,N/A,1371.82
6743,356,13,9,Total,Construcción,N/A,1602.43
6744,357,13,9,Total,Construcción,N/A,1432.53
6745,358,13,9,Total,Construcción,N/A,1520.25
6746,359,13,9,Total,Construcción,N/A,1331.3
6747,289,13,9,Total,Servicios,N/A,1930.69
6748,290,13,9,Total,Servicios,N/A,2058.13
6749,291,13,9,Total,Servicios,N/A,1896.34
6750,292,13,9,Total,Servicios,N/A,2089.65
6751,293,13,9,Total,Servicios,N/A,1865.2
6752,294,13,9,Total,Servicios,N/A,2059.06
6753,295,13,9,Total,Servicios,N/A,1860.16
6754,296,13,9,Total,Servicios,N/A,2055.24
6755,297,13,9,Total,Servicios,N/A,1817.53
6756,298,13,9,Total,Servicios,N/A,2032.77
6757,299,13,9,Total,Servicios,N/A,1778.34
6758,300,13,9,Total,Servicios,N/A,1968.35
6759,301,13,9,Total,Servicios,N/A,1761.53
6760,302,13,9,Total,Servicios,N/A,1927.3
6761,303,13,9,Total,Servicios,N/A,1686.29
6762,304,13,9,Total,Servicios,N/A,1862.2
6763,305,13,9,Total,Servicios,N/A,1727.11
6764,306,13,9,Total,Servicios,N/A,1760.29
6765,307,13,9,Total,Servicios,N/A,1623.46
6766,308,13,9,Total,Servicios,N/A,1772.97
6767,309,13,9,Total,Servicios,N/A,1653.9
6768,310,13,9,Total,Servicios,N/A,1599.71
6769,311,13,9,Total,Servicios,N/A,1593.14
6770,312,13,9,Total,Servicios,N/A,1721.76
6771,313,13,9,Total,Servicios,N/A,1605.04
6772,314,13,9,Total,Servicios,N/A,1695.95
6773,315,13,9,Total,Servicios,N/A,1543.96
6774,316,13,9,Total,Servicios,N/A,1718.78
6775,317,13,9,Total,Servicios,N/A,1559.52
6776,318,13,9,Total,Servicios,N/A,1653.14
6777,319,13,9,Total,Servicios,N/A,1499.22
6778,320,13,9,Total,Servicios,N/A,1780.12
6779,321,13,9,Total,Servicios,N/A,1577.11
6780,322,13,9,Total,Servicios,N/A,1701.69
6781,323,13,9,Total,Servicios,N/A,1578.99
6782,324,13,9,Total,Servicios,N/A,1729.08
6783,325,13,9,Total,Servicios,N/A,1549.63
6784,326,13,9,Total,Servicios,N/A,1708.33
6785,327,13,9,Total,Servicios,N/A,1519.52
6786,328,13,9,Total,Servicios,N/A,1741.49
6787,329,13,9,Total,Servicios,N/A,1507.52
6788,330,13,9,Total,Servicios,N/A,1637.85
6789,331,13,9,Total,Servicios,N/A,1540.04
6790,332,13,9,Total,Servicios,N/A,1843.09
6791,333,13,9,Total,Servicios,N/A,1574.49
6792,334,13,9,Total,Servicios,N/A,1739.2
6793,335,13,9,Total,Servicios,N/A,1631.81
6794,336,13,9,Total,Servicios,N/A,1817.26
6795,337,13,9,Total,Servicios,N/A,1572.28
6796,338,13,9,Total,Servicios,N/A,1724.18
6797,339,13,9,Total,Servicios,N/A,1588.08
6798,340,13,9,Total,Servicios,N/A,1724.77
6799,341,13,9,Total,Servicios,N/A,1593.76
6800,342,13,9,Total,Servicios,N/A,1756.4
6801,343,13,9,Total,Servicios,N/A,1625.99
6802,344,13,9,Total,Servicios,N/A,1835.13
6803,345,13,9,Total,Servicios,N/A,1591.32
6804,346,13,9,Total,Servicios,N/A,1769.4
6805,347,13,9,Total,Servicios,N/A,1564.15
6806,348,13,9,Total,Servicios,N/A,1757.54
6807,349,13,9,Total,Servicios,N/A,1566.47
6808,350,13,9,Total,Servicios,N/A,1705.5
6809,351,13,9,Total,Servicios,N/A,1554.75
6810,352,13,9,Total,Servicios,N/A,1785.95
6811,353,13,9,Total,Servicios,N/A,1619.44
6812,354,13,9,Total,Servicios,N/A,1723.39
6813,355,13,9,Total,Servicios,N/A,1590.95
6814,356,13,9,Total,Servicios,N/A,1740.01
6815,357,13,9,Total,Servicios,N/A,1557.93
6816,358,13,9,Total,Servicios,N/A,1634.89
6817,359,13,9,Total,Servicios,N/A,1520.96
6818,289,13,10,Total,"Industria, construcción y servicios (excepto actividades de los hogares como empleadores y de organizaciones y organismos extraterritoriales)",N/A,2394.76
6819,290,13,10,Total,"Industria, construcción y servicios (excepto actividades de los hogares como empleadores y de organizaciones y organismos extraterritoriales)",N/A,2635.34
6820,291,13,10,Total,"Industria, construcción y servicios (excepto actividades de los hogares como empleadores y de organizaciones y organismos extraterritoriales)",N/A,2499.96
6821,292,13,10,Total,"Industria, construcción y servicios (excepto actividades de los hogares como empleadores y de organizaciones y organismos extraterritoriales)",N/A,2622.1
6822,293,13,10,Total,"Industria, construcción y servicios (excepto actividades de los hogares como empleadores y de organizaciones y organismos extraterritoriales)",N/A,2331.6
6823,294,13,10,Total,"Industria, construcción y servicios (excepto actividades de los hogares como empleadores y de organizaciones y organismos extraterritoriales)",N/A,2574.64
6824,295,13,10,Total,"Industria, construcción y servicios (excepto actividades de los hogares como empleadores y de organizaciones y organismos extraterritoriales)",N/A,2398.08
6825,296,13,10,Total,"Industria, construcción y servicios (excepto actividades de los hogares como empleadores y de organizaciones y organismos extraterritoriales)",N/A,2556.83
6826,297,13,10,Total,"Industria, construcción y servicios (excepto actividades de los hogares como empleadores y de organizaciones y organismos extraterritoriales)",N/A,2256.46
6827,298,13,10,Total,"Industria, construcción y servicios (excepto actividades de los hogares como empleadores y de organizaciones y organismos extraterritoriales)",N/A,2490.45
6828,299,13,10,Total,"Industria, construcción y servicios (excepto actividades de los hogares como empleadores y de organizaciones y organismos extraterritoriales)",N/A,2301.79
6829,300,13,10,Total,"Industria, construcción y servicios (excepto actividades de los hogares como empleadores y de organizaciones y organismos extraterritoriales)",N/A,2443.37
6830,301,13,10,Total,"Industria, construcción y servicios (excepto actividades de los hogares como empleadores y de organizaciones y organismos extraterritoriales)",N/A,2181.48
6831,302,13,10,Total,"Industria, construcción y servicios (excepto actividades de los hogares como empleadores y de organizaciones y organismos extraterritoriales)",N/A,2354.14
6832,303,13,10,Total,"Industria, construcción y servicios (excepto actividades de los hogares como empleadores y de organizaciones y organismos extraterritoriales)",N/A,2166.23
6833,304,13,10,Total,"Industria, construcción y servicios (excepto actividades de los hogares como empleadores y de organizaciones y organismos extraterritoriales)",N/A,2333.35
6834,305,13,10,Total,"Industria, construcción y servicios (excepto actividades de los hogares como empleadores y de organizaciones y organismos extraterritoriales)",N/A,2067.93
6835,306,13,10,Total,"Industria, construcción y servicios (excepto actividades de los hogares como empleadores y de organizaciones y organismos extraterritoriales)",N/A,2229.06
6836,307,13,10,Total,"Industria, construcción y servicios (excepto actividades de los hogares como empleadores y de organizaciones y organismos extraterritoriales)",N/A,2033.09
6837,308,13,10,Total,"Industria, construcción y servicios (excepto actividades de los hogares como empleadores y de organizaciones y organismos extraterritoriales)",N/A,2186.91
6838,309,13,10,Total,"Industria, construcción y servicios (excepto actividades de los hogares como empleadores y de organizaciones y organismos extraterritoriales)",N/A,1987.07
6839,310,13,10,Total,"Industria, construcción y servicios (excepto actividades de los hogares como empleadores y de organizaciones y organismos extraterritoriales)",N/A,1879.1
6840,311,13,10,Total,"Industria, construcción y servicios (excepto actividades de los hogares como empleadores y de organizaciones y organismos extraterritoriales)",N/A,1968.5
6841,312,13,10,Total,"Industria, construcción y servicios (excepto actividades de los hogares como empleadores y de organizaciones y organismos extraterritoriales)",N/A,2246.23
6842,313,13,10,Total,"Industria, construcción y servicios (excepto actividades de los hogares como empleadores y de organizaciones y organismos extraterritoriales)",N/A,1962.71
6843,314,13,10,Total,"Industria, construcción y servicios (excepto actividades de los hogares como empleadores y de organizaciones y organismos extraterritoriales)",N/A,2165.01
6844,315,13,10,Total,"Industria, construcción y servicios (excepto actividades de los hogares como empleadores y de organizaciones y organismos extraterritoriales)",N/A,2018.4
6845,316,13,10,Total,"Industria, construcción y servicios (excepto actividades de los hogares como empleadores y de organizaciones y organismos extraterritoriales)",N/A,2186.24
6846,317,13,10,Total,"Industria, construcción y servicios (excepto actividades de los hogares como empleadores y de organizaciones y organismos extraterritoriales)",N/A,1911.73
6847,318,13,10,Total,"Industria, construcción y servicios (excepto actividades de los hogares como empleadores y de organizaciones y organismos extraterritoriales)",N/A,2124.89
6848,319,13,10,Total,"Industria, construcción y servicios (excepto actividades de los hogares como empleadores y de organizaciones y organismos extraterritoriales)",N/A,1980.79
6849,320,13,10,Total,"Industria, construcción y servicios (excepto actividades de los hogares como empleadores y de organizaciones y organismos extraterritoriales)",N/A,2146.46
6850,321,13,10,Total,"Industria, construcción y servicios (excepto actividades de los hogares como empleadores y de organizaciones y organismos extraterritoriales)",N/A,1872.04
6851,322,13,10,Total,"Industria, construcción y servicios (excepto actividades de los hogares como empleadores y de organizaciones y organismos extraterritoriales)",N/A,2106.7
6852,323,13,10,Total,"Industria, construcción y servicios (excepto actividades de los hogares como empleadores y de organizaciones y organismos extraterritoriales)",N/A,1920.28
6853,324,13,10,Total,"Industria, construcción y servicios (excepto actividades de los hogares como empleadores y de organizaciones y organismos extraterritoriales)",N/A,2144.46
6854,325,13,10,Total,"Industria, construcción y servicios (excepto actividades de los hogares como empleadores y de organizaciones y organismos extraterritoriales)",N/A,1875.14
6855,326,13,10,Total,"Industria, construcción y servicios (excepto actividades de los hogares como empleadores y de organizaciones y organismos extraterritoriales)",N/A,2107.11
6856,327,13,10,Total,"Industria, construcción y servicios (excepto actividades de los hogares como empleadores y de organizaciones y organismos extraterritoriales)",N/A,1940.57
6857,328,13,10,Total,"Industria, construcción y servicios (excepto actividades de los hogares como empleadores y de organizaciones y organismos extraterritoriales)",N/A,2136.56
6858,329,13,10,Total,"Industria, construcción y servicios (excepto actividades de los hogares como empleadores y de organizaciones y organismos extraterritoriales)",N/A,1893.52
6859,330,13,10,Total,"Industria, construcción y servicios (excepto actividades de los hogares como empleadores y de organizaciones y organismos extraterritoriales)",N/A,2097.8
6860,331,13,10,Total,"Industria, construcción y servicios (excepto actividades de los hogares como empleadores y de organizaciones y organismos extraterritoriales)",N/A,1939.42
6861,332,13,10,Total,"Industria, construcción y servicios (excepto actividades de los hogares como empleadores y de organizaciones y organismos extraterritoriales)",N/A,2080.93
6862,333,13,10,Total,"Industria, construcción y servicios (excepto actividades de los hogares como empleadores y de organizaciones y organismos extraterritoriales)",N/A,1877.81
6863,334,13,10,Total,"Industria, construcción y servicios (excepto actividades de los hogares como empleadores y de organizaciones y organismos extraterritoriales)",N/A,2070.25
6864,335,13,10,Total,"Industria, construcción y servicios (excepto actividades de los hogares como empleadores y de organizaciones y organismos extraterritoriales)",N/A,1914.01
6865,336,13,10,Total,"Industria, construcción y servicios (excepto actividades de los hogares como empleadores y de organizaciones y organismos extraterritoriales)",N/A,2133.89
6866,337,13,10,Total,"Industria, construcción y servicios (excepto actividades de los hogares como empleadores y de organizaciones y organismos extraterritoriales)",N/A,1910.12
6867,338,13,10,Total,"Industria, construcción y servicios (excepto actividades de los hogares como empleadores y de organizaciones y organismos extraterritoriales)",N/A,2091.64
6868,339,13,10,Total,"Industria, construcción y servicios (excepto actividades de los hogares como empleadores y de organizaciones y organismos extraterritoriales)",N/A,1951.63
6869,340,13,10,Total,"Industria, construcción y servicios (excepto actividades de los hogares como empleadores y de organizaciones y organismos extraterritoriales)",N/A,2149.06
6870,341,13,10,Total,"Industria, construcción y servicios (excepto actividades de los hogares como empleadores y de organizaciones y organismos extraterritoriales)",N/A,1916.64
6871,342,13,10,Total,"Industria, construcción y servicios (excepto actividades de los hogares como empleadores y de organizaciones y organismos extraterritoriales)",N/A,2090.87
6872,343,13,10,Total,"Industria, construcción y servicios (excepto actividades de los hogares como empleadores y de organizaciones y organismos extraterritoriales)",N/A,1978.52
6873,344,13,10,Total,"Industria, construcción y servicios (excepto actividades de los hogares como empleadores y de organizaciones y organismos extraterritoriales)",N/A,2174.6
6874,345,13,10,Total,"Industria, construcción y servicios (excepto actividades de los hogares como empleadores y de organizaciones y organismos extraterritoriales)",N/A,1898.99
6875,346,13,10,Total,"Industria, construcción y servicios (excepto actividades de los hogares como empleadores y de organizaciones y organismos extraterritoriales)",N/A,2123.72
6876,347,13,10,Total,"Industria, construcción y servicios (excepto actividades de los hogares como empleadores y de organizaciones y organismos extraterritoriales)",N/A,1947.19
6877,348,13,10,Total,"Industria, construcción y servicios (excepto actividades de los hogares como empleadores y de organizaciones y organismos extraterritoriales)",N/A,2143.38
6878,349,13,10,Total,"Industria, construcción y servicios (excepto actividades de los hogares como empleadores y de organizaciones y organismos extraterritoriales)",N/A,1861.86
6879,350,13,10,Total,"Industria, construcción y servicios (excepto actividades de los hogares como empleadores y de organizaciones y organismos extraterritoriales)",N/A,2116.35
6880,351,13,10,Total,"Industria, construcción y servicios (excepto actividades de los hogares como empleadores y de organizaciones y organismos extraterritoriales)",N/A,1925.0
6881,352,13,10,Total,"Industria, construcción y servicios (excepto actividades de los hogares como empleadores y de organizaciones y organismos extraterritoriales)",N/A,2119.35
6882,353,13,10,Total,"Industria, construcción y servicios (excepto actividades de los hogares como empleadores y de organizaciones y organismos extraterritoriales)",N/A,1855.17
6883,354,13,10,Total,"Industria, construcción y servicios (excepto actividades de los hogares como empleadores y de organizaciones y organismos extraterritoriales)",N/A,2071.41
6884,355,13,10,Total,"Industria, construcción y servicios (excepto actividades de los hogares como empleadores y de organizaciones y organismos extraterritoriales)",N/A,1882.31
6885,356,13,10,Total,"Industria, construcción y servicios (excepto actividades de los hogares como empleadores y de organizaciones y organismos extraterritoriales)",N/A,2098.33
6886,357,13,10,Total,"Industria, construcción y servicios (excepto actividades de los hogares como empleadores y de organizaciones y organismos extraterritoriales)",N/A,1826.12
6887,358,13,10,Total,"Industria, construcción y servicios (excepto actividades de los hogares como empleadores y de organizaciones y organismos extraterritoriales)",N/A,2010.07
6888,359,13,10,Total,"Industria, construcción y servicios (excepto actividades de los hogares como empleadores y de organizaciones y organismos extraterritoriales)",N/A,1845.56
6889,289,13,10,Total,Industria,N/A,2740.67
6890,290,13,10,Total,Industria,N/A,3224.13
6891,291,13,10,Total,Industria,N/A,2981.64
6892,292,13,10,Total,Industria,N/A,3169.5
6893,293,13,10,Total,Industria,N/A,2663.8
6894,294,13,10,Total,Industria,N/A,3235.66
6895,295,13,10,Total,Industria,N/A,2859.99
6896,296,13,10,Total,Industria,N/A,3076.55
6897,297,13,10,Total,Industria,N/A,2534.26
6898,298,13,10,Total,Industria,N/A,3015.59
6899,299,13,10,Total,Industria,N/A,2704.6
6900,300,13,10,Total,Industria,N/A,2855.94
6901,301,13,10,Total,Industria,N/A,2494.97
6902,302,13,10,Total,Industria,N/A,2824.92
6903,303,13,10,Total,Industria,N/A,2493.82
6904,304,13,10,Total,Industria,N/A,2743.82
6905,305,13,10,Total,Industria,N/A,2373.97
6906,306,13,10,Total,Industria,N/A,2693.98
6907,307,13,10,Total,Industria,N/A,2401.51
6908,308,13,10,Total,Industria,N/A,2683.65
6909,309,13,10,Total,Industria,N/A,2262.62
6910,310,13,10,Total,Industria,N/A,2233.74
6911,311,13,10,Total,Industria,N/A,2364.27
6912,312,13,10,Total,Industria,N/A,2758.02
6913,313,13,10,Total,Industria,N/A,2337.66
6914,314,13,10,Total,Industria,N/A,2693.34
6915,315,13,10,Total,Industria,N/A,2385.24
6916,316,13,10,Total,Industria,N/A,2737.77
6917,317,13,10,Total,Industria,N/A,2308.26
6918,318,13,10,Total,Industria,N/A,2669.67
6919,319,13,10,Total,Industria,N/A,2377.11
6920,320,13,10,Total,Industria,N/A,2746.15
6921,321,13,10,Total,Industria,N/A,2291.44
6922,322,13,10,Total,Industria,N/A,2631.75
6923,323,13,10,Total,Industria,N/A,2398.46
6924,324,13,10,Total,Industria,N/A,2699.47
6925,325,13,10,Total,Industria,N/A,2313.32
6926,326,13,10,Total,Industria,N/A,2631.78
6927,327,13,10,Total,Industria,N/A,2390.62
6928,328,13,10,Total,Industria,N/A,2719.98
6929,329,13,10,Total,Industria,N/A,2342.48
6930,330,13,10,Total,Industria,N/A,2651.37
6931,331,13,10,Total,Industria,N/A,2370.86
6932,332,13,10,Total,Industria,N/A,2658.06
6933,333,13,10,Total,Industria,N/A,2339.24
6934,334,13,10,Total,Industria,N/A,2598.25
6935,335,13,10,Total,Industria,N/A,2313.14
6936,336,13,10,Total,Industria,N/A,2657.92
6937,337,13,10,Total,Industria,N/A,2270.61
6938,338,13,10,Total,Industria,N/A,2547.55
6939,339,13,10,Total,Industria,N/A,2259.97
6940,340,13,10,Total,Industria,N/A,2600.9
6941,341,13,10,Total,Industria,N/A,2257.16
6942,342,13,10,Total,Industria,N/A,2503.66
6943,343,13,10,Total,Industria,N/A,2257.25
6944,344,13,10,Total,Industria,N/A,2595.01
6945,345,13,10,Total,Industria,N/A,2225.74
6946,346,13,10,Total,Industria,N/A,2432.28
6947,347,13,10,Total,Industria,N/A,2191.39
6948,348,13,10,Total,Industria,N/A,2501.28
6949,349,13,10,Total,Industria,N/A,2118.96
6950,350,13,10,Total,Industria,N/A,2377.51
6951,351,13,10,Total,Industria,N/A,2148.62
6952,352,13,10,Total,Industria,N/A,2468.3
6953,353,13,10,Total,Industria,N/A,2066.1
6954,354,13,10,Total,Industria,N/A,2331.03
6955,355,13,10,Total,Industria,N/A,2088.14
6956,356,13,10,Total,Industria,N/A,2393.03
6957,357,13,10,Total,Industria,N/A,2016.27
6958,358,13,10,Total,Industria,N/A,2249.86
6959,359,13,10,Total,Industria,N/A,2050.75
6960,289,13,10,Total,Construcción,N/A,2278.25
6961,290,13,10,Total,Construcción,N/A,2660.13
6962,291,13,10,Total,Construcción,N/A,2402.61
6963,292,13,10,Total,Construcción,N/A,2525.23
6964,293,13,10,Total,Construcción,N/A,2169.58
6965,294,13,10,Total,Construcción,N/A,2452.56
6966,295,13,10,Total,Construcción,N/A,2187.58
6967,296,13,10,Total,Construcción,N/A,2988.02
6968,297,13,10,Total,Construcción,N/A,2145.48
6969,298,13,10,Total,Construcción,N/A,2628.9
6970,299,13,10,Total,Construcción,N/A,2263.85
6971,300,13,10,Total,Construcción,N/A,2602.87
6972,301,13,10,Total,Construcción,N/A,2184.1
6973,302,13,10,Total,Construcción,N/A,2417.18
6974,303,13,10,Total,Construcción,N/A,2098.13
6975,304,13,10,Total,Construcción,N/A,2413.73
6976,305,13,10,Total,Construcción,N/A,2038.92
6977,306,13,10,Total,Construcción,N/A,2290.22
6978,307,13,10,Total,Construcción,N/A,1922.17
6979,308,13,10,Total,Construcción,N/A,2508.24
6980,309,13,10,Total,Construcción,N/A,1998.87
6981,310,13,10,Total,Construcción,N/A,2082.19
6982,311,13,10,Total,Construcción,N/A,1806.76
6983,312,13,10,Total,Construcción,N/A,2234.96
6984,313,13,10,Total,Construcción,N/A,1862.41
6985,314,13,10,Total,Construcción,N/A,2184.18
6986,315,13,10,Total,Construcción,N/A,1812.02
6987,316,13,10,Total,Construcción,N/A,2177.91
6988,317,13,10,Total,Construcción,N/A,1817.75
6989,318,13,10,Total,Construcción,N/A,2099.89
6990,319,13,10,Total,Construcción,N/A,1815.71
6991,320,13,10,Total,Construcción,N/A,2123.8
6992,321,13,10,Total,Construcción,N/A,1831.99
6993,322,13,10,Total,Construcción,N/A,2162.03
6994,323,13,10,Total,Construcción,N/A,1811.51
6995,324,13,10,Total,Construcción,N/A,2188.76
6996,325,13,10,Total,Construcción,N/A,1876.27
6997,326,13,10,Total,Construcción,N/A,2142.31
6998,327,13,10,Total,Construcción,N/A,1808.12
6999,328,13,10,Total,Construcción,N/A,2092.34
7000,329,13,10,Total,Construcción,N/A,1826.32
7001,330,13,10,Total,Construcción,N/A,2124.11
7002,331,13,10,Total,Construcción,N/A,1796.0
7003,332,13,10,Total,Construcción,N/A,2267.58
7004,333,13,10,Total,Construcción,N/A,1910.55
7005,334,13,10,Total,Construcción,N/A,2178.7
7006,335,13,10,Total,Construcción,N/A,1828.86
7007,336,13,10,Total,Construcción,N/A,2216.38
7008,337,13,10,Total,Construcción,N/A,1884.53
7009,338,13,10,Total,Construcción,N/A,2316.7
7010,339,13,10,Total,Construcción,N/A,1931.82
7011,340,13,10,Total,Construcción,N/A,2255.84
7012,341,13,10,Total,Construcción,N/A,1885.5
7013,342,13,10,Total,Construcción,N/A,2142.82
7014,343,13,10,Total,Construcción,N/A,1906.86
7015,344,13,10,Total,Construcción,N/A,2273.5
7016,345,13,10,Total,Construcción,N/A,1828.97
7017,346,13,10,Total,Construcción,N/A,2101.43
7018,347,13,10,Total,Construcción,N/A,1826.58
7019,348,13,10,Total,Construcción,N/A,2224.01
7020,349,13,10,Total,Construcción,N/A,1751.25
7021,350,13,10,Total,Construcción,N/A,2100.01
7022,351,13,10,Total,Construcción,N/A,1738.79
7023,352,13,10,Total,Construcción,N/A,2256.08
7024,353,13,10,Total,Construcción,N/A,1823.37
7025,354,13,10,Total,Construcción,N/A,2156.74
7026,355,13,10,Total,Construcción,N/A,1824.24
7027,356,13,10,Total,Construcción,N/A,2112.16
7028,357,13,10,Total,Construcción,N/A,1752.09
7029,358,13,10,Total,Construcción,N/A,2031.53
7030,359,13,10,Total,Construcción,N/A,1693.75
7031,289,13,10,Total,Servicios,N/A,2336.58
7032,290,13,10,Total,Servicios,N/A,2524.04
7033,291,13,10,Total,Servicios,N/A,2413.8
7034,292,13,10,Total,Servicios,N/A,2522.96
7035,293,13,10,Total,Servicios,N/A,2277.38
7036,294,13,10,Total,Servicios,N/A,2456.37
7037,295,13,10,Total,Servicios,N/A,2323.0
7038,296,13,10,Total,Servicios,N/A,2428.95
7039,297,13,10,Total,Servicios,N/A,2209.14
7040,298,13,10,Total,Servicios,N/A,2381.01
7041,299,13,10,Total,Servicios,N/A,2226.09
7042,300,13,10,Total,Servicios,N/A,2351.35
7043,301,13,10,Total,Servicios,N/A,2118.7
7044,302,13,10,Total,Servicios,N/A,2257.56
7045,303,13,10,Total,Servicios,N/A,2105.07
7046,304,13,10,Total,Servicios,N/A,2245.31
7047,305,13,10,Total,Servicios,N/A,2007.07
7048,306,13,10,Total,Servicios,N/A,2131.79
7049,307,13,10,Total,Servicios,N/A,1965.2
7050,308,13,10,Total,Servicios,N/A,2067.86
7051,309,13,10,Total,Servicios,N/A,1929.63
7052,310,13,10,Total,Servicios,N/A,1795.5
7053,311,13,10,Total,Servicios,N/A,1899.18
7054,312,13,10,Total,Servicios,N/A,2145.61
7055,313,13,10,Total,Servicios,N/A,1893.86
7056,314,13,10,Total,Servicios,N/A,2058.47
7057,315,13,10,Total,Servicios,N/A,1955.62
7058,316,13,10,Total,Servicios,N/A,2072.42
7059,317,13,10,Total,Servicios,N/A,1835.52
7060,318,13,10,Total,Servicios,N/A,2014.08
7061,319,13,10,Total,Servicios,N/A,1907.65
7062,320,13,10,Total,Servicios,N/A,2020.34
7063,321,13,10,Total,Servicios,N/A,1785.24
7064,322,13,10,Total,Servicios,N/A,1992.6
7065,323,13,10,Total,Servicios,N/A,1824.08
7066,324,13,10,Total,Servicios,N/A,2021.96
7067,325,13,10,Total,Servicios,N/A,1779.12
7068,326,13,10,Total,Servicios,N/A,1991.45
7069,327,13,10,Total,Servicios,N/A,1850.1
7070,328,13,10,Total,Servicios,N/A,2011.07
7071,329,13,10,Total,Servicios,N/A,1798.85
7072,330,13,10,Total,Servicios,N/A,1974.41
7073,331,13,10,Total,Servicios,N/A,1852.2
7074,332,13,10,Total,Servicios,N/A,1943.41
7075,333,13,10,Total,Servicios,N/A,1773.93
7076,334,13,10,Total,Servicios,N/A,1947.05
7077,335,13,10,Total,Servicios,N/A,1829.25
7078,336,13,10,Total,Servicios,N/A,2010.93
7079,337,13,10,Total,Servicios,N/A,1830.03
7080,338,13,10,Total,Servicios,N/A,1975.55
7081,339,13,10,Total,Servicios,N/A,1882.24
7082,340,13,10,Total,Servicios,N/A,2035.37
7083,341,13,10,Total,Servicios,N/A,1838.44
7084,342,13,10,Total,Servicios,N/A,1991.62
7085,343,13,10,Total,Servicios,N/A,1918.4
7086,344,13,10,Total,Servicios,N/A,2065.87
7087,345,13,10,Total,Servicios,N/A,1826.98
7088,346,13,10,Total,Servicios,N/A,2051.82
7089,347,13,10,Total,Servicios,N/A,1898.64
7090,348,13,10,Total,Servicios,N/A,2046.22
7091,349,13,10,Total,Servicios,N/A,1809.7
7092,350,13,10,Total,Servicios,N/A,2053.56
7093,351,13,10,Total,Servicios,N/A,1887.16
7094,352,13,10,Total,Servicios,N/A,2012.22
7095,353,13,10,Total,Servicios,N/A,1803.43
7096,354,13,10,Total,Servicios,N/A,1991.7
7097,355,13,10,Total,Servicios,N/A,1833.38
7098,356,13,10,Total,Servicios,N/A,2012.15
7099,357,13,10,Total,Servicios,N/A,1782.05
7100,358,13,10,Total,Servicios,N/A,1936.61
7101,359,13,10,Total,Servicios,N/A,1808.33
7102,289,13,11,Total,"Industria, construcción y servicios (excepto actividades de los hogares como empleadores y de organizaciones y organismos extraterritoriales)",N/A,2066.29
7103,290,13,11,Total,"Industria, construcción y servicios (excepto actividades de los hogares como empleadores y de organizaciones y organismos extraterritoriales)",N/A,2148.21
7104,291,13,11,Total,"Industria, construcción y servicios (excepto actividades de los hogares como empleadores y de organizaciones y organismos extraterritoriales)",N/A,2061.3
7105,292,13,11,Total,"Industria, construcción y servicios (excepto actividades de los hogares como empleadores y de organizaciones y organismos extraterritoriales)",N/A,2176.42
7106,293,13,11,Total,"Industria, construcción y servicios (excepto actividades de los hogares como empleadores y de organizaciones y organismos extraterritoriales)",N/A,2002.5
7107,294,13,11,Total,"Industria, construcción y servicios (excepto actividades de los hogares como empleadores y de organizaciones y organismos extraterritoriales)",N/A,2083.14
7108,295,13,11,Total,"Industria, construcción y servicios (excepto actividades de los hogares como empleadores y de organizaciones y organismos extraterritoriales)",N/A,1944.52
7109,296,13,11,Total,"Industria, construcción y servicios (excepto actividades de los hogares como empleadores y de organizaciones y organismos extraterritoriales)",N/A,2064.97
7110,297,13,11,Total,"Industria, construcción y servicios (excepto actividades de los hogares como empleadores y de organizaciones y organismos extraterritoriales)",N/A,1894.32
7111,298,13,11,Total,"Industria, construcción y servicios (excepto actividades de los hogares como empleadores y de organizaciones y organismos extraterritoriales)",N/A,1997.75
7112,299,13,11,Total,"Industria, construcción y servicios (excepto actividades de los hogares como empleadores y de organizaciones y organismos extraterritoriales)",N/A,1899.5
7113,300,13,11,Total,"Industria, construcción y servicios (excepto actividades de los hogares como empleadores y de organizaciones y organismos extraterritoriales)",N/A,1998.5
7114,301,13,11,Total,"Industria, construcción y servicios (excepto actividades de los hogares como empleadores y de organizaciones y organismos extraterritoriales)",N/A,1868.12
7115,302,13,11,Total,"Industria, construcción y servicios (excepto actividades de los hogares como empleadores y de organizaciones y organismos extraterritoriales)",N/A,1930.72
7116,303,13,11,Total,"Industria, construcción y servicios (excepto actividades de los hogares como empleadores y de organizaciones y organismos extraterritoriales)",N/A,1789.23
7117,304,13,11,Total,"Industria, construcción y servicios (excepto actividades de los hogares como empleadores y de organizaciones y organismos extraterritoriales)",N/A,1913.75
7118,305,13,11,Total,"Industria, construcción y servicios (excepto actividades de los hogares como empleadores y de organizaciones y organismos extraterritoriales)",N/A,1755.27
7119,306,13,11,Total,"Industria, construcción y servicios (excepto actividades de los hogares como empleadores y de organizaciones y organismos extraterritoriales)",N/A,1852.24
7120,307,13,11,Total,"Industria, construcción y servicios (excepto actividades de los hogares como empleadores y de organizaciones y organismos extraterritoriales)",N/A,1729.87
7121,308,13,11,Total,"Industria, construcción y servicios (excepto actividades de los hogares como empleadores y de organizaciones y organismos extraterritoriales)",N/A,1823.65
7122,309,13,11,Total,"Industria, construcción y servicios (excepto actividades de los hogares como empleadores y de organizaciones y organismos extraterritoriales)",N/A,1646.15
7123,310,13,11,Total,"Industria, construcción y servicios (excepto actividades de los hogares como empleadores y de organizaciones y organismos extraterritoriales)",N/A,1555.28
7124,311,13,11,Total,"Industria, construcción y servicios (excepto actividades de los hogares como empleadores y de organizaciones y organismos extraterritoriales)",N/A,1704.65
7125,312,13,11,Total,"Industria, construcción y servicios (excepto actividades de los hogares como empleadores y de organizaciones y organismos extraterritoriales)",N/A,1812.73
7126,313,13,11,Total,"Industria, construcción y servicios (excepto actividades de los hogares como empleadores y de organizaciones y organismos extraterritoriales)",N/A,1685.17
7127,314,13,11,Total,"Industria, construcción y servicios (excepto actividades de los hogares como empleadores y de organizaciones y organismos extraterritoriales)",N/A,1751.85
7128,315,13,11,Total,"Industria, construcción y servicios (excepto actividades de los hogares como empleadores y de organizaciones y organismos extraterritoriales)",N/A,1669.57
7129,316,13,11,Total,"Industria, construcción y servicios (excepto actividades de los hogares como empleadores y de organizaciones y organismos extraterritoriales)",N/A,1781.7
7130,317,13,11,Total,"Industria, construcción y servicios (excepto actividades de los hogares como empleadores y de organizaciones y organismos extraterritoriales)",N/A,1664.51
7131,318,13,11,Total,"Industria, construcción y servicios (excepto actividades de los hogares como empleadores y de organizaciones y organismos extraterritoriales)",N/A,1743.67
7132,319,13,11,Total,"Industria, construcción y servicios (excepto actividades de los hogares como empleadores y de organizaciones y organismos extraterritoriales)",N/A,1636.74
7133,320,13,11,Total,"Industria, construcción y servicios (excepto actividades de los hogares como empleadores y de organizaciones y organismos extraterritoriales)",N/A,1811.33
7134,321,13,11,Total,"Industria, construcción y servicios (excepto actividades de los hogares como empleadores y de organizaciones y organismos extraterritoriales)",N/A,1623.73
7135,322,13,11,Total,"Industria, construcción y servicios (excepto actividades de los hogares como empleadores y de organizaciones y organismos extraterritoriales)",N/A,1751.59
7136,323,13,11,Total,"Industria, construcción y servicios (excepto actividades de los hogares como empleadores y de organizaciones y organismos extraterritoriales)",N/A,1652.44
7137,324,13,11,Total,"Industria, construcción y servicios (excepto actividades de los hogares como empleadores y de organizaciones y organismos extraterritoriales)",N/A,1762.01
7138,325,13,11,Total,"Industria, construcción y servicios (excepto actividades de los hogares como empleadores y de organizaciones y organismos extraterritoriales)",N/A,1641.69
7139,326,13,11,Total,"Industria, construcción y servicios (excepto actividades de los hogares como empleadores y de organizaciones y organismos extraterritoriales)",N/A,1712.42
7140,327,13,11,Total,"Industria, construcción y servicios (excepto actividades de los hogares como empleadores y de organizaciones y organismos extraterritoriales)",N/A,1619.74
7141,328,13,11,Total,"Industria, construcción y servicios (excepto actividades de los hogares como empleadores y de organizaciones y organismos extraterritoriales)",N/A,1761.71
7142,329,13,11,Total,"Industria, construcción y servicios (excepto actividades de los hogares como empleadores y de organizaciones y organismos extraterritoriales)",N/A,1597.23
7143,330,13,11,Total,"Industria, construcción y servicios (excepto actividades de los hogares como empleadores y de organizaciones y organismos extraterritoriales)",N/A,1679.96
7144,331,13,11,Total,"Industria, construcción y servicios (excepto actividades de los hogares como empleadores y de organizaciones y organismos extraterritoriales)",N/A,1622.9
7145,332,13,11,Total,"Industria, construcción y servicios (excepto actividades de los hogares como empleadores y de organizaciones y organismos extraterritoriales)",N/A,1740.57
7146,333,13,11,Total,"Industria, construcción y servicios (excepto actividades de los hogares como empleadores y de organizaciones y organismos extraterritoriales)",N/A,1568.2
7147,334,13,11,Total,"Industria, construcción y servicios (excepto actividades de los hogares como empleadores y de organizaciones y organismos extraterritoriales)",N/A,1706.28
7148,335,13,11,Total,"Industria, construcción y servicios (excepto actividades de los hogares como empleadores y de organizaciones y organismos extraterritoriales)",N/A,1606.29
7149,336,13,11,Total,"Industria, construcción y servicios (excepto actividades de los hogares como empleadores y de organizaciones y organismos extraterritoriales)",N/A,1755.14
7150,337,13,11,Total,"Industria, construcción y servicios (excepto actividades de los hogares como empleadores y de organizaciones y organismos extraterritoriales)",N/A,1602.88
7151,338,13,11,Total,"Industria, construcción y servicios (excepto actividades de los hogares como empleadores y de organizaciones y organismos extraterritoriales)",N/A,1714.02
7152,339,13,11,Total,"Industria, construcción y servicios (excepto actividades de los hogares como empleadores y de organizaciones y organismos extraterritoriales)",N/A,1628.32
7153,340,13,11,Total,"Industria, construcción y servicios (excepto actividades de los hogares como empleadores y de organizaciones y organismos extraterritoriales)",N/A,1771.95
7154,341,13,11,Total,"Industria, construcción y servicios (excepto actividades de los hogares como empleadores y de organizaciones y organismos extraterritoriales)",N/A,1602.62
7155,342,13,11,Total,"Industria, construcción y servicios (excepto actividades de los hogares como empleadores y de organizaciones y organismos extraterritoriales)",N/A,1749.56
7156,343,13,11,Total,"Industria, construcción y servicios (excepto actividades de los hogares como empleadores y de organizaciones y organismos extraterritoriales)",N/A,1660.18
7157,344,13,11,Total,"Industria, construcción y servicios (excepto actividades de los hogares como empleadores y de organizaciones y organismos extraterritoriales)",N/A,1778.33
7158,345,13,11,Total,"Industria, construcción y servicios (excepto actividades de los hogares como empleadores y de organizaciones y organismos extraterritoriales)",N/A,1604.43
7159,346,13,11,Total,"Industria, construcción y servicios (excepto actividades de los hogares como empleadores y de organizaciones y organismos extraterritoriales)",N/A,1751.46
7160,347,13,11,Total,"Industria, construcción y servicios (excepto actividades de los hogares como empleadores y de organizaciones y organismos extraterritoriales)",N/A,1660.54
7161,348,13,11,Total,"Industria, construcción y servicios (excepto actividades de los hogares como empleadores y de organizaciones y organismos extraterritoriales)",N/A,1772.76
7162,349,13,11,Total,"Industria, construcción y servicios (excepto actividades de los hogares como empleadores y de organizaciones y organismos extraterritoriales)",N/A,1578.24
7163,350,13,11,Total,"Industria, construcción y servicios (excepto actividades de los hogares como empleadores y de organizaciones y organismos extraterritoriales)",N/A,1713.71
7164,351,13,11,Total,"Industria, construcción y servicios (excepto actividades de los hogares como empleadores y de organizaciones y organismos extraterritoriales)",N/A,1629.15
7165,352,13,11,Total,"Industria, construcción y servicios (excepto actividades de los hogares como empleadores y de organizaciones y organismos extraterritoriales)",N/A,1761.28
7166,353,13,11,Total,"Industria, construcción y servicios (excepto actividades de los hogares como empleadores y de organizaciones y organismos extraterritoriales)",N/A,1583.56
7167,354,13,11,Total,"Industria, construcción y servicios (excepto actividades de los hogares como empleadores y de organizaciones y organismos extraterritoriales)",N/A,1688.8
7168,355,13,11,Total,"Industria, construcción y servicios (excepto actividades de los hogares como empleadores y de organizaciones y organismos extraterritoriales)",N/A,1587.09
7169,356,13,11,Total,"Industria, construcción y servicios (excepto actividades de los hogares como empleadores y de organizaciones y organismos extraterritoriales)",N/A,1722.43
7170,357,13,11,Total,"Industria, construcción y servicios (excepto actividades de los hogares como empleadores y de organizaciones y organismos extraterritoriales)",N/A,1529.71
7171,358,13,11,Total,"Industria, construcción y servicios (excepto actividades de los hogares como empleadores y de organizaciones y organismos extraterritoriales)",N/A,1629.46
7172,359,13,11,Total,"Industria, construcción y servicios (excepto actividades de los hogares como empleadores y de organizaciones y organismos extraterritoriales)",N/A,1532.4
7173,289,13,11,Total,Industria,N/A,2229.83
7174,290,13,11,Total,Industria,N/A,2318.02
7175,291,13,11,Total,Industria,N/A,2233.11
7176,292,13,11,Total,Industria,N/A,2361.5
7177,293,13,11,Total,Industria,N/A,2110.08
7178,294,13,11,Total,Industria,N/A,2233.17
7179,295,13,11,Total,Industria,N/A,2124.67
7180,296,13,11,Total,Industria,N/A,2295.52
7181,297,13,11,Total,Industria,N/A,2058.32
7182,298,13,11,Total,Industria,N/A,2169.24
7183,299,13,11,Total,Industria,N/A,2116.73
7184,300,13,11,Total,Industria,N/A,2241.93
7185,301,13,11,Total,Industria,N/A,1992.74
7186,302,13,11,Total,Industria,N/A,2126.69
7187,303,13,11,Total,Industria,N/A,2027.37
7188,304,13,11,Total,Industria,N/A,2138.45
7189,305,13,11,Total,Industria,N/A,1912.38
7190,306,13,11,Total,Industria,N/A,2001.47
7191,307,13,11,Total,Industria,N/A,1945.41
7192,308,13,11,Total,Industria,N/A,2045.34
7193,309,13,11,Total,Industria,N/A,1845.6
7194,310,13,11,Total,Industria,N/A,1801.54
7195,311,13,11,Total,Industria,N/A,1907.15
7196,312,13,11,Total,Industria,N/A,2069.42
7197,313,13,11,Total,Industria,N/A,1891.36
7198,314,13,11,Total,Industria,N/A,1992.55
7199,315,13,11,Total,Industria,N/A,1901.34
7200,316,13,11,Total,Industria,N/A,2009.63
7201,317,13,11,Total,Industria,N/A,1857.36
7202,318,13,11,Total,Industria,N/A,1950.3
7203,319,13,11,Total,Industria,N/A,1836.61
7204,320,13,11,Total,Industria,N/A,2017.66
7205,321,13,11,Total,Industria,N/A,1851.57
7206,322,13,11,Total,Industria,N/A,1953.65
7207,323,13,11,Total,Industria,N/A,1854.74
7208,324,13,11,Total,Industria,N/A,1949.25
7209,325,13,11,Total,Industria,N/A,1821.13
7210,326,13,11,Total,Industria,N/A,1928.55
7211,327,13,11,Total,Industria,N/A,1831.67
7212,328,13,11,Total,Industria,N/A,1965.21
7213,329,13,11,Total,Industria,N/A,1835.91
7214,330,13,11,Total,Industria,N/A,1927.96
7215,331,13,11,Total,Industria,N/A,1832.47
7216,332,13,11,Total,Industria,N/A,1997.17
7217,333,13,11,Total,Industria,N/A,1792.59
7218,334,13,11,Total,Industria,N/A,1946.93
7219,335,13,11,Total,Industria,N/A,1860.64
7220,336,13,11,Total,Industria,N/A,1977.24
7221,337,13,11,Total,Industria,N/A,1767.51
7222,338,13,11,Total,Industria,N/A,1892.68
7223,339,13,11,Total,Industria,N/A,1796.66
7224,340,13,11,Total,Industria,N/A,1948.7
7225,341,13,11,Total,Industria,N/A,1754.1
7226,342,13,11,Total,Industria,N/A,1860.84
7227,343,13,11,Total,Industria,N/A,1791.48
7228,344,13,11,Total,Industria,N/A,1963.06
7229,345,13,11,Total,Industria,N/A,1744.48
7230,346,13,11,Total,Industria,N/A,1857.98
7231,347,13,11,Total,Industria,N/A,1797.71
7232,348,13,11,Total,Industria,N/A,1942.76
7233,349,13,11,Total,Industria,N/A,1691.24
7234,350,13,11,Total,Industria,N/A,1776.4
7235,351,13,11,Total,Industria,N/A,1724.35
7236,352,13,11,Total,Industria,N/A,1879.73
7237,353,13,11,Total,Industria,N/A,1659.71
7238,354,13,11,Total,Industria,N/A,1734.54
7239,355,13,11,Total,Industria,N/A,1680.3
7240,356,13,11,Total,Industria,N/A,1808.45
7241,357,13,11,Total,Industria,N/A,1604.52
7242,358,13,11,Total,Industria,N/A,1693.14
7243,359,13,11,Total,Industria,N/A,1637.62
7244,289,13,11,Total,Construcción,N/A,1855.33
7245,290,13,11,Total,Construcción,N/A,2151.97
7246,291,13,11,Total,Construcción,N/A,1823.56
7247,292,13,11,Total,Construcción,N/A,2153.2
7248,293,13,11,Total,Construcción,N/A,1740.46
7249,294,13,11,Total,Construcción,N/A,2027.94
7250,295,13,11,Total,Construcción,N/A,1727.6
7251,296,13,11,Total,Construcción,N/A,2114.6
7252,297,13,11,Total,Construcción,N/A,1689.69
7253,298,13,11,Total,Construcción,N/A,2030.25
7254,299,13,11,Total,Construcción,N/A,1677.78
7255,300,13,11,Total,Construcción,N/A,1988.54
7256,301,13,11,Total,Construcción,N/A,1601.12
7257,302,13,11,Total,Construcción,N/A,1853.93
7258,303,13,11,Total,Construcción,N/A,1642.37
7259,304,13,11,Total,Construcción,N/A,1894.76
7260,305,13,11,Total,Construcción,N/A,1642.76
7261,306,13,11,Total,Construcción,N/A,1770.28
7262,307,13,11,Total,Construcción,N/A,1550.53
7263,308,13,11,Total,Construcción,N/A,1879.79
7264,309,13,11,Total,Construcción,N/A,1579.78
7265,310,13,11,Total,Construcción,N/A,1676.08
7266,311,13,11,Total,Construcción,N/A,1573.47
7267,312,13,11,Total,Construcción,N/A,1866.55
7268,313,13,11,Total,Construcción,N/A,1623.06
7269,314,13,11,Total,Construcción,N/A,1788.29
7270,315,13,11,Total,Construcción,N/A,1560.92
7271,316,13,11,Total,Construcción,N/A,1897.01
7272,317,13,11,Total,Construcción,N/A,1596.25
7273,318,13,11,Total,Construcción,N/A,1824.73
7274,319,13,11,Total,Construcción,N/A,1533.17
7275,320,13,11,Total,Construcción,N/A,1832.57
7276,321,13,11,Total,Construcción,N/A,1531.96
7277,322,13,11,Total,Construcción,N/A,1766.25
7278,323,13,11,Total,Construcción,N/A,1532.57
7279,324,13,11,Total,Construcción,N/A,1749.5
7280,325,13,11,Total,Construcción,N/A,1605.73
7281,326,13,11,Total,Construcción,N/A,1742.84
7282,327,13,11,Total,Construcción,N/A,1540.54
7283,328,13,11,Total,Construcción,N/A,1978.83
7284,329,13,11,Total,Construcción,N/A,1723.63
7285,330,13,11,Total,Construcción,N/A,1954.62
7286,331,13,11,Total,Construcción,N/A,1764.77
7287,332,13,11,Total,Construcción,N/A,1887.61
7288,333,13,11,Total,Construcción,N/A,1627.11
7289,334,13,11,Total,Construcción,N/A,1960.15
7290,335,13,11,Total,Construcción,N/A,1682.99
7291,336,13,11,Total,Construcción,N/A,1887.65
7292,337,13,11,Total,Construcción,N/A,1596.5
7293,338,13,11,Total,Construcción,N/A,1823.89
7294,339,13,11,Total,Construcción,N/A,1541.18
7295,340,13,11,Total,Construcción,N/A,1865.4
7296,341,13,11,Total,Construcción,N/A,1560.65
7297,342,13,11,Total,Construcción,N/A,2008.34
7298,343,13,11,Total,Construcción,N/A,1648.15
7299,344,13,11,Total,Construcción,N/A,1833.32
7300,345,13,11,Total,Construcción,N/A,1558.0
7301,346,13,11,Total,Construcción,N/A,1831.39
7302,347,13,11,Total,Construcción,N/A,1562.26
7303,348,13,11,Total,Construcción,N/A,1802.69
7304,349,13,11,Total,Construcción,N/A,1520.8
7305,350,13,11,Total,Construcción,N/A,1804.69
7306,351,13,11,Total,Construcción,N/A,1511.29
7307,352,13,11,Total,Construcción,N/A,1850.24
7308,353,13,11,Total,Construcción,N/A,1592.34
7309,354,13,11,Total,Construcción,N/A,1728.9
7310,355,13,11,Total,Construcción,N/A,1532.23
7311,356,13,11,Total,Construcción,N/A,1644.28
7312,357,13,11,Total,Construcción,N/A,1459.74
7313,358,13,11,Total,Construcción,N/A,1559.72
7314,359,13,11,Total,Construcción,N/A,1432.39
7315,289,13,11,Total,Servicios,N/A,2049.05
7316,290,13,11,Total,Servicios,N/A,2111.46
7317,291,13,11,Total,Servicios,N/A,2043.64
7318,292,13,11,Total,Servicios,N/A,2138.45
7319,293,13,11,Total,Servicios,N/A,1998.96
7320,294,13,11,Total,Servicios,N/A,2054.69
7321,295,13,11,Total,Servicios,N/A,1922.3
7322,296,13,11,Total,Servicios,N/A,2009.61
7323,297,13,11,Total,Servicios,N/A,1874.16
7324,298,13,11,Total,Servicios,N/A,1956.09
7325,299,13,11,Total,Servicios,N/A,1868.58
7326,300,13,11,Total,Servicios,N/A,1942.7
7327,301,13,11,Total,Servicios,N/A,1861.6
7328,302,13,11,Total,Servicios,N/A,1892.14
7329,303,13,11,Total,Servicios,N/A,1746.62
7330,304,13,11,Total,Servicios,N/A,1862.78
7331,305,13,11,Total,Servicios,N/A,1727.43
7332,306,13,11,Total,Servicios,N/A,1824.07
7333,307,13,11,Total,Servicios,N/A,1693.94
7334,308,13,11,Total,Servicios,N/A,1768.3
7335,309,13,11,Total,Servicios,N/A,1605.28
7336,310,13,11,Total,Servicios,N/A,1491.48
7337,311,13,11,Total,Servicios,N/A,1668.5
7338,312,13,11,Total,Servicios,N/A,1747.73
7339,313,13,11,Total,Servicios,N/A,1640.71
7340,314,13,11,Total,Servicios,N/A,1691.85
7341,315,13,11,Total,Servicios,N/A,1623.15
7342,316,13,11,Total,Servicios,N/A,1716.45
7343,317,13,11,Total,Servicios,N/A,1622.66
7344,318,13,11,Total,Servicios,N/A,1685.65
7345,319,13,11,Total,Servicios,N/A,1594.72
7346,320,13,11,Total,Servicios,N/A,1759.18
7347,321,13,11,Total,Servicios,N/A,1574.91
7348,322,13,11,Total,Servicios,N/A,1700.35
7349,323,13,11,Total,Servicios,N/A,1610.54
7350,324,13,11,Total,Servicios,N/A,1715.42
7351,325,13,11,Total,Servicios,N/A,1599.09
7352,326,13,11,Total,Servicios,N/A,1655.72
7353,327,13,11,Total,Servicios,N/A,1571.2
7354,328,13,11,Total,Servicios,N/A,1696.74
7355,329,13,11,Total,Servicios,N/A,1530.18
7356,330,13,11,Total,Servicios,N/A,1599.96
7357,331,13,11,Total,Servicios,N/A,1560.27
7358,332,13,11,Total,Servicios,N/A,1667.21
7359,333,13,11,Total,Servicios,N/A,1508.79
7360,334,13,11,Total,Servicios,N/A,1630.35
7361,335,13,11,Total,Servicios,N/A,1536.96
7362,336,13,11,Total,Servicios,N/A,1690.34
7363,337,13,11,Total,Servicios,N/A,1562.62
7364,338,13,11,Total,Servicios,N/A,1661.19
7365,339,13,11,Total,Servicios,N/A,1592.02
7366,340,13,11,Total,Servicios,N/A,1720.69
7367,341,13,11,Total,Servicios,N/A,1568.13
7368,342,13,11,Total,Servicios,N/A,1702.46
7369,343,13,11,Total,Servicios,N/A,1628.28
7370,344,13,11,Total,Servicios,N/A,1725.82
7371,345,13,11,Total,Servicios,N/A,1572.98
7372,346,13,11,Total,Servicios,N/A,1714.5
7373,347,13,11,Total,Servicios,N/A,1635.54
7374,348,13,11,Total,Servicios,N/A,1724.99
7375,349,13,11,Total,Servicios,N/A,1554.71
7376,350,13,11,Total,Servicios,N/A,1684.63
7377,351,13,11,Total,Servicios,N/A,1618.4
7378,352,13,11,Total,Servicios,N/A,1716.85
7379,353,13,11,Total,Servicios,N/A,1561.14
7380,354,13,11,Total,Servicios,N/A,1668.96
7381,355,13,11,Total,Servicios,N/A,1570.02
7382,356,13,11,Total,Servicios,N/A,1710.99
7383,357,13,11,Total,Servicios,N/A,1521.2
7384,358,13,11,Total,Servicios,N/A,1623.59
7385,359,13,11,Total,Servicios,N/A,1521.13
7386,289,13,12,Total,"Industria, construcción y servicios (excepto actividades de los hogares como empleadores y de organizaciones y organismos extraterritoriales)",N/A,1908.16
7387,290,13,12,Total,"Industria, construcción y servicios (excepto actividades de los hogares como empleadores y de organizaciones y organismos extraterritoriales)",N/A,1973.87
7388,291,13,12,Total,"Industria, construcción y servicios (excepto actividades de los hogares como empleadores y de organizaciones y organismos extraterritoriales)",N/A,1835.71
7389,292,13,12,Total,"Industria, construcción y servicios (excepto actividades de los hogares como empleadores y de organizaciones y organismos extraterritoriales)",N/A,2005.7
7390,293,13,12,Total,"Industria, construcción y servicios (excepto actividades de los hogares como empleadores y de organizaciones y organismos extraterritoriales)",N/A,1815.48
7391,294,13,12,Total,"Industria, construcción y servicios (excepto actividades de los hogares como empleadores y de organizaciones y organismos extraterritoriales)",N/A,1931.81
7392,295,13,12,Total,"Industria, construcción y servicios (excepto actividades de los hogares como empleadores y de organizaciones y organismos extraterritoriales)",N/A,1754.99
7393,296,13,12,Total,"Industria, construcción y servicios (excepto actividades de los hogares como empleadores y de organizaciones y organismos extraterritoriales)",N/A,1864.62
7394,297,13,12,Total,"Industria, construcción y servicios (excepto actividades de los hogares como empleadores y de organizaciones y organismos extraterritoriales)",N/A,1650.34
7395,298,13,12,Total,"Industria, construcción y servicios (excepto actividades de los hogares como empleadores y de organizaciones y organismos extraterritoriales)",N/A,1781.61
7396,299,13,12,Total,"Industria, construcción y servicios (excepto actividades de los hogares como empleadores y de organizaciones y organismos extraterritoriales)",N/A,1631.83
7397,300,13,12,Total,"Industria, construcción y servicios (excepto actividades de los hogares como empleadores y de organizaciones y organismos extraterritoriales)",N/A,1866.23
7398,301,13,12,Total,"Industria, construcción y servicios (excepto actividades de los hogares como empleadores y de organizaciones y organismos extraterritoriales)",N/A,1631.47
7399,302,13,12,Total,"Industria, construcción y servicios (excepto actividades de los hogares como empleadores y de organizaciones y organismos extraterritoriales)",N/A,1734.47
7400,303,13,12,Total,"Industria, construcción y servicios (excepto actividades de los hogares como empleadores y de organizaciones y organismos extraterritoriales)",N/A,1561.62
7401,304,13,12,Total,"Industria, construcción y servicios (excepto actividades de los hogares como empleadores y de organizaciones y organismos extraterritoriales)",N/A,1732.76
7402,305,13,12,Total,"Industria, construcción y servicios (excepto actividades de los hogares como empleadores y de organizaciones y organismos extraterritoriales)",N/A,1525.24
7403,306,13,12,Total,"Industria, construcción y servicios (excepto actividades de los hogares como empleadores y de organizaciones y organismos extraterritoriales)",N/A,1699.7
7404,307,13,12,Total,"Industria, construcción y servicios (excepto actividades de los hogares como empleadores y de organizaciones y organismos extraterritoriales)",N/A,1520.68
7405,308,13,12,Total,"Industria, construcción y servicios (excepto actividades de los hogares como empleadores y de organizaciones y organismos extraterritoriales)",N/A,1687.2
7406,309,13,12,Total,"Industria, construcción y servicios (excepto actividades de los hogares como empleadores y de organizaciones y organismos extraterritoriales)",N/A,1440.24
7407,310,13,12,Total,"Industria, construcción y servicios (excepto actividades de los hogares como empleadores y de organizaciones y organismos extraterritoriales)",N/A,1533.57
7408,311,13,12,Total,"Industria, construcción y servicios (excepto actividades de los hogares como empleadores y de organizaciones y organismos extraterritoriales)",N/A,1494.79
7409,312,13,12,Total,"Industria, construcción y servicios (excepto actividades de los hogares como empleadores y de organizaciones y organismos extraterritoriales)",N/A,1733.26
7410,313,13,12,Total,"Industria, construcción y servicios (excepto actividades de los hogares como empleadores y de organizaciones y organismos extraterritoriales)",N/A,1513.35
7411,314,13,12,Total,"Industria, construcción y servicios (excepto actividades de los hogares como empleadores y de organizaciones y organismos extraterritoriales)",N/A,1672.77
7412,315,13,12,Total,"Industria, construcción y servicios (excepto actividades de los hogares como empleadores y de organizaciones y organismos extraterritoriales)",N/A,1471.15
7413,316,13,12,Total,"Industria, construcción y servicios (excepto actividades de los hogares como empleadores y de organizaciones y organismos extraterritoriales)",N/A,1683.28
7414,317,13,12,Total,"Industria, construcción y servicios (excepto actividades de los hogares como empleadores y de organizaciones y organismos extraterritoriales)",N/A,1495.24
7415,318,13,12,Total,"Industria, construcción y servicios (excepto actividades de los hogares como empleadores y de organizaciones y organismos extraterritoriales)",N/A,1610.56
7416,319,13,12,Total,"Industria, construcción y servicios (excepto actividades de los hogares como empleadores y de organizaciones y organismos extraterritoriales)",N/A,1426.13
7417,320,13,12,Total,"Industria, construcción y servicios (excepto actividades de los hogares como empleadores y de organizaciones y organismos extraterritoriales)",N/A,1637.43
7418,321,13,12,Total,"Industria, construcción y servicios (excepto actividades de los hogares como empleadores y de organizaciones y organismos extraterritoriales)",N/A,1487.86
7419,322,13,12,Total,"Industria, construcción y servicios (excepto actividades de los hogares como empleadores y de organizaciones y organismos extraterritoriales)",N/A,1580.51
7420,323,13,12,Total,"Industria, construcción y servicios (excepto actividades de los hogares como empleadores y de organizaciones y organismos extraterritoriales)",N/A,1438.02
7421,324,13,12,Total,"Industria, construcción y servicios (excepto actividades de los hogares como empleadores y de organizaciones y organismos extraterritoriales)",N/A,1647.95
7422,325,13,12,Total,"Industria, construcción y servicios (excepto actividades de los hogares como empleadores y de organizaciones y organismos extraterritoriales)",N/A,1465.11
7423,326,13,12,Total,"Industria, construcción y servicios (excepto actividades de los hogares como empleadores y de organizaciones y organismos extraterritoriales)",N/A,1616.16
7424,327,13,12,Total,"Industria, construcción y servicios (excepto actividades de los hogares como empleadores y de organizaciones y organismos extraterritoriales)",N/A,1500.17
7425,328,13,12,Total,"Industria, construcción y servicios (excepto actividades de los hogares como empleadores y de organizaciones y organismos extraterritoriales)",N/A,1686.8
7426,329,13,12,Total,"Industria, construcción y servicios (excepto actividades de los hogares como empleadores y de organizaciones y organismos extraterritoriales)",N/A,1465.28
7427,330,13,12,Total,"Industria, construcción y servicios (excepto actividades de los hogares como empleadores y de organizaciones y organismos extraterritoriales)",N/A,1600.25
7428,331,13,12,Total,"Industria, construcción y servicios (excepto actividades de los hogares como empleadores y de organizaciones y organismos extraterritoriales)",N/A,1505.44
7429,332,13,12,Total,"Industria, construcción y servicios (excepto actividades de los hogares como empleadores y de organizaciones y organismos extraterritoriales)",N/A,1648.53
7430,333,13,12,Total,"Industria, construcción y servicios (excepto actividades de los hogares como empleadores y de organizaciones y organismos extraterritoriales)",N/A,1476.07
7431,334,13,12,Total,"Industria, construcción y servicios (excepto actividades de los hogares como empleadores y de organizaciones y organismos extraterritoriales)",N/A,1603.42
7432,335,13,12,Total,"Industria, construcción y servicios (excepto actividades de los hogares como empleadores y de organizaciones y organismos extraterritoriales)",N/A,1487.37
7433,336,13,12,Total,"Industria, construcción y servicios (excepto actividades de los hogares como empleadores y de organizaciones y organismos extraterritoriales)",N/A,1621.43
7434,337,13,12,Total,"Industria, construcción y servicios (excepto actividades de los hogares como empleadores y de organizaciones y organismos extraterritoriales)",N/A,1450.44
7435,338,13,12,Total,"Industria, construcción y servicios (excepto actividades de los hogares como empleadores y de organizaciones y organismos extraterritoriales)",N/A,1603.56
7436,339,13,12,Total,"Industria, construcción y servicios (excepto actividades de los hogares como empleadores y de organizaciones y organismos extraterritoriales)",N/A,1459.47
7437,340,13,12,Total,"Industria, construcción y servicios (excepto actividades de los hogares como empleadores y de organizaciones y organismos extraterritoriales)",N/A,1588.27
7438,341,13,12,Total,"Industria, construcción y servicios (excepto actividades de los hogares como empleadores y de organizaciones y organismos extraterritoriales)",N/A,1516.49
7439,342,13,12,Total,"Industria, construcción y servicios (excepto actividades de los hogares como empleadores y de organizaciones y organismos extraterritoriales)",N/A,1704.84
7440,343,13,12,Total,"Industria, construcción y servicios (excepto actividades de los hogares como empleadores y de organizaciones y organismos extraterritoriales)",N/A,1547.31
7441,344,13,12,Total,"Industria, construcción y servicios (excepto actividades de los hogares como empleadores y de organizaciones y organismos extraterritoriales)",N/A,1742.36
7442,345,13,12,Total,"Industria, construcción y servicios (excepto actividades de los hogares como empleadores y de organizaciones y organismos extraterritoriales)",N/A,1519.78
7443,346,13,12,Total,"Industria, construcción y servicios (excepto actividades de los hogares como empleadores y de organizaciones y organismos extraterritoriales)",N/A,1707.1
7444,347,13,12,Total,"Industria, construcción y servicios (excepto actividades de los hogares como empleadores y de organizaciones y organismos extraterritoriales)",N/A,1511.81
7445,348,13,12,Total,"Industria, construcción y servicios (excepto actividades de los hogares como empleadores y de organizaciones y organismos extraterritoriales)",N/A,1698.01
7446,349,13,12,Total,"Industria, construcción y servicios (excepto actividades de los hogares como empleadores y de organizaciones y organismos extraterritoriales)",N/A,1488.67
7447,350,13,12,Total,"Industria, construcción y servicios (excepto actividades de los hogares como empleadores y de organizaciones y organismos extraterritoriales)",N/A,1679.72
7448,351,13,12,Total,"Industria, construcción y servicios (excepto actividades de los hogares como empleadores y de organizaciones y organismos extraterritoriales)",N/A,1520.33
7449,352,13,12,Total,"Industria, construcción y servicios (excepto actividades de los hogares como empleadores y de organizaciones y organismos extraterritoriales)",N/A,1730.24
7450,353,13,12,Total,"Industria, construcción y servicios (excepto actividades de los hogares como empleadores y de organizaciones y organismos extraterritoriales)",N/A,1479.79
7451,354,13,12,Total,"Industria, construcción y servicios (excepto actividades de los hogares como empleadores y de organizaciones y organismos extraterritoriales)",N/A,1602.51
7452,355,13,12,Total,"Industria, construcción y servicios (excepto actividades de los hogares como empleadores y de organizaciones y organismos extraterritoriales)",N/A,1455.97
7453,356,13,12,Total,"Industria, construcción y servicios (excepto actividades de los hogares como empleadores y de organizaciones y organismos extraterritoriales)",N/A,1634.18
7454,357,13,12,Total,"Industria, construcción y servicios (excepto actividades de los hogares como empleadores y de organizaciones y organismos extraterritoriales)",N/A,1419.79
7455,358,13,12,Total,"Industria, construcción y servicios (excepto actividades de los hogares como empleadores y de organizaciones y organismos extraterritoriales)",N/A,1522.57
7456,359,13,12,Total,"Industria, construcción y servicios (excepto actividades de los hogares como empleadores y de organizaciones y organismos extraterritoriales)",N/A,1396.26
7457,289,13,12,Total,Industria,N/A,2042.77
7458,290,13,12,Total,Industria,N/A,2135.62
7459,291,13,12,Total,Industria,N/A,2024.37
7460,292,13,12,Total,Industria,N/A,2062.43
7461,293,13,12,Total,Industria,N/A,1955.26
7462,294,13,12,Total,Industria,N/A,2100.12
7463,295,13,12,Total,Industria,N/A,1918.11
7464,296,13,12,Total,Industria,N/A,1967.75
7465,297,13,12,Total,Industria,N/A,1900.59
7466,298,13,12,Total,Industria,N/A,1991.73
7467,299,13,12,Total,Industria,N/A,1860.56
7468,300,13,12,Total,Industria,N/A,1988.92
7469,301,13,12,Total,Industria,N/A,1844.23
7470,302,13,12,Total,Industria,N/A,1920.65
7471,303,13,12,Total,Industria,N/A,1796.45
7472,304,13,12,Total,Industria,N/A,1838.6
7473,305,13,12,Total,Industria,N/A,1680.81
7474,306,13,12,Total,Industria,N/A,1823.07
7475,307,13,12,Total,Industria,N/A,1802.8
7476,308,13,12,Total,Industria,N/A,1844.94
7477,309,13,12,Total,Industria,N/A,1675.64
7478,310,13,12,Total,Industria,N/A,1892.2
7479,311,13,12,Total,Industria,N/A,1750.63
7480,312,13,12,Total,Industria,N/A,1889.62
7481,313,13,12,Total,Industria,N/A,1678.91
7482,314,13,12,Total,Industria,N/A,1803.04
7483,315,13,12,Total,Industria,N/A,1690.6
7484,316,13,12,Total,Industria,N/A,1829.24
7485,317,13,12,Total,Industria,N/A,1621.86
7486,318,13,12,Total,Industria,N/A,1893.66
7487,319,13,12,Total,Industria,N/A,1627.11
7488,320,13,12,Total,Industria,N/A,1839.2
7489,321,13,12,Total,Industria,N/A,1660.77
7490,322,13,12,Total,Industria,N/A,1730.79
7491,323,13,12,Total,Industria,N/A,1638.12
7492,324,13,12,Total,Industria,N/A,1721.59
7493,325,13,12,Total,Industria,N/A,1596.46
7494,326,13,12,Total,Industria,N/A,1716.4
7495,327,13,12,Total,Industria,N/A,1680.82
7496,328,13,12,Total,Industria,N/A,1725.1
7497,329,13,12,Total,Industria,N/A,1705.19
7498,330,13,12,Total,Industria,N/A,1733.2
7499,331,13,12,Total,Industria,N/A,1669.93
7500,332,13,12,Total,Industria,N/A,1741.49
7501,333,13,12,Total,Industria,N/A,1624.7
7502,334,13,12,Total,Industria,N/A,1743.63
7503,335,13,12,Total,Industria,N/A,1674.71
7504,336,13,12,Total,Industria,N/A,1781.24
7505,337,13,12,Total,Industria,N/A,1619.63
7506,338,13,12,Total,Industria,N/A,1812.89
7507,339,13,12,Total,Industria,N/A,1639.99
7508,340,13,12,Total,Industria,N/A,1837.22
7509,341,13,12,Total,Industria,N/A,1614.04
7510,342,13,12,Total,Industria,N/A,1799.23
7511,343,13,12,Total,Industria,N/A,1708.28
7512,344,13,12,Total,Industria,N/A,1800.89
7513,345,13,12,Total,Industria,N/A,1575.74
7514,346,13,12,Total,Industria,N/A,1751.05
7515,347,13,12,Total,Industria,N/A,1605.39
7516,348,13,12,Total,Industria,N/A,1657.0
7517,349,13,12,Total,Industria,N/A,1505.49
7518,350,13,12,Total,Industria,N/A,1641.93
7519,351,13,12,Total,Industria,N/A,1558.82
7520,352,13,12,Total,Industria,N/A,1658.96
7521,353,13,12,Total,Industria,N/A,1472.54
7522,354,13,12,Total,Industria,N/A,1643.9
7523,355,13,12,Total,Industria,N/A,1485.09
7524,356,13,12,Total,Industria,N/A,1639.7
7525,357,13,12,Total,Industria,N/A,1492.81
7526,358,13,12,Total,Industria,N/A,1589.63
7527,359,13,12,Total,Industria,N/A,1492.2
7528,289,13,12,Total,Construcción,N/A,1762.1
7529,290,13,12,Total,Construcción,N/A,1802.3
7530,291,13,12,Total,Construcción,N/A,1725.12
7531,292,13,12,Total,Construcción,N/A,1881.59
7532,293,13,12,Total,Construcción,N/A,1675.29
7533,294,13,12,Total,Construcción,N/A,1793.1
7534,295,13,12,Total,Construcción,N/A,1663.42
7535,296,13,12,Total,Construcción,N/A,1808.59
7536,297,13,12,Total,Construcción,N/A,1645.42
7537,298,13,12,Total,Construcción,N/A,1677.98
7538,299,13,12,Total,Construcción,N/A,1527.83
7539,300,13,12,Total,Construcción,N/A,1834.32
7540,301,13,12,Total,Construcción,N/A,1550.01
7541,302,13,12,Total,Construcción,N/A,1638.36
7542,303,13,12,Total,Construcción,N/A,1519.72
7543,304,13,12,Total,Construcción,N/A,1852.01
7544,305,13,12,Total,Construcción,N/A,1492.08
7545,306,13,12,Total,Construcción,N/A,1768.18
7546,307,13,12,Total,Construcción,N/A,1557.83
7547,308,13,12,Total,Construcción,N/A,1709.1
7548,309,13,12,Total,Construcción,N/A,1432.68
7549,310,13,12,Total,Construcción,N/A,1621.06
7550,311,13,12,Total,Construcción,N/A,1437.59
7551,312,13,12,Total,Construcción,N/A,1796.41
7552,313,13,12,Total,Construcción,N/A,1448.25
7553,314,13,12,Total,Construcción,N/A,1598.44
7554,315,13,12,Total,Construcción,N/A,1414.91
7555,316,13,12,Total,Construcción,N/A,1686.97
7556,317,13,12,Total,Construcción,N/A,1465.42
7557,318,13,12,Total,Construcción,N/A,1569.81
7558,319,13,12,Total,Construcción,N/A,1407.45
7559,320,13,12,Total,Construcción,N/A,1600.59
7560,321,13,12,Total,Construcción,N/A,1515.52
7561,322,13,12,Total,Construcción,N/A,1608.04
7562,323,13,12,Total,Construcción,N/A,1383.77
7563,324,13,12,Total,Construcción,N/A,1601.31
7564,325,13,12,Total,Construcción,N/A,1407.17
7565,326,13,12,Total,Construcción,N/A,1564.59
7566,327,13,12,Total,Construcción,N/A,1575.48
7567,328,13,12,Total,Construcción,N/A,1713.64
7568,329,13,12,Total,Construcción,N/A,1474.88
7569,330,13,12,Total,Construcción,N/A,1575.95
7570,331,13,12,Total,Construcción,N/A,1423.85
7571,332,13,12,Total,Construcción,N/A,1610.57
7572,333,13,12,Total,Construcción,N/A,1324.78
7573,334,13,12,Total,Construcción,N/A,1583.88
7574,335,13,12,Total,Construcción,N/A,1442.06
7575,336,13,12,Total,Construcción,N/A,1532.34
7576,337,13,12,Total,Construcción,N/A,1361.46
7577,338,13,12,Total,Construcción,N/A,1503.12
7578,339,13,12,Total,Construcción,N/A,1314.33
7579,340,13,12,Total,Construcción,N/A,1537.81
7580,341,13,12,Total,Construcción,N/A,1409.04
7581,342,13,12,Total,Construcción,N/A,1598.04
7582,343,13,12,Total,Construcción,N/A,1422.9
7583,344,13,12,Total,Construcción,N/A,1592.7
7584,345,13,12,Total,Construcción,N/A,1396.92
7585,346,13,12,Total,Construcción,N/A,1579.4
7586,347,13,12,Total,Construcción,N/A,1356.2
7587,348,13,12,Total,Construcción,N/A,1635.9
7588,349,13,12,Total,Construcción,N/A,1396.8
7589,350,13,12,Total,Construcción,N/A,1541.5
7590,351,13,12,Total,Construcción,N/A,1394.89
7591,352,13,12,Total,Construcción,N/A,1547.49
7592,353,13,12,Total,Construcción,N/A,1361.67
7593,354,13,12,Total,Construcción,N/A,1378.71
7594,355,13,12,Total,Construcción,N/A,1303.51
7595,356,13,12,Total,Construcción,N/A,1431.97
7596,357,13,12,Total,Construcción,N/A,1264.3
7597,358,13,12,Total,Construcción,N/A,1352.15
7598,359,13,12,Total,Construcción,N/A,1243.72
7599,289,13,12,Total,Servicios,N/A,1902.93
7600,290,13,12,Total,Servicios,N/A,1968.35
7601,291,13,12,Total,Servicios,N/A,1820.01
7602,292,13,12,Total,Servicios,N/A,2008.78
7603,293,13,12,Total,Servicios,N/A,1806.3
7604,294,13,12,Total,Servicios,N/A,1920.93
7605,295,13,12,Total,Servicios,N/A,1741.27
7606,296,13,12,Total,Servicios,N/A,1855.55
7607,297,13,12,Total,Servicios,N/A,1617.39
7608,298,13,12,Total,Servicios,N/A,1763.35
7609,299,13,12,Total,Servicios,N/A,1610.07
7610,300,13,12,Total,Servicios,N/A,1852.23
7611,301,13,12,Total,Servicios,N/A,1609.17
7612,302,13,12,Total,Servicios,N/A,1718.75
7613,303,13,12,Total,Servicios,N/A,1534.08
7614,304,13,12,Total,Servicios,N/A,1708.24
7615,305,13,12,Total,Servicios,N/A,1506.63
7616,306,13,12,Total,Servicios,N/A,1678.16
7617,307,13,12,Total,Servicios,N/A,1480.83
7618,308,13,12,Total,Servicios,N/A,1664.69
7619,309,13,12,Total,Servicios,N/A,1409.54
7620,310,13,12,Total,Servicios,N/A,1480.87
7621,311,13,12,Total,Servicios,N/A,1465.82
7622,312,13,12,Total,Servicios,N/A,1706.72
7623,313,13,12,Total,Servicios,N/A,1495.13
7624,314,13,12,Total,Servicios,N/A,1660.82
7625,315,13,12,Total,Servicios,N/A,1446.21
7626,316,13,12,Total,Servicios,N/A,1662.94
7627,317,13,12,Total,Servicios,N/A,1480.36
7628,318,13,12,Total,Servicios,N/A,1576.15
7629,319,13,12,Total,Servicios,N/A,1400.81
7630,320,13,12,Total,Servicios,N/A,1612.2
7631,321,13,12,Total,Servicios,N/A,1463.23
7632,322,13,12,Total,Servicios,N/A,1557.22
7633,323,13,12,Total,Servicios,N/A,1415.38
7634,324,13,12,Total,Servicios,N/A,1641.5
7635,325,13,12,Total,Servicios,N/A,1451.79
7636,326,13,12,Total,Servicios,N/A,1606.32
7637,327,13,12,Total,Servicios,N/A,1470.12
7638,328,13,12,Total,Servicios,N/A,1679.51
7639,329,13,12,Total,Servicios,N/A,1432.63
7640,330,13,12,Total,Servicios,N/A,1584.25
7641,331,13,12,Total,Servicios,N/A,1490.07
7642,332,13,12,Total,Servicios,N/A,1638.71
7643,333,13,12,Total,Servicios,N/A,1467.06
7644,334,13,12,Total,Servicios,N/A,1586.06
7645,335,13,12,Total,Servicios,N/A,1465.64
7646,336,13,12,Total,Servicios,N/A,1605.75
7647,337,13,12,Total,Servicios,N/A,1433.81
7648,338,13,12,Total,Servicios,N/A,1581.49
7649,339,13,12,Total,Servicios,N/A,1445.78
7650,340,13,12,Total,Servicios,N/A,1557.63
7651,341,13,12,Total,Servicios,N/A,1513.96
7652,342,13,12,Total,Servicios,N/A,1702.38
7653,343,13,12,Total,Servicios,N/A,1537.95
7654,344,13,12,Total,Servicios,N/A,1753.13
7655,345,13,12,Total,Servicios,N/A,1527.32
7656,346,13,12,Total,Servicios,N/A,1717.68
7657,347,13,12,Total,Servicios,N/A,1520.3
7658,348,13,12,Total,Servicios,N/A,1714.38
7659,349,13,12,Total,Servicios,N/A,1501.02
7660,350,13,12,Total,Servicios,N/A,1707.44
7661,351,13,12,Total,Servicios,N/A,1534.15
7662,352,13,12,Total,Servicios,N/A,1776.37
7663,353,13,12,Total,Servicios,N/A,1502.53
7664,354,13,12,Total,Servicios,N/A,1639.18
7665,355,13,12,Total,Servicios,N/A,1479.25
7666,356,13,12,Total,Servicios,N/A,1673.22
7667,357,13,12,Total,Servicios,N/A,1441.47
7668,358,13,12,Total,Servicios,N/A,1548.13
7669,359,13,12,Total,Servicios,N/A,1413.96
7670,289,13,13,Total,"Industria, construcción y servicios (excepto actividades de los hogares como empleadores y de organizaciones y organismos extraterritoriales)",N/A,2014.28
7671,290,13,13,Total,"Industria, construcción y servicios (excepto actividades de los hogares como empleadores y de organizaciones y organismos extraterritoriales)",N/A,2113.47
7672,291,13,13,Total,"Industria, construcción y servicios (excepto actividades de los hogares como empleadores y de organizaciones y organismos extraterritoriales)",N/A,1999.59
7673,292,13,13,Total,"Industria, construcción y servicios (excepto actividades de los hogares como empleadores y de organizaciones y organismos extraterritoriales)",N/A,2195.84
7674,293,13,13,Total,"Industria, construcción y servicios (excepto actividades de los hogares como empleadores y de organizaciones y organismos extraterritoriales)",N/A,1996.99
7675,294,13,13,Total,"Industria, construcción y servicios (excepto actividades de los hogares como empleadores y de organizaciones y organismos extraterritoriales)",N/A,2062.78
7676,295,13,13,Total,"Industria, construcción y servicios (excepto actividades de los hogares como empleadores y de organizaciones y organismos extraterritoriales)",N/A,1965.61
7677,296,13,13,Total,"Industria, construcción y servicios (excepto actividades de los hogares como empleadores y de organizaciones y organismos extraterritoriales)",N/A,2095.82
7678,297,13,13,Total,"Industria, construcción y servicios (excepto actividades de los hogares como empleadores y de organizaciones y organismos extraterritoriales)",N/A,1901.15
7679,298,13,13,Total,"Industria, construcción y servicios (excepto actividades de los hogares como empleadores y de organizaciones y organismos extraterritoriales)",N/A,1964.89
7680,299,13,13,Total,"Industria, construcción y servicios (excepto actividades de los hogares como empleadores y de organizaciones y organismos extraterritoriales)",N/A,1848.22
7681,300,13,13,Total,"Industria, construcción y servicios (excepto actividades de los hogares como empleadores y de organizaciones y organismos extraterritoriales)",N/A,2035.99
7682,301,13,13,Total,"Industria, construcción y servicios (excepto actividades de los hogares como empleadores y de organizaciones y organismos extraterritoriales)",N/A,1835.07
7683,302,13,13,Total,"Industria, construcción y servicios (excepto actividades de los hogares como empleadores y de organizaciones y organismos extraterritoriales)",N/A,1918.86
7684,303,13,13,Total,"Industria, construcción y servicios (excepto actividades de los hogares como empleadores y de organizaciones y organismos extraterritoriales)",N/A,1765.29
7685,304,13,13,Total,"Industria, construcción y servicios (excepto actividades de los hogares como empleadores y de organizaciones y organismos extraterritoriales)",N/A,1983.39
7686,305,13,13,Total,"Industria, construcción y servicios (excepto actividades de los hogares como empleadores y de organizaciones y organismos extraterritoriales)",N/A,1764.99
7687,306,13,13,Total,"Industria, construcción y servicios (excepto actividades de los hogares como empleadores y de organizaciones y organismos extraterritoriales)",N/A,1852.99
7688,307,13,13,Total,"Industria, construcción y servicios (excepto actividades de los hogares como empleadores y de organizaciones y organismos extraterritoriales)",N/A,1690.7
7689,308,13,13,Total,"Industria, construcción y servicios (excepto actividades de los hogares como empleadores y de organizaciones y organismos extraterritoriales)",N/A,1899.87
7690,309,13,13,Total,"Industria, construcción y servicios (excepto actividades de los hogares como empleadores y de organizaciones y organismos extraterritoriales)",N/A,1693.35
7691,310,13,13,Total,"Industria, construcción y servicios (excepto actividades de los hogares como empleadores y de organizaciones y organismos extraterritoriales)",N/A,1668.8
7692,311,13,13,Total,"Industria, construcción y servicios (excepto actividades de los hogares como empleadores y de organizaciones y organismos extraterritoriales)",N/A,1693.32
7693,312,13,13,Total,"Industria, construcción y servicios (excepto actividades de los hogares como empleadores y de organizaciones y organismos extraterritoriales)",N/A,1896.21
7694,313,13,13,Total,"Industria, construcción y servicios (excepto actividades de los hogares como empleadores y de organizaciones y organismos extraterritoriales)",N/A,1712.71
7695,314,13,13,Total,"Industria, construcción y servicios (excepto actividades de los hogares como empleadores y de organizaciones y organismos extraterritoriales)",N/A,1776.97
7696,315,13,13,Total,"Industria, construcción y servicios (excepto actividades de los hogares como empleadores y de organizaciones y organismos extraterritoriales)",N/A,1663.01
7697,316,13,13,Total,"Industria, construcción y servicios (excepto actividades de los hogares como empleadores y de organizaciones y organismos extraterritoriales)",N/A,1815.92
7698,317,13,13,Total,"Industria, construcción y servicios (excepto actividades de los hogares como empleadores y de organizaciones y organismos extraterritoriales)",N/A,1666.09
7699,318,13,13,Total,"Industria, construcción y servicios (excepto actividades de los hogares como empleadores y de organizaciones y organismos extraterritoriales)",N/A,1699.6
7700,319,13,13,Total,"Industria, construcción y servicios (excepto actividades de los hogares como empleadores y de organizaciones y organismos extraterritoriales)",N/A,1630.76
7701,320,13,13,Total,"Industria, construcción y servicios (excepto actividades de los hogares como empleadores y de organizaciones y organismos extraterritoriales)",N/A,1825.46
7702,321,13,13,Total,"Industria, construcción y servicios (excepto actividades de los hogares como empleadores y de organizaciones y organismos extraterritoriales)",N/A,1651.58
7703,322,13,13,Total,"Industria, construcción y servicios (excepto actividades de los hogares como empleadores y de organizaciones y organismos extraterritoriales)",N/A,1662.62
7704,323,13,13,Total,"Industria, construcción y servicios (excepto actividades de los hogares como empleadores y de organizaciones y organismos extraterritoriales)",N/A,1610.01
7705,324,13,13,Total,"Industria, construcción y servicios (excepto actividades de los hogares como empleadores y de organizaciones y organismos extraterritoriales)",N/A,1759.08
7706,325,13,13,Total,"Industria, construcción y servicios (excepto actividades de los hogares como empleadores y de organizaciones y organismos extraterritoriales)",N/A,1624.04
7707,326,13,13,Total,"Industria, construcción y servicios (excepto actividades de los hogares como empleadores y de organizaciones y organismos extraterritoriales)",N/A,1640.63
7708,327,13,13,Total,"Industria, construcción y servicios (excepto actividades de los hogares como empleadores y de organizaciones y organismos extraterritoriales)",N/A,1596.18
7709,328,13,13,Total,"Industria, construcción y servicios (excepto actividades de los hogares como empleadores y de organizaciones y organismos extraterritoriales)",N/A,1775.83
7710,329,13,13,Total,"Industria, construcción y servicios (excepto actividades de los hogares como empleadores y de organizaciones y organismos extraterritoriales)",N/A,1601.9
7711,330,13,13,Total,"Industria, construcción y servicios (excepto actividades de los hogares como empleadores y de organizaciones y organismos extraterritoriales)",N/A,1635.8
7712,331,13,13,Total,"Industria, construcción y servicios (excepto actividades de los hogares como empleadores y de organizaciones y organismos extraterritoriales)",N/A,1582.32
7713,332,13,13,Total,"Industria, construcción y servicios (excepto actividades de los hogares como empleadores y de organizaciones y organismos extraterritoriales)",N/A,1769.04
7714,333,13,13,Total,"Industria, construcción y servicios (excepto actividades de los hogares como empleadores y de organizaciones y organismos extraterritoriales)",N/A,1602.77
7715,334,13,13,Total,"Industria, construcción y servicios (excepto actividades de los hogares como empleadores y de organizaciones y organismos extraterritoriales)",N/A,1671.88
7716,335,13,13,Total,"Industria, construcción y servicios (excepto actividades de los hogares como empleadores y de organizaciones y organismos extraterritoriales)",N/A,1572.35
7717,336,13,13,Total,"Industria, construcción y servicios (excepto actividades de los hogares como empleadores y de organizaciones y organismos extraterritoriales)",N/A,1778.19
7718,337,13,13,Total,"Industria, construcción y servicios (excepto actividades de los hogares como empleadores y de organizaciones y organismos extraterritoriales)",N/A,1598.89
7719,338,13,13,Total,"Industria, construcción y servicios (excepto actividades de los hogares como empleadores y de organizaciones y organismos extraterritoriales)",N/A,1675.99
7720,339,13,13,Total,"Industria, construcción y servicios (excepto actividades de los hogares como empleadores y de organizaciones y organismos extraterritoriales)",N/A,1571.01
7721,340,13,13,Total,"Industria, construcción y servicios (excepto actividades de los hogares como empleadores y de organizaciones y organismos extraterritoriales)",N/A,1672.95
7722,341,13,13,Total,"Industria, construcción y servicios (excepto actividades de los hogares como empleadores y de organizaciones y organismos extraterritoriales)",N/A,1586.73
7723,342,13,13,Total,"Industria, construcción y servicios (excepto actividades de los hogares como empleadores y de organizaciones y organismos extraterritoriales)",N/A,1665.67
7724,343,13,13,Total,"Industria, construcción y servicios (excepto actividades de los hogares como empleadores y de organizaciones y organismos extraterritoriales)",N/A,1547.17
7725,344,13,13,Total,"Industria, construcción y servicios (excepto actividades de los hogares como empleadores y de organizaciones y organismos extraterritoriales)",N/A,1813.12
7726,345,13,13,Total,"Industria, construcción y servicios (excepto actividades de los hogares como empleadores y de organizaciones y organismos extraterritoriales)",N/A,1623.32
7727,346,13,13,Total,"Industria, construcción y servicios (excepto actividades de los hogares como empleadores y de organizaciones y organismos extraterritoriales)",N/A,1688.91
7728,347,13,13,Total,"Industria, construcción y servicios (excepto actividades de los hogares como empleadores y de organizaciones y organismos extraterritoriales)",N/A,1553.6
7729,348,13,13,Total,"Industria, construcción y servicios (excepto actividades de los hogares como empleadores y de organizaciones y organismos extraterritoriales)",N/A,1804.33
7730,349,13,13,Total,"Industria, construcción y servicios (excepto actividades de los hogares como empleadores y de organizaciones y organismos extraterritoriales)",N/A,1594.56
7731,350,13,13,Total,"Industria, construcción y servicios (excepto actividades de los hogares como empleadores y de organizaciones y organismos extraterritoriales)",N/A,1697.43
7732,351,13,13,Total,"Industria, construcción y servicios (excepto actividades de los hogares como empleadores y de organizaciones y organismos extraterritoriales)",N/A,1556.3
7733,352,13,13,Total,"Industria, construcción y servicios (excepto actividades de los hogares como empleadores y de organizaciones y organismos extraterritoriales)",N/A,1746.51
7734,353,13,13,Total,"Industria, construcción y servicios (excepto actividades de los hogares como empleadores y de organizaciones y organismos extraterritoriales)",N/A,1605.94
7735,354,13,13,Total,"Industria, construcción y servicios (excepto actividades de los hogares como empleadores y de organizaciones y organismos extraterritoriales)",N/A,1612.82
7736,355,13,13,Total,"Industria, construcción y servicios (excepto actividades de los hogares como empleadores y de organizaciones y organismos extraterritoriales)",N/A,1494.81
7737,356,13,13,Total,"Industria, construcción y servicios (excepto actividades de los hogares como empleadores y de organizaciones y organismos extraterritoriales)",N/A,1723.95
7738,357,13,13,Total,"Industria, construcción y servicios (excepto actividades de los hogares como empleadores y de organizaciones y organismos extraterritoriales)",N/A,1528.17
7739,358,13,13,Total,"Industria, construcción y servicios (excepto actividades de los hogares como empleadores y de organizaciones y organismos extraterritoriales)",N/A,1545.71
7740,359,13,13,Total,"Industria, construcción y servicios (excepto actividades de los hogares como empleadores y de organizaciones y organismos extraterritoriales)",N/A,1446.16
7741,289,13,13,Total,Industria,N/A,2440.58
7742,290,13,13,Total,Industria,N/A,2531.98
7743,291,13,13,Total,Industria,N/A,2389.8
7744,292,13,13,Total,Industria,N/A,2791.36
7745,293,13,13,Total,Industria,N/A,2346.66
7746,294,13,13,Total,Industria,N/A,2404.33
7747,295,13,13,Total,Industria,N/A,2289.68
7748,296,13,13,Total,Industria,N/A,2601.0
7749,297,13,13,Total,Industria,N/A,2212.46
7750,298,13,13,Total,Industria,N/A,2284.17
7751,299,13,13,Total,Industria,N/A,2119.9
7752,300,13,13,Total,Industria,N/A,2446.38
7753,301,13,13,Total,Industria,N/A,2095.64
7754,302,13,13,Total,Industria,N/A,2184.51
7755,303,13,13,Total,Industria,N/A,1974.4
7756,304,13,13,Total,Industria,N/A,2408.23
7757,305,13,13,Total,Industria,N/A,2029.58
7758,306,13,13,Total,Industria,N/A,2060.95
7759,307,13,13,Total,Industria,N/A,1993.13
7760,308,13,13,Total,Industria,N/A,2435.0
7761,309,13,13,Total,Industria,N/A,2033.29
7762,310,13,13,Total,Industria,N/A,1849.53
7763,311,13,13,Total,Industria,N/A,2111.63
7764,312,13,13,Total,Industria,N/A,2429.85
7765,313,13,13,Total,Industria,N/A,2044.37
7766,314,13,13,Total,Industria,N/A,2105.15
7767,315,13,13,Total,Industria,N/A,2039.65
7768,316,13,13,Total,Industria,N/A,2344.15
7769,317,13,13,Total,Industria,N/A,2003.14
7770,318,13,13,Total,Industria,N/A,1997.26
7771,319,13,13,Total,Industria,N/A,1996.4
7772,320,13,13,Total,Industria,N/A,2327.31
7773,321,13,13,Total,Industria,N/A,1906.28
7774,322,13,13,Total,Industria,N/A,1889.68
7775,323,13,13,Total,Industria,N/A,1875.14
7776,324,13,13,Total,Industria,N/A,2290.75
7777,325,13,13,Total,Industria,N/A,1892.16
7778,326,13,13,Total,Industria,N/A,1915.21
7779,327,13,13,Total,Industria,N/A,1850.59
7780,328,13,13,Total,Industria,N/A,2247.0
7781,329,13,13,Total,Industria,N/A,1830.84
7782,330,13,13,Total,Industria,N/A,1831.21
7783,331,13,13,Total,Industria,N/A,1781.24
7784,332,13,13,Total,Industria,N/A,2156.79
7785,333,13,13,Total,Industria,N/A,1803.55
7786,334,13,13,Total,Industria,N/A,1889.45
7787,335,13,13,Total,Industria,N/A,1766.15
7788,336,13,13,Total,Industria,N/A,2203.97
7789,337,13,13,Total,Industria,N/A,1793.13
7790,338,13,13,Total,Industria,N/A,1889.83
7791,339,13,13,Total,Industria,N/A,1770.13
7792,340,13,13,Total,Industria,N/A,2062.34
7793,341,13,13,Total,Industria,N/A,1761.84
7794,342,13,13,Total,Industria,N/A,1827.3
7795,343,13,13,Total,Industria,N/A,1688.71
7796,344,13,13,Total,Industria,N/A,2057.19
7797,345,13,13,Total,Industria,N/A,1726.8
7798,346,13,13,Total,Industria,N/A,1813.93
7799,347,13,13,Total,Industria,N/A,1685.49
7800,348,13,13,Total,Industria,N/A,2097.58
7801,349,13,13,Total,Industria,N/A,1723.6
7802,350,13,13,Total,Industria,N/A,1730.04
7803,351,13,13,Total,Industria,N/A,1655.77
7804,352,13,13,Total,Industria,N/A,1991.26
7805,353,13,13,Total,Industria,N/A,1700.42
7806,354,13,13,Total,Industria,N/A,1628.04
7807,355,13,13,Total,Industria,N/A,1593.47
7808,356,13,13,Total,Industria,N/A,1937.42
7809,357,13,13,Total,Industria,N/A,1632.41
7810,358,13,13,Total,Industria,N/A,1618.37
7811,359,13,13,Total,Industria,N/A,1568.05
7812,289,13,13,Total,Construcción,N/A,2127.53
7813,290,13,13,Total,Construcción,N/A,2206.96
7814,291,13,13,Total,Construcción,N/A,1952.28
7815,292,13,13,Total,Construcción,N/A,2178.24
7816,293,13,13,Total,Construcción,N/A,2031.62
7817,294,13,13,Total,Construcción,N/A,2133.34
7818,295,13,13,Total,Construcción,N/A,1904.0
7819,296,13,13,Total,Construcción,N/A,2143.22
7820,297,13,13,Total,Construcción,N/A,2004.75
7821,298,13,13,Total,Construcción,N/A,2059.65
7822,299,13,13,Total,Construcción,N/A,1906.16
7823,300,13,13,Total,Construcción,N/A,2067.27
7824,301,13,13,Total,Construcción,N/A,1932.82
7825,302,13,13,Total,Construcción,N/A,2337.01
7826,303,13,13,Total,Construcción,N/A,1782.41
7827,304,13,13,Total,Construcción,N/A,2094.82
7828,305,13,13,Total,Construcción,N/A,1828.13
7829,306,13,13,Total,Construcción,N/A,2134.17
7830,307,13,13,Total,Construcción,N/A,1693.92
7831,308,13,13,Total,Construcción,N/A,1956.72
7832,309,13,13,Total,Construcción,N/A,1681.63
7833,310,13,13,Total,Construcción,N/A,1960.45
7834,311,13,13,Total,Construcción,N/A,1681.36
7835,312,13,13,Total,Construcción,N/A,1976.5
7836,313,13,13,Total,Construcción,N/A,1725.14
7837,314,13,13,Total,Construcción,N/A,2114.3
7838,315,13,13,Total,Construcción,N/A,1697.54
7839,316,13,13,Total,Construcción,N/A,1820.73
7840,317,13,13,Total,Construcción,N/A,1676.2
7841,318,13,13,Total,Construcción,N/A,1967.49
7842,319,13,13,Total,Construcción,N/A,1592.65
7843,320,13,13,Total,Construcción,N/A,1801.53
7844,321,13,13,Total,Construcción,N/A,1595.07
7845,322,13,13,Total,Construcción,N/A,1680.99
7846,323,13,13,Total,Construcción,N/A,1538.69
7847,324,13,13,Total,Construcción,N/A,1742.02
7848,325,13,13,Total,Construcción,N/A,1537.08
7849,326,13,13,Total,Construcción,N/A,1643.0
7850,327,13,13,Total,Construcción,N/A,1540.61
7851,328,13,13,Total,Construcción,N/A,1811.65
7852,329,13,13,Total,Construcción,N/A,1641.9
7853,330,13,13,Total,Construcción,N/A,1729.67
7854,331,13,13,Total,Construcción,N/A,1544.9
7855,332,13,13,Total,Construcción,N/A,1781.61
7856,333,13,13,Total,Construcción,N/A,1600.46
7857,334,13,13,Total,Construcción,N/A,1809.37
7858,335,13,13,Total,Construcción,N/A,1581.59
7859,336,13,13,Total,Construcción,N/A,1731.47
7860,337,13,13,Total,Construcción,N/A,1628.61
7861,338,13,13,Total,Construcción,N/A,1694.82
7862,339,13,13,Total,Construcción,N/A,1504.34
7863,340,13,13,Total,Construcción,N/A,1724.27
7864,341,13,13,Total,Construcción,N/A,1541.01
7865,342,13,13,Total,Construcción,N/A,1765.26
7866,343,13,13,Total,Construcción,N/A,1556.21
7867,344,13,13,Total,Construcción,N/A,1748.32
7868,345,13,13,Total,Construcción,N/A,1535.55
7869,346,13,13,Total,Construcción,N/A,1729.49
7870,347,13,13,Total,Construcción,N/A,1493.25
7871,348,13,13,Total,Construcción,N/A,1798.01
7872,349,13,13,Total,Construcción,N/A,1603.45
7873,350,13,13,Total,Construcción,N/A,1690.49
7874,351,13,13,Total,Construcción,N/A,1535.22
7875,352,13,13,Total,Construcción,N/A,1671.51
7876,353,13,13,Total,Construcción,N/A,1560.97
7877,354,13,13,Total,Construcción,N/A,1560.0
7878,355,13,13,Total,Construcción,N/A,1444.56
7879,356,13,13,Total,Construcción,N/A,1577.07
7880,357,13,13,Total,Construcción,N/A,1477.43
7881,358,13,13,Total,Construcción,N/A,1485.42
7882,359,13,13,Total,Construcción,N/A,1392.82
7883,289,13,13,Total,Servicios,N/A,1910.7
7884,290,13,13,Total,Servicios,N/A,2009.88
7885,291,13,13,Total,Servicios,N/A,1915.72
7886,292,13,13,Total,Servicios,N/A,2061.2
7887,293,13,13,Total,Servicios,N/A,1914.3
7888,294,13,13,Total,Servicios,N/A,1979.44
7889,295,13,13,Total,Servicios,N/A,1896.99
7890,296,13,13,Total,Servicios,N/A,1982.16
7891,297,13,13,Total,Servicios,N/A,1821.45
7892,298,13,13,Total,Servicios,N/A,1883.17
7893,299,13,13,Total,Servicios,N/A,1782.63
7894,300,13,13,Total,Servicios,N/A,1938.45
7895,301,13,13,Total,Servicios,N/A,1765.69
7896,302,13,13,Total,Servicios,N/A,1820.34
7897,303,13,13,Total,Servicios,N/A,1714.92
7898,304,13,13,Total,Servicios,N/A,1875.77
7899,305,13,13,Total,Servicios,N/A,1696.95
7900,306,13,13,Total,Servicios,N/A,1776.76
7901,307,13,13,Total,Servicios,N/A,1617.86
7902,308,13,13,Total,Servicios,N/A,1765.56
7903,309,13,13,Total,Servicios,N/A,1612.27
7904,310,13,13,Total,Servicios,N/A,1597.82
7905,311,13,13,Total,Servicios,N/A,1595.49
7906,312,13,13,Total,Servicios,N/A,1761.32
7907,313,13,13,Total,Servicios,N/A,1631.16
7908,314,13,13,Total,Servicios,N/A,1666.73
7909,315,13,13,Total,Servicios,N/A,1568.63
7910,316,13,13,Total,Servicios,N/A,1686.52
7911,317,13,13,Total,Servicios,N/A,1583.94
7912,318,13,13,Total,Servicios,N/A,1601.79
7913,319,13,13,Total,Servicios,N/A,1544.24
7914,320,13,13,Total,Servicios,N/A,1706.19
7915,321,13,13,Total,Servicios,N/A,1594.41
7916,322,13,13,Total,Servicios,N/A,1605.2
7917,323,13,13,Total,Servicios,N/A,1551.27
7918,324,13,13,Total,Servicios,N/A,1630.8
7919,325,13,13,Total,Servicios,N/A,1567.83
7920,326,13,13,Total,Servicios,N/A,1572.82
7921,327,13,13,Total,Servicios,N/A,1539.66
7922,328,13,13,Total,Servicios,N/A,1658.64
7923,329,13,13,Total,Servicios,N/A,1543.92
7924,330,13,13,Total,Servicios,N/A,1578.45
7925,331,13,13,Total,Servicios,N/A,1538.24
7926,332,13,13,Total,Servicios,N/A,1672.54
7927,333,13,13,Total,Servicios,N/A,1554.48
7928,334,13,13,Total,Servicios,N/A,1604.04
7929,335,13,13,Total,Servicios,N/A,1522.56
7930,336,13,13,Total,Servicios,N/A,1672.01
7931,337,13,13,Total,Servicios,N/A,1546.19
7932,338,13,13,Total,Servicios,N/A,1617.59
7933,339,13,13,Total,Servicios,N/A,1526.54
7934,340,13,13,Total,Servicios,N/A,1568.31
7935,341,13,13,Total,Servicios,N/A,1547.77
7936,342,13,13,Total,Servicios,N/A,1612.93
7937,343,13,13,Total,Servicios,N/A,1508.62
7938,344,13,13,Total,Servicios,N/A,1755.32
7939,345,13,13,Total,Servicios,N/A,1607.03
7940,346,13,13,Total,Servicios,N/A,1649.86
7941,347,13,13,Total,Servicios,N/A,1525.68
7942,348,13,13,Total,Servicios,N/A,1723.96
7943,349,13,13,Total,Servicios,N/A,1556.69
7944,350,13,13,Total,Servicios,N/A,1689.41
7945,351,13,13,Total,Servicios,N/A,1531.71
7946,352,13,13,Total,Servicios,N/A,1691.7
7947,353,13,13,Total,Servicios,N/A,1587.14
7948,354,13,13,Total,Servicios,N/A,1618.24
7949,355,13,13,Total,Servicios,N/A,1475.29
7950,356,13,13,Total,Servicios,N/A,1684.71
7951,357,13,13,Total,Servicios,N/A,1505.44
7952,358,13,13,Total,Servicios,N/A,1535.1
7953,359,13,13,Total,Servicios,N/A,1418.44
7954,289,13,14,Total,"Industria, construcción y servicios (excepto actividades de los hogares como empleadores y de organizaciones y organismos extraterritoriales)",N/A,2712.72
7955,290,13,14,Total,"Industria, construcción y servicios (excepto actividades de los hogares como empleadores y de organizaciones y organismos extraterritoriales)",N/A,2935.33
7956,291,13,14,Total,"Industria, construcción y servicios (excepto actividades de los hogares como empleadores y de organizaciones y organismos extraterritoriales)",N/A,2866.82
7957,292,13,14,Total,"Industria, construcción y servicios (excepto actividades de los hogares como empleadores y de organizaciones y organismos extraterritoriales)",N/A,2942.93
7958,293,13,14,Total,"Industria, construcción y servicios (excepto actividades de los hogares como empleadores y de organizaciones y organismos extraterritoriales)",N/A,2632.96
7959,294,13,14,Total,"Industria, construcción y servicios (excepto actividades de los hogares como empleadores y de organizaciones y organismos extraterritoriales)",N/A,2885.14
7960,295,13,14,Total,"Industria, construcción y servicios (excepto actividades de los hogares como empleadores y de organizaciones y organismos extraterritoriales)",N/A,2778.27
7961,296,13,14,Total,"Industria, construcción y servicios (excepto actividades de los hogares como empleadores y de organizaciones y organismos extraterritoriales)",N/A,2819.87
7962,297,13,14,Total,"Industria, construcción y servicios (excepto actividades de los hogares como empleadores y de organizaciones y organismos extraterritoriales)",N/A,2545.95
7963,298,13,14,Total,"Industria, construcción y servicios (excepto actividades de los hogares como empleadores y de organizaciones y organismos extraterritoriales)",N/A,2702.65
7964,299,13,14,Total,"Industria, construcción y servicios (excepto actividades de los hogares como empleadores y de organizaciones y organismos extraterritoriales)",N/A,2653.11
7965,300,13,14,Total,"Industria, construcción y servicios (excepto actividades de los hogares como empleadores y de organizaciones y organismos extraterritoriales)",N/A,2689.97
7966,301,13,14,Total,"Industria, construcción y servicios (excepto actividades de los hogares como empleadores y de organizaciones y organismos extraterritoriales)",N/A,2385.53
7967,302,13,14,Total,"Industria, construcción y servicios (excepto actividades de los hogares como empleadores y de organizaciones y organismos extraterritoriales)",N/A,2591.74
7968,303,13,14,Total,"Industria, construcción y servicios (excepto actividades de los hogares como empleadores y de organizaciones y organismos extraterritoriales)",N/A,2486.93
7969,304,13,14,Total,"Industria, construcción y servicios (excepto actividades de los hogares como empleadores y de organizaciones y organismos extraterritoriales)",N/A,2582.11
7970,305,13,14,Total,"Industria, construcción y servicios (excepto actividades de los hogares como empleadores y de organizaciones y organismos extraterritoriales)",N/A,2338.41
7971,306,13,14,Total,"Industria, construcción y servicios (excepto actividades de los hogares como empleadores y de organizaciones y organismos extraterritoriales)",N/A,2518.39
7972,307,13,14,Total,"Industria, construcción y servicios (excepto actividades de los hogares como empleadores y de organizaciones y organismos extraterritoriales)",N/A,2371.05
7973,308,13,14,Total,"Industria, construcción y servicios (excepto actividades de los hogares como empleadores y de organizaciones y organismos extraterritoriales)",N/A,2448.32
7974,309,13,14,Total,"Industria, construcción y servicios (excepto actividades de los hogares como empleadores y de organizaciones y organismos extraterritoriales)",N/A,2225.07
7975,310,13,14,Total,"Industria, construcción y servicios (excepto actividades de los hogares como empleadores y de organizaciones y organismos extraterritoriales)",N/A,2232.83
7976,311,13,14,Total,"Industria, construcción y servicios (excepto actividades de los hogares como empleadores y de organizaciones y organismos extraterritoriales)",N/A,2361.74
7977,312,13,14,Total,"Industria, construcción y servicios (excepto actividades de los hogares como empleadores y de organizaciones y organismos extraterritoriales)",N/A,2444.76
7978,313,13,14,Total,"Industria, construcción y servicios (excepto actividades de los hogares como empleadores y de organizaciones y organismos extraterritoriales)",N/A,2240.82
7979,314,13,14,Total,"Industria, construcción y servicios (excepto actividades de los hogares como empleadores y de organizaciones y organismos extraterritoriales)",N/A,2374.42
7980,315,13,14,Total,"Industria, construcción y servicios (excepto actividades de los hogares como empleadores y de organizaciones y organismos extraterritoriales)",N/A,2310.98
7981,316,13,14,Total,"Industria, construcción y servicios (excepto actividades de los hogares como empleadores y de organizaciones y organismos extraterritoriales)",N/A,2436.57
7982,317,13,14,Total,"Industria, construcción y servicios (excepto actividades de los hogares como empleadores y de organizaciones y organismos extraterritoriales)",N/A,2189.99
7983,318,13,14,Total,"Industria, construcción y servicios (excepto actividades de los hogares como empleadores y de organizaciones y organismos extraterritoriales)",N/A,2324.65
7984,319,13,14,Total,"Industria, construcción y servicios (excepto actividades de los hogares como empleadores y de organizaciones y organismos extraterritoriales)",N/A,2301.9
7985,320,13,14,Total,"Industria, construcción y servicios (excepto actividades de los hogares como empleadores y de organizaciones y organismos extraterritoriales)",N/A,2384.62
7986,321,13,14,Total,"Industria, construcción y servicios (excepto actividades de los hogares como empleadores y de organizaciones y organismos extraterritoriales)",N/A,2141.88
7987,322,13,14,Total,"Industria, construcción y servicios (excepto actividades de los hogares como empleadores y de organizaciones y organismos extraterritoriales)",N/A,2296.58
7988,323,13,14,Total,"Industria, construcción y servicios (excepto actividades de los hogares como empleadores y de organizaciones y organismos extraterritoriales)",N/A,2264.82
7989,324,13,14,Total,"Industria, construcción y servicios (excepto actividades de los hogares como empleadores y de organizaciones y organismos extraterritoriales)",N/A,2385.43
7990,325,13,14,Total,"Industria, construcción y servicios (excepto actividades de los hogares como empleadores y de organizaciones y organismos extraterritoriales)",N/A,2151.3
7991,326,13,14,Total,"Industria, construcción y servicios (excepto actividades de los hogares como empleadores y de organizaciones y organismos extraterritoriales)",N/A,2306.57
7992,327,13,14,Total,"Industria, construcción y servicios (excepto actividades de los hogares como empleadores y de organizaciones y organismos extraterritoriales)",N/A,2272.22
7993,328,13,14,Total,"Industria, construcción y servicios (excepto actividades de los hogares como empleadores y de organizaciones y organismos extraterritoriales)",N/A,2422.79
7994,329,13,14,Total,"Industria, construcción y servicios (excepto actividades de los hogares como empleadores y de organizaciones y organismos extraterritoriales)",N/A,2183.51
7995,330,13,14,Total,"Industria, construcción y servicios (excepto actividades de los hogares como empleadores y de organizaciones y organismos extraterritoriales)",N/A,2334.32
7996,331,13,14,Total,"Industria, construcción y servicios (excepto actividades de los hogares como empleadores y de organizaciones y organismos extraterritoriales)",N/A,2247.99
7997,332,13,14,Total,"Industria, construcción y servicios (excepto actividades de los hogares como empleadores y de organizaciones y organismos extraterritoriales)",N/A,2361.0
7998,333,13,14,Total,"Industria, construcción y servicios (excepto actividades de los hogares como empleadores y de organizaciones y organismos extraterritoriales)",N/A,2161.03
7999,334,13,14,Total,"Industria, construcción y servicios (excepto actividades de los hogares como empleadores y de organizaciones y organismos extraterritoriales)",N/A,2306.76
8000,335,13,14,Total,"Industria, construcción y servicios (excepto actividades de los hogares como empleadores y de organizaciones y organismos extraterritoriales)",N/A,2209.15
8001,336,13,14,Total,"Industria, construcción y servicios (excepto actividades de los hogares como empleadores y de organizaciones y organismos extraterritoriales)",N/A,2324.15
8002,337,13,14,Total,"Industria, construcción y servicios (excepto actividades de los hogares como empleadores y de organizaciones y organismos extraterritoriales)",N/A,2121.32
8003,338,13,14,Total,"Industria, construcción y servicios (excepto actividades de los hogares como empleadores y de organizaciones y organismos extraterritoriales)",N/A,2278.89
8004,339,13,14,Total,"Industria, construcción y servicios (excepto actividades de los hogares como empleadores y de organizaciones y organismos extraterritoriales)",N/A,2175.8
8005,340,13,14,Total,"Industria, construcción y servicios (excepto actividades de los hogares como empleadores y de organizaciones y organismos extraterritoriales)",N/A,2254.89
8006,341,13,14,Total,"Industria, construcción y servicios (excepto actividades de los hogares como empleadores y de organizaciones y organismos extraterritoriales)",N/A,2108.49
8007,342,13,14,Total,"Industria, construcción y servicios (excepto actividades de los hogares como empleadores y de organizaciones y organismos extraterritoriales)",N/A,2249.61
8008,343,13,14,Total,"Industria, construcción y servicios (excepto actividades de los hogares como empleadores y de organizaciones y organismos extraterritoriales)",N/A,2241.61
8009,344,13,14,Total,"Industria, construcción y servicios (excepto actividades de los hogares como empleadores y de organizaciones y organismos extraterritoriales)",N/A,2304.42
8010,345,13,14,Total,"Industria, construcción y servicios (excepto actividades de los hogares como empleadores y de organizaciones y organismos extraterritoriales)",N/A,2096.94
8011,346,13,14,Total,"Industria, construcción y servicios (excepto actividades de los hogares como empleadores y de organizaciones y organismos extraterritoriales)",N/A,2212.04
8012,347,13,14,Total,"Industria, construcción y servicios (excepto actividades de los hogares como empleadores y de organizaciones y organismos extraterritoriales)",N/A,2169.49
8013,348,13,14,Total,"Industria, construcción y servicios (excepto actividades de los hogares como empleadores y de organizaciones y organismos extraterritoriales)",N/A,2268.79
8014,349,13,14,Total,"Industria, construcción y servicios (excepto actividades de los hogares como empleadores y de organizaciones y organismos extraterritoriales)",N/A,2079.67
8015,350,13,14,Total,"Industria, construcción y servicios (excepto actividades de los hogares como empleadores y de organizaciones y organismos extraterritoriales)",N/A,2188.6
8016,351,13,14,Total,"Industria, construcción y servicios (excepto actividades de los hogares como empleadores y de organizaciones y organismos extraterritoriales)",N/A,2136.06
8017,352,13,14,Total,"Industria, construcción y servicios (excepto actividades de los hogares como empleadores y de organizaciones y organismos extraterritoriales)",N/A,2291.79
8018,353,13,14,Total,"Industria, construcción y servicios (excepto actividades de los hogares como empleadores y de organizaciones y organismos extraterritoriales)",N/A,2055.96
8019,354,13,14,Total,"Industria, construcción y servicios (excepto actividades de los hogares como empleadores y de organizaciones y organismos extraterritoriales)",N/A,2173.2
8020,355,13,14,Total,"Industria, construcción y servicios (excepto actividades de los hogares como empleadores y de organizaciones y organismos extraterritoriales)",N/A,2121.91
8021,356,13,14,Total,"Industria, construcción y servicios (excepto actividades de los hogares como empleadores y de organizaciones y organismos extraterritoriales)",N/A,2225.61
8022,357,13,14,Total,"Industria, construcción y servicios (excepto actividades de los hogares como empleadores y de organizaciones y organismos extraterritoriales)",N/A,1997.27
8023,358,13,14,Total,"Industria, construcción y servicios (excepto actividades de los hogares como empleadores y de organizaciones y organismos extraterritoriales)",N/A,2098.08
8024,359,13,14,Total,"Industria, construcción y servicios (excepto actividades de los hogares como empleadores y de organizaciones y organismos extraterritoriales)",N/A,2080.35
8025,289,13,14,Total,Industria,N/A,3257.7
8026,290,13,14,Total,Industria,N/A,3668.11
8027,291,13,14,Total,Industria,N/A,3709.88
8028,292,13,14,Total,Industria,N/A,3392.89
8029,293,13,14,Total,Industria,N/A,3208.78
8030,294,13,14,Total,Industria,N/A,3529.18
8031,295,13,14,Total,Industria,N/A,3291.34
8032,296,13,14,Total,Industria,N/A,3315.41
8033,297,13,14,Total,Industria,N/A,3060.38
8034,298,13,14,Total,Industria,N/A,3465.56
8035,299,13,14,Total,Industria,N/A,3249.73
8036,300,13,14,Total,Industria,N/A,3195.18
8037,301,13,14,Total,Industria,N/A,2970.74
8038,302,13,14,Total,Industria,N/A,3575.37
8039,303,13,14,Total,Industria,N/A,2965.76
8040,304,13,14,Total,Industria,N/A,3226.42
8041,305,13,14,Total,Industria,N/A,2895.64
8042,306,13,14,Total,Industria,N/A,3319.44
8043,307,13,14,Total,Industria,N/A,3262.49
8044,308,13,14,Total,Industria,N/A,3130.19
8045,309,13,14,Total,Industria,N/A,2862.66
8046,310,13,14,Total,Industria,N/A,3037.81
8047,311,13,14,Total,Industria,N/A,3129.59
8048,312,13,14,Total,Industria,N/A,3047.19
8049,313,13,14,Total,Industria,N/A,2842.21
8050,314,13,14,Total,Industria,N/A,3147.5
8051,315,13,14,Total,Industria,N/A,3000.33
8052,316,13,14,Total,Industria,N/A,3002.39
8053,317,13,14,Total,Industria,N/A,2754.5
8054,318,13,14,Total,Industria,N/A,3066.21
8055,319,13,14,Total,Industria,N/A,2879.87
8056,320,13,14,Total,Industria,N/A,2994.37
8057,321,13,14,Total,Industria,N/A,2724.31
8058,322,13,14,Total,Industria,N/A,3026.81
8059,323,13,14,Total,Industria,N/A,2896.21
8060,324,13,14,Total,Industria,N/A,3066.69
8061,325,13,14,Total,Industria,N/A,2748.62
8062,326,13,14,Total,Industria,N/A,3034.74
8063,327,13,14,Total,Industria,N/A,2890.35
8064,328,13,14,Total,Industria,N/A,2978.86
8065,329,13,14,Total,Industria,N/A,2682.67
8066,330,13,14,Total,Industria,N/A,2971.08
8067,331,13,14,Total,Industria,N/A,2723.49
8068,332,13,14,Total,Industria,N/A,3012.31
8069,333,13,14,Total,Industria,N/A,2660.49
8070,334,13,14,Total,Industria,N/A,3095.22
8071,335,13,14,Total,Industria,N/A,2780.53
8072,336,13,14,Total,Industria,N/A,2949.15
8073,337,13,14,Total,Industria,N/A,2624.94
8074,338,13,14,Total,Industria,N/A,2974.27
8075,339,13,14,Total,Industria,N/A,2862.33
8076,340,13,14,Total,Industria,N/A,2870.62
8077,341,13,14,Total,Industria,N/A,2582.48
8078,342,13,14,Total,Industria,N/A,2899.57
8079,343,13,14,Total,Industria,N/A,2674.85
8080,344,13,14,Total,Industria,N/A,2855.87
8081,345,13,14,Total,Industria,N/A,2503.77
8082,346,13,14,Total,Industria,N/A,2746.92
8083,347,13,14,Total,Industria,N/A,2641.59
8084,348,13,14,Total,Industria,N/A,2735.54
8085,349,13,14,Total,Industria,N/A,2379.56
8086,350,13,14,Total,Industria,N/A,2642.96
8087,351,13,14,Total,Industria,N/A,2473.9
8088,352,13,14,Total,Industria,N/A,2624.86
8089,353,13,14,Total,Industria,N/A,2326.47
8090,354,13,14,Total,Industria,N/A,2555.27
8091,355,13,14,Total,Industria,N/A,2463.68
8092,356,13,14,Total,Industria,N/A,2541.21
8093,357,13,14,Total,Industria,N/A,2284.53
8094,358,13,14,Total,Industria,N/A,2472.94
8095,359,13,14,Total,Industria,N/A,2446.99
8096,289,13,14,Total,Construcción,N/A,2400.51
8097,290,13,14,Total,Construcción,N/A,2613.48
8098,291,13,14,Total,Construcción,N/A,2341.64
8099,292,13,14,Total,Construcción,N/A,2568.04
8100,293,13,14,Total,Construcción,N/A,2219.54
8101,294,13,14,Total,Construcción,N/A,2489.76
8102,295,13,14,Total,Construcción,N/A,2166.56
8103,296,13,14,Total,Construcción,N/A,2432.75
8104,297,13,14,Total,Construcción,N/A,2095.24
8105,298,13,14,Total,Construcción,N/A,2345.77
8106,299,13,14,Total,Construcción,N/A,2094.56
8107,300,13,14,Total,Construcción,N/A,2499.55
8108,301,13,14,Total,Construcción,N/A,2079.26
8109,302,13,14,Total,Construcción,N/A,2828.71
8110,303,13,14,Total,Construcción,N/A,2060.14
8111,304,13,14,Total,Construcción,N/A,2282.37
8112,305,13,14,Total,Construcción,N/A,2028.61
8113,306,13,14,Total,Construcción,N/A,2346.34
8114,307,13,14,Total,Construcción,N/A,2000.99
8115,308,13,14,Total,Construcción,N/A,2342.44
8116,309,13,14,Total,Construcción,N/A,2011.37
8117,310,13,14,Total,Construcción,N/A,2019.19
8118,311,13,14,Total,Construcción,N/A,1955.72
8119,312,13,14,Total,Construcción,N/A,2374.9
8120,313,13,14,Total,Construcción,N/A,1999.75
8121,314,13,14,Total,Construcción,N/A,2220.97
8122,315,13,14,Total,Construcción,N/A,2040.54
8123,316,13,14,Total,Construcción,N/A,2357.7
8124,317,13,14,Total,Construcción,N/A,1965.9
8125,318,13,14,Total,Construcción,N/A,2183.14
8126,319,13,14,Total,Construcción,N/A,2074.82
8127,320,13,14,Total,Construcción,N/A,2315.64
8128,321,13,14,Total,Construcción,N/A,2017.88
8129,322,13,14,Total,Construcción,N/A,2220.4
8130,323,13,14,Total,Construcción,N/A,2026.74
8131,324,13,14,Total,Construcción,N/A,2322.49
8132,325,13,14,Total,Construcción,N/A,2044.64
8133,326,13,14,Total,Construcción,N/A,2356.56
8134,327,13,14,Total,Construcción,N/A,2112.68
8135,328,13,14,Total,Construcción,N/A,2450.12
8136,329,13,14,Total,Construcción,N/A,2141.44
8137,330,13,14,Total,Construcción,N/A,2464.18
8138,331,13,14,Total,Construcción,N/A,2123.91
8139,332,13,14,Total,Construcción,N/A,2425.77
8140,333,13,14,Total,Construcción,N/A,2139.63
8141,334,13,14,Total,Construcción,N/A,2563.63
8142,335,13,14,Total,Construcción,N/A,2141.91
8143,336,13,14,Total,Construcción,N/A,2363.16
8144,337,13,14,Total,Construcción,N/A,2003.75
8145,338,13,14,Total,Construcción,N/A,2368.29
8146,339,13,14,Total,Construcción,N/A,1962.23
8147,340,13,14,Total,Construcción,N/A,2369.29
8148,341,13,14,Total,Construcción,N/A,2077.08
8149,342,13,14,Total,Construcción,N/A,2326.93
8150,343,13,14,Total,Construcción,N/A,1992.89
8151,344,13,14,Total,Construcción,N/A,2238.97
8152,345,13,14,Total,Construcción,N/A,2008.97
8153,346,13,14,Total,Construcción,N/A,2244.71
8154,347,13,14,Total,Construcción,N/A,2080.02
8155,348,13,14,Total,Construcción,N/A,2203.29
8156,349,13,14,Total,Construcción,N/A,1957.74
8157,350,13,14,Total,Construcción,N/A,2052.55
8158,351,13,14,Total,Construcción,N/A,2000.46
8159,352,13,14,Total,Construcción,N/A,2329.42
8160,353,13,14,Total,Construcción,N/A,2032.0
8161,354,13,14,Total,Construcción,N/A,2170.17
8162,355,13,14,Total,Construcción,N/A,1954.39
8163,356,13,14,Total,Construcción,N/A,2195.5
8164,357,13,14,Total,Construcción,N/A,1892.73
8165,358,13,14,Total,Construcción,N/A,2057.13
8166,359,13,14,Total,Construcción,N/A,1883.76
8167,289,13,14,Total,Servicios,N/A,2688.24
8168,290,13,14,Total,Servicios,N/A,2897.67
8169,291,13,14,Total,Servicios,N/A,2832.85
8170,292,13,14,Total,Servicios,N/A,2928.96
8171,293,13,14,Total,Servicios,N/A,2610.45
8172,294,13,14,Total,Servicios,N/A,2855.98
8173,295,13,14,Total,Servicios,N/A,2775.37
8174,296,13,14,Total,Servicios,N/A,2802.41
8175,297,13,14,Total,Servicios,N/A,2530.8
8176,298,13,14,Total,Servicios,N/A,2662.04
8177,299,13,14,Total,Servicios,N/A,2639.28
8178,300,13,14,Total,Servicios,N/A,2660.21
8179,301,13,14,Total,Servicios,N/A,2355.72
8180,302,13,14,Total,Servicios,N/A,2497.02
8181,303,13,14,Total,Servicios,N/A,2474.84
8182,304,13,14,Total,Servicios,N/A,2546.66
8183,305,13,14,Total,Servicios,N/A,2310.07
8184,306,13,14,Total,Servicios,N/A,2462.35
8185,307,13,14,Total,Servicios,N/A,2319.69
8186,308,13,14,Total,Servicios,N/A,2398.42
8187,309,13,14,Total,Servicios,N/A,2182.97
8188,310,13,14,Total,Servicios,N/A,2177.22
8189,311,13,14,Total,Servicios,N/A,2323.61
8190,312,13,14,Total,Servicios,N/A,2397.69
8191,313,13,14,Total,Servicios,N/A,2203.51
8192,314,13,14,Total,Servicios,N/A,2316.97
8193,315,13,14,Total,Servicios,N/A,2269.69
8194,316,13,14,Total,Servicios,N/A,2391.93
8195,317,13,14,Total,Servicios,N/A,2153.69
8196,318,13,14,Total,Servicios,N/A,2268.32
8197,319,13,14,Total,Servicios,N/A,2265.39
8198,320,13,14,Total,Servicios,N/A,2335.13
8199,321,13,14,Total,Servicios,N/A,2097.36
8200,322,13,14,Total,Servicios,N/A,2236.44
8201,323,13,14,Total,Servicios,N/A,2223.95
8202,324,13,14,Total,Servicios,N/A,2327.56
8203,325,13,14,Total,Servicios,N/A,2103.09
8204,326,13,14,Total,Servicios,N/A,2237.86
8205,327,13,14,Total,Servicios,N/A,2226.87
8206,328,13,14,Total,Servicios,N/A,2369.74
8207,329,13,14,Total,Servicios,N/A,2138.58
8208,330,13,14,Total,Servicios,N/A,2267.58
8209,331,13,14,Total,Servicios,N/A,2211.1
8210,332,13,14,Total,Servicios,N/A,2295.51
8211,333,13,14,Total,Servicios,N/A,2113.2
8212,334,13,14,Total,Servicios,N/A,2216.31
8213,335,13,14,Total,Servicios,N/A,2157.48
8214,336,13,14,Total,Servicios,N/A,2261.34
8215,337,13,14,Total,Servicios,N/A,2078.16
8216,338,13,14,Total,Servicios,N/A,2204.68
8217,339,13,14,Total,Servicios,N/A,2122.3
8218,340,13,14,Total,Servicios,N/A,2185.59
8219,341,13,14,Total,Servicios,N/A,2063.44
8220,342,13,14,Total,Servicios,N/A,2177.58
8221,343,13,14,Total,Servicios,N/A,2214.93
8222,344,13,14,Total,Servicios,N/A,2253.13
8223,345,13,14,Total,Servicios,N/A,2061.38
8224,346,13,14,Total,Servicios,N/A,2153.4
8225,347,13,14,Total,Servicios,N/A,2128.35
8226,348,13,14,Total,Servicios,N/A,2221.56
8227,349,13,14,Total,Servicios,N/A,2056.47
8228,350,13,14,Total,Servicios,N/A,2149.62
8229,351,13,14,Total,Servicios,N/A,2110.48
8230,352,13,14,Total,Servicios,N/A,2249.19
8231,353,13,14,Total,Servicios,N/A,2025.82
8232,354,13,14,Total,Servicios,N/A,2127.85
8233,355,13,14,Total,Servicios,N/A,2099.9
8234,356,13,14,Total,Servicios,N/A,2188.04
8235,357,13,14,Total,Servicios,N/A,1972.03
8236,358,13,14,Total,Servicios,N/A,2054.37
8237,359,13,14,Total,Servicios,N/A,2058.09
8238,289,13,15,Total,"Industria, construcción y servicios (excepto actividades de los hogares como empleadores y de organizaciones y organismos extraterritoriales)",N/A,1948.5
8239,290,13,15,Total,"Industria, construcción y servicios (excepto actividades de los hogares como empleadores y de organizaciones y organismos extraterritoriales)",N/A,2063.96
8240,291,13,15,Total,"Industria, construcción y servicios (excepto actividades de los hogares como empleadores y de organizaciones y organismos extraterritoriales)",N/A,1928.4
8241,292,13,15,Total,"Industria, construcción y servicios (excepto actividades de los hogares como empleadores y de organizaciones y organismos extraterritoriales)",N/A,2183.19
8242,293,13,15,Total,"Industria, construcción y servicios (excepto actividades de los hogares como empleadores y de organizaciones y organismos extraterritoriales)",N/A,1974.5
8243,294,13,15,Total,"Industria, construcción y servicios (excepto actividades de los hogares como empleadores y de organizaciones y organismos extraterritoriales)",N/A,2052.61
8244,295,13,15,Total,"Industria, construcción y servicios (excepto actividades de los hogares como empleadores y de organizaciones y organismos extraterritoriales)",N/A,1903.32
8245,296,13,15,Total,"Industria, construcción y servicios (excepto actividades de los hogares como empleadores y de organizaciones y organismos extraterritoriales)",N/A,2069.35
8246,297,13,15,Total,"Industria, construcción y servicios (excepto actividades de los hogares como empleadores y de organizaciones y organismos extraterritoriales)",N/A,1847.26
8247,298,13,15,Total,"Industria, construcción y servicios (excepto actividades de los hogares como empleadores y de organizaciones y organismos extraterritoriales)",N/A,1964.81
8248,299,13,15,Total,"Industria, construcción y servicios (excepto actividades de los hogares como empleadores y de organizaciones y organismos extraterritoriales)",N/A,1810.68
8249,300,13,15,Total,"Industria, construcción y servicios (excepto actividades de los hogares como empleadores y de organizaciones y organismos extraterritoriales)",N/A,2022.46
8250,301,13,15,Total,"Industria, construcción y servicios (excepto actividades de los hogares como empleadores y de organizaciones y organismos extraterritoriales)",N/A,1769.48
8251,302,13,15,Total,"Industria, construcción y servicios (excepto actividades de los hogares como empleadores y de organizaciones y organismos extraterritoriales)",N/A,1884.43
8252,303,13,15,Total,"Industria, construcción y servicios (excepto actividades de los hogares como empleadores y de organizaciones y organismos extraterritoriales)",N/A,1713.52
8253,304,13,15,Total,"Industria, construcción y servicios (excepto actividades de los hogares como empleadores y de organizaciones y organismos extraterritoriales)",N/A,2001.99
8254,305,13,15,Total,"Industria, construcción y servicios (excepto actividades de los hogares como empleadores y de organizaciones y organismos extraterritoriales)",N/A,1738.35
8255,306,13,15,Total,"Industria, construcción y servicios (excepto actividades de los hogares como empleadores y de organizaciones y organismos extraterritoriales)",N/A,1840.41
8256,307,13,15,Total,"Industria, construcción y servicios (excepto actividades de los hogares como empleadores y de organizaciones y organismos extraterritoriales)",N/A,1683.81
8257,308,13,15,Total,"Industria, construcción y servicios (excepto actividades de los hogares como empleadores y de organizaciones y organismos extraterritoriales)",N/A,1929.99
8258,309,13,15,Total,"Industria, construcción y servicios (excepto actividades de los hogares como empleadores y de organizaciones y organismos extraterritoriales)",N/A,1675.62
8259,310,13,15,Total,"Industria, construcción y servicios (excepto actividades de los hogares como empleadores y de organizaciones y organismos extraterritoriales)",N/A,1652.08
8260,311,13,15,Total,"Industria, construcción y servicios (excepto actividades de los hogares como empleadores y de organizaciones y organismos extraterritoriales)",N/A,1628.23
8261,312,13,15,Total,"Industria, construcción y servicios (excepto actividades de los hogares como empleadores y de organizaciones y organismos extraterritoriales)",N/A,1830.84
8262,313,13,15,Total,"Industria, construcción y servicios (excepto actividades de los hogares como empleadores y de organizaciones y organismos extraterritoriales)",N/A,1639.68
8263,314,13,15,Total,"Industria, construcción y servicios (excepto actividades de los hogares como empleadores y de organizaciones y organismos extraterritoriales)",N/A,1716.04
8264,315,13,15,Total,"Industria, construcción y servicios (excepto actividades de los hogares como empleadores y de organizaciones y organismos extraterritoriales)",N/A,1601.17
8265,316,13,15,Total,"Industria, construcción y servicios (excepto actividades de los hogares como empleadores y de organizaciones y organismos extraterritoriales)",N/A,1820.66
8266,317,13,15,Total,"Industria, construcción y servicios (excepto actividades de los hogares como empleadores y de organizaciones y organismos extraterritoriales)",N/A,1619.72
8267,318,13,15,Total,"Industria, construcción y servicios (excepto actividades de los hogares como empleadores y de organizaciones y organismos extraterritoriales)",N/A,1702.45
8268,319,13,15,Total,"Industria, construcción y servicios (excepto actividades de los hogares como empleadores y de organizaciones y organismos extraterritoriales)",N/A,1591.52
8269,320,13,15,Total,"Industria, construcción y servicios (excepto actividades de los hogares como empleadores y de organizaciones y organismos extraterritoriales)",N/A,1814.06
8270,321,13,15,Total,"Industria, construcción y servicios (excepto actividades de los hogares como empleadores y de organizaciones y organismos extraterritoriales)",N/A,1622.35
8271,322,13,15,Total,"Industria, construcción y servicios (excepto actividades de los hogares como empleadores y de organizaciones y organismos extraterritoriales)",N/A,1715.85
8272,323,13,15,Total,"Industria, construcción y servicios (excepto actividades de los hogares como empleadores y de organizaciones y organismos extraterritoriales)",N/A,1600.91
8273,324,13,15,Total,"Industria, construcción y servicios (excepto actividades de los hogares como empleadores y de organizaciones y organismos extraterritoriales)",N/A,1842.08
8274,325,13,15,Total,"Industria, construcción y servicios (excepto actividades de los hogares como empleadores y de organizaciones y organismos extraterritoriales)",N/A,1628.01
8275,326,13,15,Total,"Industria, construcción y servicios (excepto actividades de los hogares como empleadores y de organizaciones y organismos extraterritoriales)",N/A,1768.5
8276,327,13,15,Total,"Industria, construcción y servicios (excepto actividades de los hogares como empleadores y de organizaciones y organismos extraterritoriales)",N/A,1657.13
8277,328,13,15,Total,"Industria, construcción y servicios (excepto actividades de los hogares como empleadores y de organizaciones y organismos extraterritoriales)",N/A,1825.25
8278,329,13,15,Total,"Industria, construcción y servicios (excepto actividades de los hogares como empleadores y de organizaciones y organismos extraterritoriales)",N/A,1613.85
8279,330,13,15,Total,"Industria, construcción y servicios (excepto actividades de los hogares como empleadores y de organizaciones y organismos extraterritoriales)",N/A,1711.73
8280,331,13,15,Total,"Industria, construcción y servicios (excepto actividades de los hogares como empleadores y de organizaciones y organismos extraterritoriales)",N/A,1642.29
8281,332,13,15,Total,"Industria, construcción y servicios (excepto actividades de los hogares como empleadores y de organizaciones y organismos extraterritoriales)",N/A,1810.23
8282,333,13,15,Total,"Industria, construcción y servicios (excepto actividades de los hogares como empleadores y de organizaciones y organismos extraterritoriales)",N/A,1601.56
8283,334,13,15,Total,"Industria, construcción y servicios (excepto actividades de los hogares como empleadores y de organizaciones y organismos extraterritoriales)",N/A,1727.48
8284,335,13,15,Total,"Industria, construcción y servicios (excepto actividades de los hogares como empleadores y de organizaciones y organismos extraterritoriales)",N/A,1611.71
8285,336,13,15,Total,"Industria, construcción y servicios (excepto actividades de los hogares como empleadores y de organizaciones y organismos extraterritoriales)",N/A,1777.12
8286,337,13,15,Total,"Industria, construcción y servicios (excepto actividades de los hogares como empleadores y de organizaciones y organismos extraterritoriales)",N/A,1601.91
8287,338,13,15,Total,"Industria, construcción y servicios (excepto actividades de los hogares como empleadores y de organizaciones y organismos extraterritoriales)",N/A,1741.14
8288,339,13,15,Total,"Industria, construcción y servicios (excepto actividades de los hogares como empleadores y de organizaciones y organismos extraterritoriales)",N/A,1595.68
8289,340,13,15,Total,"Industria, construcción y servicios (excepto actividades de los hogares como empleadores y de organizaciones y organismos extraterritoriales)",N/A,1720.82
8290,341,13,15,Total,"Industria, construcción y servicios (excepto actividades de los hogares como empleadores y de organizaciones y organismos extraterritoriales)",N/A,1646.52
8291,342,13,15,Total,"Industria, construcción y servicios (excepto actividades de los hogares como empleadores y de organizaciones y organismos extraterritoriales)",N/A,1778.67
8292,343,13,15,Total,"Industria, construcción y servicios (excepto actividades de los hogares como empleadores y de organizaciones y organismos extraterritoriales)",N/A,1622.39
8293,344,13,15,Total,"Industria, construcción y servicios (excepto actividades de los hogares como empleadores y de organizaciones y organismos extraterritoriales)",N/A,1851.62
8294,345,13,15,Total,"Industria, construcción y servicios (excepto actividades de los hogares como empleadores y de organizaciones y organismos extraterritoriales)",N/A,1610.7
8295,346,13,15,Total,"Industria, construcción y servicios (excepto actividades de los hogares como empleadores y de organizaciones y organismos extraterritoriales)",N/A,1777.68
8296,347,13,15,Total,"Industria, construcción y servicios (excepto actividades de los hogares como empleadores y de organizaciones y organismos extraterritoriales)",N/A,1629.24
8297,348,13,15,Total,"Industria, construcción y servicios (excepto actividades de los hogares como empleadores y de organizaciones y organismos extraterritoriales)",N/A,1883.94
8298,349,13,15,Total,"Industria, construcción y servicios (excepto actividades de los hogares como empleadores y de organizaciones y organismos extraterritoriales)",N/A,1640.04
8299,350,13,15,Total,"Industria, construcción y servicios (excepto actividades de los hogares como empleadores y de organizaciones y organismos extraterritoriales)",N/A,1798.03
8300,351,13,15,Total,"Industria, construcción y servicios (excepto actividades de los hogares como empleadores y de organizaciones y organismos extraterritoriales)",N/A,1643.42
8301,352,13,15,Total,"Industria, construcción y servicios (excepto actividades de los hogares como empleadores y de organizaciones y organismos extraterritoriales)",N/A,1877.19
8302,353,13,15,Total,"Industria, construcción y servicios (excepto actividades de los hogares como empleadores y de organizaciones y organismos extraterritoriales)",N/A,1617.67
8303,354,13,15,Total,"Industria, construcción y servicios (excepto actividades de los hogares como empleadores y de organizaciones y organismos extraterritoriales)",N/A,1699.94
8304,355,13,15,Total,"Industria, construcción y servicios (excepto actividades de los hogares como empleadores y de organizaciones y organismos extraterritoriales)",N/A,1554.13
8305,356,13,15,Total,"Industria, construcción y servicios (excepto actividades de los hogares como empleadores y de organizaciones y organismos extraterritoriales)",N/A,1729.11
8306,357,13,15,Total,"Industria, construcción y servicios (excepto actividades de los hogares como empleadores y de organizaciones y organismos extraterritoriales)",N/A,1490.18
8307,358,13,15,Total,"Industria, construcción y servicios (excepto actividades de los hogares como empleadores y de organizaciones y organismos extraterritoriales)",N/A,1590.72
8308,359,13,15,Total,"Industria, construcción y servicios (excepto actividades de los hogares como empleadores y de organizaciones y organismos extraterritoriales)",N/A,1466.9
8309,289,13,15,Total,Industria,N/A,2151.56
8310,290,13,15,Total,Industria,N/A,2279.72
8311,291,13,15,Total,Industria,N/A,2157.95
8312,292,13,15,Total,Industria,N/A,2319.37
8313,293,13,15,Total,Industria,N/A,2050.23
8314,294,13,15,Total,Industria,N/A,2163.46
8315,295,13,15,Total,Industria,N/A,2077.42
8316,296,13,15,Total,Industria,N/A,2215.66
8317,297,13,15,Total,Industria,N/A,1996.48
8318,298,13,15,Total,Industria,N/A,2059.11
8319,299,13,15,Total,Industria,N/A,1990.71
8320,300,13,15,Total,Industria,N/A,2208.2
8321,301,13,15,Total,Industria,N/A,1961.65
8322,302,13,15,Total,Industria,N/A,2008.66
8323,303,13,15,Total,Industria,N/A,1897.95
8324,304,13,15,Total,Industria,N/A,2133.17
8325,305,13,15,Total,Industria,N/A,1964.88
8326,306,13,15,Total,Industria,N/A,1957.25
8327,307,13,15,Total,Industria,N/A,1953.51
8328,308,13,15,Total,Industria,N/A,2038.43
8329,309,13,15,Total,Industria,N/A,1834.53
8330,310,13,15,Total,Industria,N/A,1821.87
8331,311,13,15,Total,Industria,N/A,1919.51
8332,312,13,15,Total,Industria,N/A,2094.04
8333,313,13,15,Total,Industria,N/A,1898.65
8334,314,13,15,Total,Industria,N/A,1937.66
8335,315,13,15,Total,Industria,N/A,1952.64
8336,316,13,15,Total,Industria,N/A,2065.08
8337,317,13,15,Total,Industria,N/A,1842.13
8338,318,13,15,Total,Industria,N/A,1865.65
8339,319,13,15,Total,Industria,N/A,1906.94
8340,320,13,15,Total,Industria,N/A,2081.12
8341,321,13,15,Total,Industria,N/A,1833.45
8342,322,13,15,Total,Industria,N/A,1877.57
8343,323,13,15,Total,Industria,N/A,1868.02
8344,324,13,15,Total,Industria,N/A,2025.67
8345,325,13,15,Total,Industria,N/A,1787.26
8346,326,13,15,Total,Industria,N/A,1884.91
8347,327,13,15,Total,Industria,N/A,1852.94
8348,328,13,15,Total,Industria,N/A,2026.4
8349,329,13,15,Total,Industria,N/A,1871.83
8350,330,13,15,Total,Industria,N/A,1855.77
8351,331,13,15,Total,Industria,N/A,1887.35
8352,332,13,15,Total,Industria,N/A,2037.94
8353,333,13,15,Total,Industria,N/A,1787.39
8354,334,13,15,Total,Industria,N/A,1854.89
8355,335,13,15,Total,Industria,N/A,1852.93
8356,336,13,15,Total,Industria,N/A,1986.7
8357,337,13,15,Total,Industria,N/A,1775.1
8358,338,13,15,Total,Industria,N/A,1843.3
8359,339,13,15,Total,Industria,N/A,1792.25
8360,340,13,15,Total,Industria,N/A,1906.43
8361,341,13,15,Total,Industria,N/A,1758.62
8362,342,13,15,Total,Industria,N/A,1833.03
8363,343,13,15,Total,Industria,N/A,1781.8
8364,344,13,15,Total,Industria,N/A,1990.52
8365,345,13,15,Total,Industria,N/A,1746.89
8366,346,13,15,Total,Industria,N/A,1878.16
8367,347,13,15,Total,Industria,N/A,1806.41
8368,348,13,15,Total,Industria,N/A,1945.43
8369,349,13,15,Total,Industria,N/A,1735.33
8370,350,13,15,Total,Industria,N/A,1807.19
8371,351,13,15,Total,Industria,N/A,1748.79
8372,352,13,15,Total,Industria,N/A,1922.16
8373,353,13,15,Total,Industria,N/A,1663.67
8374,354,13,15,Total,Industria,N/A,1724.26
8375,355,13,15,Total,Industria,N/A,1627.03
8376,356,13,15,Total,Industria,N/A,1885.42
8377,357,13,15,Total,Industria,N/A,1589.15
8378,358,13,15,Total,Industria,N/A,1690.39
8379,359,13,15,Total,Industria,N/A,1615.1
8380,289,13,15,Total,Construcción,N/A,1778.15
8381,290,13,15,Total,Construcción,N/A,2104.45
8382,291,13,15,Total,Construcción,N/A,1822.38
8383,292,13,15,Total,Construcción,N/A,2117.69
8384,293,13,15,Total,Construcción,N/A,1784.93
8385,294,13,15,Total,Construcción,N/A,2064.87
8386,295,13,15,Total,Construcción,N/A,1770.57
8387,296,13,15,Total,Construcción,N/A,2005.56
8388,297,13,15,Total,Construcción,N/A,1726.98
8389,298,13,15,Total,Construcción,N/A,1922.18
8390,299,13,15,Total,Construcción,N/A,1666.45
8391,300,13,15,Total,Construcción,N/A,2004.21
8392,301,13,15,Total,Construcción,N/A,1593.71
8393,302,13,15,Total,Construcción,N/A,1829.58
8394,303,13,15,Total,Construcción,N/A,1532.28
8395,304,13,15,Total,Construcción,N/A,1931.89
8396,305,13,15,Total,Construcción,N/A,1607.42
8397,306,13,15,Total,Construcción,N/A,1785.66
8398,307,13,15,Total,Construcción,N/A,1550.47
8399,308,13,15,Total,Construcción,N/A,1954.75
8400,309,13,15,Total,Construcción,N/A,1663.47
8401,310,13,15,Total,Construcción,N/A,1530.7
8402,311,13,15,Total,Construcción,N/A,1560.72
8403,312,13,15,Total,Construcción,N/A,1908.27
8404,313,13,15,Total,Construcción,N/A,1683.77
8405,314,13,15,Total,Construcción,N/A,1759.4
8406,315,13,15,Total,Construcción,N/A,1565.73
8407,316,13,15,Total,Construcción,N/A,1835.21
8408,317,13,15,Total,Construcción,N/A,1604.36
8409,318,13,15,Total,Construcción,N/A,1675.36
8410,319,13,15,Total,Construcción,N/A,1508.38
8411,320,13,15,Total,Construcción,N/A,1815.35
8412,321,13,15,Total,Construcción,N/A,1627.95
8413,322,13,15,Total,Construcción,N/A,1684.79
8414,323,13,15,Total,Construcción,N/A,1550.47
8415,324,13,15,Total,Construcción,N/A,1818.28
8416,325,13,15,Total,Construcción,N/A,1566.77
8417,326,13,15,Total,Construcción,N/A,1723.32
8418,327,13,15,Total,Construcción,N/A,1520.97
8419,328,13,15,Total,Construcción,N/A,1788.41
8420,329,13,15,Total,Construcción,N/A,1529.32
8421,330,13,15,Total,Construcción,N/A,1685.11
8422,331,13,15,Total,Construcción,N/A,1448.59
8423,332,13,15,Total,Construcción,N/A,1865.73
8424,333,13,15,Total,Construcción,N/A,1567.38
8425,334,13,15,Total,Construcción,N/A,1731.41
8426,335,13,15,Total,Construcción,N/A,1485.75
8427,336,13,15,Total,Construcción,N/A,1791.61
8428,337,13,15,Total,Construcción,N/A,1532.92
8429,338,13,15,Total,Construcción,N/A,1740.68
8430,339,13,15,Total,Construcción,N/A,1513.91
8431,340,13,15,Total,Construcción,N/A,1770.98
8432,341,13,15,Total,Construcción,N/A,1558.05
8433,342,13,15,Total,Construcción,N/A,1729.92
8434,343,13,15,Total,Construcción,N/A,1498.58
8435,344,13,15,Total,Construcción,N/A,1907.32
8436,345,13,15,Total,Construcción,N/A,1644.84
8437,346,13,15,Total,Construcción,N/A,1756.33
8438,347,13,15,Total,Construcción,N/A,1486.43
8439,348,13,15,Total,Construcción,N/A,1738.9
8440,349,13,15,Total,Construcción,N/A,1602.59
8441,350,13,15,Total,Construcción,N/A,1634.49
8442,351,13,15,Total,Construcción,N/A,1473.48
8443,352,13,15,Total,Construcción,N/A,1725.61
8444,353,13,15,Total,Construcción,N/A,1600.56
8445,354,13,15,Total,Construcción,N/A,1671.66
8446,355,13,15,Total,Construcción,N/A,1447.71
8447,356,13,15,Total,Construcción,N/A,1759.2
8448,357,13,15,Total,Construcción,N/A,1549.01
8449,358,13,15,Total,Construcción,N/A,1721.56
8450,359,13,15,Total,Construcción,N/A,1457.53
8451,289,13,15,Total,Servicios,N/A,1917.25
8452,290,13,15,Total,Servicios,N/A,2009.72
8453,291,13,15,Total,Servicios,N/A,1885.61
8454,292,13,15,Total,Servicios,N/A,2158.22
8455,293,13,15,Total,Servicios,N/A,1973.91
8456,294,13,15,Total,Servicios,N/A,2025.82
8457,295,13,15,Total,Servicios,N/A,1875.5
8458,296,13,15,Total,Servicios,N/A,2042.07
8459,297,13,15,Total,Servicios,N/A,1823.72
8460,298,13,15,Total,Servicios,N/A,1946.5
8461,299,13,15,Total,Servicios,N/A,1783.0
8462,300,13,15,Total,Servicios,N/A,1981.55
8463,301,13,15,Total,Servicios,N/A,1739.94
8464,302,13,15,Total,Servicios,N/A,1860.09
8465,303,13,15,Total,Servicios,N/A,1684.37
8466,304,13,15,Total,Servicios,N/A,1976.98
8467,305,13,15,Total,Servicios,N/A,1697.13
8468,306,13,15,Total,Servicios,N/A,1817.26
8469,307,13,15,Total,Servicios,N/A,1632.63
8470,308,13,15,Total,Servicios,N/A,1902.14
8471,309,13,15,Total,Servicios,N/A,1638.75
8472,310,13,15,Total,Servicios,N/A,1623.66
8473,311,13,15,Total,Servicios,N/A,1567.23
8474,312,13,15,Total,Servicios,N/A,1758.85
8475,313,13,15,Total,Servicios,N/A,1571.53
8476,314,13,15,Total,Servicios,N/A,1658.04
8477,315,13,15,Total,Servicios,N/A,1519.46
8478,316,13,15,Total,Servicios,N/A,1761.3
8479,317,13,15,Total,Servicios,N/A,1569.16
8480,318,13,15,Total,Servicios,N/A,1665.8
8481,319,13,15,Total,Servicios,N/A,1525.43
8482,320,13,15,Total,Servicios,N/A,1749.9
8483,321,13,15,Total,Servicios,N/A,1571.53
8484,322,13,15,Total,Servicios,N/A,1680.22
8485,323,13,15,Total,Servicios,N/A,1539.14
8486,324,13,15,Total,Servicios,N/A,1800.8
8487,325,13,15,Total,Servicios,N/A,1594.65
8488,326,13,15,Total,Servicios,N/A,1744.8
8489,327,13,15,Total,Servicios,N/A,1619.87
8490,328,13,15,Total,Servicios,N/A,1779.93
8491,329,13,15,Total,Servicios,N/A,1558.34
8492,330,13,15,Total,Servicios,N/A,1679.9
8493,331,13,15,Total,Servicios,N/A,1596.83
8494,332,13,15,Total,Servicios,N/A,1750.89
8495,333,13,15,Total,Servicios,N/A,1558.21
8496,334,13,15,Total,Servicios,N/A,1696.77
8497,335,13,15,Total,Servicios,N/A,1564.4
8498,336,13,15,Total,Servicios,N/A,1723.87
8499,337,13,15,Total,Servicios,N/A,1564.86
8500,338,13,15,Total,Servicios,N/A,1716.8
8501,339,13,15,Total,Servicios,N/A,1553.88
8502,340,13,15,Total,Servicios,N/A,1670.87
8503,341,13,15,Total,Servicios,N/A,1627.94
8504,342,13,15,Total,Servicios,N/A,1770.4
8505,343,13,15,Total,Servicios,N/A,1597.32
8506,344,13,15,Total,Servicios,N/A,1813.68
8507,345,13,15,Total,Servicios,N/A,1576.02
8508,346,13,15,Total,Servicios,N/A,1756.91
8509,347,13,15,Total,Servicios,N/A,1607.32
8510,348,13,15,Total,Servicios,N/A,1887.83
8511,349,13,15,Total,Servicios,N/A,1623.75
8512,350,13,15,Total,Servicios,N/A,1820.19
8513,351,13,15,Total,Servicios,N/A,1644.23
8514,352,13,15,Total,Servicios,N/A,1894.88
8515,353,13,15,Total,Servicios,N/A,1609.28
8516,354,13,15,Total,Servicios,N/A,1699.76
8517,355,13,15,Total,Servicios,N/A,1559.09
8518,356,13,15,Total,Servicios,N/A,1682.17
8519,357,13,15,Total,Servicios,N/A,1449.2
8520,358,13,15,Total,Servicios,N/A,1529.7
8521,359,13,15,Total,Servicios,N/A,1428.2
8522,289,13,16,Total,"Industria, construcción y servicios (excepto actividades de los hogares como empleadores y de organizaciones y organismos extraterritoriales)",N/A,2404.71
8523,290,13,16,Total,"Industria, construcción y servicios (excepto actividades de los hogares como empleadores y de organizaciones y organismos extraterritoriales)",N/A,2607.72
8524,291,13,16,Total,"Industria, construcción y servicios (excepto actividades de los hogares como empleadores y de organizaciones y organismos extraterritoriales)",N/A,2347.43
8525,292,13,16,Total,"Industria, construcción y servicios (excepto actividades de los hogares como empleadores y de organizaciones y organismos extraterritoriales)",N/A,2667.34
8526,293,13,16,Total,"Industria, construcción y servicios (excepto actividades de los hogares como empleadores y de organizaciones y organismos extraterritoriales)",N/A,2370.41
8527,294,13,16,Total,"Industria, construcción y servicios (excepto actividades de los hogares como empleadores y de organizaciones y organismos extraterritoriales)",N/A,2554.14
8528,295,13,16,Total,"Industria, construcción y servicios (excepto actividades de los hogares como empleadores y de organizaciones y organismos extraterritoriales)",N/A,2287.72
8529,296,13,16,Total,"Industria, construcción y servicios (excepto actividades de los hogares como empleadores y de organizaciones y organismos extraterritoriales)",N/A,2596.56
8530,297,13,16,Total,"Industria, construcción y servicios (excepto actividades de los hogares como empleadores y de organizaciones y organismos extraterritoriales)",N/A,2295.74
8531,298,13,16,Total,"Industria, construcción y servicios (excepto actividades de los hogares como empleadores y de organizaciones y organismos extraterritoriales)",N/A,2475.06
8532,299,13,16,Total,"Industria, construcción y servicios (excepto actividades de los hogares como empleadores y de organizaciones y organismos extraterritoriales)",N/A,2196.71
8533,300,13,16,Total,"Industria, construcción y servicios (excepto actividades de los hogares como empleadores y de organizaciones y organismos extraterritoriales)",N/A,2502.77
8534,301,13,16,Total,"Industria, construcción y servicios (excepto actividades de los hogares como empleadores y de organizaciones y organismos extraterritoriales)",N/A,2188.69
8535,302,13,16,Total,"Industria, construcción y servicios (excepto actividades de los hogares como empleadores y de organizaciones y organismos extraterritoriales)",N/A,2271.33
8536,303,13,16,Total,"Industria, construcción y servicios (excepto actividades de los hogares como empleadores y de organizaciones y organismos extraterritoriales)",N/A,2035.81
8537,304,13,16,Total,"Industria, construcción y servicios (excepto actividades de los hogares como empleadores y de organizaciones y organismos extraterritoriales)",N/A,2346.95
8538,305,13,16,Total,"Industria, construcción y servicios (excepto actividades de los hogares como empleadores y de organizaciones y organismos extraterritoriales)",N/A,2070.28
8539,306,13,16,Total,"Industria, construcción y servicios (excepto actividades de los hogares como empleadores y de organizaciones y organismos extraterritoriales)",N/A,2228.21
8540,307,13,16,Total,"Industria, construcción y servicios (excepto actividades de los hogares como empleadores y de organizaciones y organismos extraterritoriales)",N/A,2023.81
8541,308,13,16,Total,"Industria, construcción y servicios (excepto actividades de los hogares como empleadores y de organizaciones y organismos extraterritoriales)",N/A,2339.9
8542,309,13,16,Total,"Industria, construcción y servicios (excepto actividades de los hogares como empleadores y de organizaciones y organismos extraterritoriales)",N/A,2061.23
8543,310,13,16,Total,"Industria, construcción y servicios (excepto actividades de los hogares como empleadores y de organizaciones y organismos extraterritoriales)",N/A,2068.09
8544,311,13,16,Total,"Industria, construcción y servicios (excepto actividades de los hogares como empleadores y de organizaciones y organismos extraterritoriales)",N/A,2006.14
8545,312,13,16,Total,"Industria, construcción y servicios (excepto actividades de los hogares como empleadores y de organizaciones y organismos extraterritoriales)",N/A,2339.12
8546,313,13,16,Total,"Industria, construcción y servicios (excepto actividades de los hogares como empleadores y de organizaciones y organismos extraterritoriales)",N/A,2043.33
8547,314,13,16,Total,"Industria, construcción y servicios (excepto actividades de los hogares como empleadores y de organizaciones y organismos extraterritoriales)",N/A,2134.25
8548,315,13,16,Total,"Industria, construcción y servicios (excepto actividades de los hogares como empleadores y de organizaciones y organismos extraterritoriales)",N/A,1969.79
8549,316,13,16,Total,"Industria, construcción y servicios (excepto actividades de los hogares como empleadores y de organizaciones y organismos extraterritoriales)",N/A,2269.93
8550,317,13,16,Total,"Industria, construcción y servicios (excepto actividades de los hogares como empleadores y de organizaciones y organismos extraterritoriales)",N/A,1999.91
8551,318,13,16,Total,"Industria, construcción y servicios (excepto actividades de los hogares como empleadores y de organizaciones y organismos extraterritoriales)",N/A,2113.21
8552,319,13,16,Total,"Industria, construcción y servicios (excepto actividades de los hogares como empleadores y de organizaciones y organismos extraterritoriales)",N/A,1945.66
8553,320,13,16,Total,"Industria, construcción y servicios (excepto actividades de los hogares como empleadores y de organizaciones y organismos extraterritoriales)",N/A,2225.38
8554,321,13,16,Total,"Industria, construcción y servicios (excepto actividades de los hogares como empleadores y de organizaciones y organismos extraterritoriales)",N/A,1961.46
8555,322,13,16,Total,"Industria, construcción y servicios (excepto actividades de los hogares como empleadores y de organizaciones y organismos extraterritoriales)",N/A,2055.73
8556,323,13,16,Total,"Industria, construcción y servicios (excepto actividades de los hogares como empleadores y de organizaciones y organismos extraterritoriales)",N/A,1942.08
8557,324,13,16,Total,"Industria, construcción y servicios (excepto actividades de los hogares como empleadores y de organizaciones y organismos extraterritoriales)",N/A,2140.65
8558,325,13,16,Total,"Industria, construcción y servicios (excepto actividades de los hogares como empleadores y de organizaciones y organismos extraterritoriales)",N/A,1883.29
8559,326,13,16,Total,"Industria, construcción y servicios (excepto actividades de los hogares como empleadores y de organizaciones y organismos extraterritoriales)",N/A,1966.11
8560,327,13,16,Total,"Industria, construcción y servicios (excepto actividades de los hogares como empleadores y de organizaciones y organismos extraterritoriales)",N/A,1871.25
8561,328,13,16,Total,"Industria, construcción y servicios (excepto actividades de los hogares como empleadores y de organizaciones y organismos extraterritoriales)",N/A,2099.48
8562,329,13,16,Total,"Industria, construcción y servicios (excepto actividades de los hogares como empleadores y de organizaciones y organismos extraterritoriales)",N/A,1910.09
8563,330,13,16,Total,"Industria, construcción y servicios (excepto actividades de los hogares como empleadores y de organizaciones y organismos extraterritoriales)",N/A,1972.23
8564,331,13,16,Total,"Industria, construcción y servicios (excepto actividades de los hogares como empleadores y de organizaciones y organismos extraterritoriales)",N/A,1914.11
8565,332,13,16,Total,"Industria, construcción y servicios (excepto actividades de los hogares como empleadores y de organizaciones y organismos extraterritoriales)",N/A,2123.54
8566,333,13,16,Total,"Industria, construcción y servicios (excepto actividades de los hogares como empleadores y de organizaciones y organismos extraterritoriales)",N/A,1917.6
8567,334,13,16,Total,"Industria, construcción y servicios (excepto actividades de los hogares como empleadores y de organizaciones y organismos extraterritoriales)",N/A,1987.93
8568,335,13,16,Total,"Industria, construcción y servicios (excepto actividades de los hogares como empleadores y de organizaciones y organismos extraterritoriales)",N/A,1878.67
8569,336,13,16,Total,"Industria, construcción y servicios (excepto actividades de los hogares como empleadores y de organizaciones y organismos extraterritoriales)",N/A,2099.2
8570,337,13,16,Total,"Industria, construcción y servicios (excepto actividades de los hogares como empleadores y de organizaciones y organismos extraterritoriales)",N/A,1894.35
8571,338,13,16,Total,"Industria, construcción y servicios (excepto actividades de los hogares como empleadores y de organizaciones y organismos extraterritoriales)",N/A,1957.06
8572,339,13,16,Total,"Industria, construcción y servicios (excepto actividades de los hogares como empleadores y de organizaciones y organismos extraterritoriales)",N/A,1812.06
8573,340,13,16,Total,"Industria, construcción y servicios (excepto actividades de los hogares como empleadores y de organizaciones y organismos extraterritoriales)",N/A,2056.57
8574,341,13,16,Total,"Industria, construcción y servicios (excepto actividades de los hogares como empleadores y de organizaciones y organismos extraterritoriales)",N/A,1895.67
8575,342,13,16,Total,"Industria, construcción y servicios (excepto actividades de los hogares como empleadores y de organizaciones y organismos extraterritoriales)",N/A,1989.09
8576,343,13,16,Total,"Industria, construcción y servicios (excepto actividades de los hogares como empleadores y de organizaciones y organismos extraterritoriales)",N/A,1844.79
8577,344,13,16,Total,"Industria, construcción y servicios (excepto actividades de los hogares como empleadores y de organizaciones y organismos extraterritoriales)",N/A,2175.4
8578,345,13,16,Total,"Industria, construcción y servicios (excepto actividades de los hogares como empleadores y de organizaciones y organismos extraterritoriales)",N/A,1905.99
8579,346,13,16,Total,"Industria, construcción y servicios (excepto actividades de los hogares como empleadores y de organizaciones y organismos extraterritoriales)",N/A,2015.88
8580,347,13,16,Total,"Industria, construcción y servicios (excepto actividades de los hogares como empleadores y de organizaciones y organismos extraterritoriales)",N/A,1902.36
8581,348,13,16,Total,"Industria, construcción y servicios (excepto actividades de los hogares como empleadores y de organizaciones y organismos extraterritoriales)",N/A,2174.23
8582,349,13,16,Total,"Industria, construcción y servicios (excepto actividades de los hogares como empleadores y de organizaciones y organismos extraterritoriales)",N/A,1895.65
8583,350,13,16,Total,"Industria, construcción y servicios (excepto actividades de los hogares como empleadores y de organizaciones y organismos extraterritoriales)",N/A,1993.11
8584,351,13,16,Total,"Industria, construcción y servicios (excepto actividades de los hogares como empleadores y de organizaciones y organismos extraterritoriales)",N/A,1833.21
8585,352,13,16,Total,"Industria, construcción y servicios (excepto actividades de los hogares como empleadores y de organizaciones y organismos extraterritoriales)",N/A,2126.11
8586,353,13,16,Total,"Industria, construcción y servicios (excepto actividades de los hogares como empleadores y de organizaciones y organismos extraterritoriales)",N/A,1858.83
8587,354,13,16,Total,"Industria, construcción y servicios (excepto actividades de los hogares como empleadores y de organizaciones y organismos extraterritoriales)",N/A,1980.07
8588,355,13,16,Total,"Industria, construcción y servicios (excepto actividades de los hogares como empleadores y de organizaciones y organismos extraterritoriales)",N/A,1809.97
8589,356,13,16,Total,"Industria, construcción y servicios (excepto actividades de los hogares como empleadores y de organizaciones y organismos extraterritoriales)",N/A,2100.74
8590,357,13,16,Total,"Industria, construcción y servicios (excepto actividades de los hogares como empleadores y de organizaciones y organismos extraterritoriales)",N/A,1834.24
8591,358,13,16,Total,"Industria, construcción y servicios (excepto actividades de los hogares como empleadores y de organizaciones y organismos extraterritoriales)",N/A,1944.93
8592,359,13,16,Total,"Industria, construcción y servicios (excepto actividades de los hogares como empleadores y de organizaciones y organismos extraterritoriales)",N/A,1790.73
8593,289,13,16,Total,Industria,N/A,2730.63
8594,290,13,16,Total,Industria,N/A,3066.03
8595,291,13,16,Total,Industria,N/A,2734.36
8596,292,13,16,Total,Industria,N/A,2987.3
8597,293,13,16,Total,Industria,N/A,2643.17
8598,294,13,16,Total,Industria,N/A,2921.04
8599,295,13,16,Total,Industria,N/A,2545.3
8600,296,13,16,Total,Industria,N/A,2866.96
8601,297,13,16,Total,Industria,N/A,2578.89
8602,298,13,16,Total,Industria,N/A,2825.21
8603,299,13,16,Total,Industria,N/A,2499.92
8604,300,13,16,Total,Industria,N/A,2722.91
8605,301,13,16,Total,Industria,N/A,2442.4
8606,302,13,16,Total,Industria,N/A,2415.59
8607,303,13,16,Total,Industria,N/A,2238.5
8608,304,13,16,Total,Industria,N/A,2539.07
8609,305,13,16,Total,Industria,N/A,2242.54
8610,306,13,16,Total,Industria,N/A,2418.6
8611,307,13,16,Total,Industria,N/A,2270.63
8612,308,13,16,Total,Industria,N/A,2654.85
8613,309,13,16,Total,Industria,N/A,2317.65
8614,310,13,16,Total,Industria,N/A,2189.26
8615,311,13,16,Total,Industria,N/A,2302.17
8616,312,13,16,Total,Industria,N/A,2681.4
8617,313,13,16,Total,Industria,N/A,2398.22
8618,314,13,16,Total,Industria,N/A,2402.91
8619,315,13,16,Total,Industria,N/A,2280.5
8620,316,13,16,Total,Industria,N/A,2636.11
8621,317,13,16,Total,Industria,N/A,2321.81
8622,318,13,16,Total,Industria,N/A,2394.04
8623,319,13,16,Total,Industria,N/A,2263.83
8624,320,13,16,Total,Industria,N/A,2652.8
8625,321,13,16,Total,Industria,N/A,2341.98
8626,322,13,16,Total,Industria,N/A,2340.63
8627,323,13,16,Total,Industria,N/A,2276.06
8628,324,13,16,Total,Industria,N/A,2588.16
8629,325,13,16,Total,Industria,N/A,2283.72
8630,326,13,16,Total,Industria,N/A,2321.92
8631,327,13,16,Total,Industria,N/A,2206.86
8632,328,13,16,Total,Industria,N/A,2543.65
8633,329,13,16,Total,Industria,N/A,2325.17
8634,330,13,16,Total,Industria,N/A,2306.12
8635,331,13,16,Total,Industria,N/A,2273.74
8636,332,13,16,Total,Industria,N/A,2484.58
8637,333,13,16,Total,Industria,N/A,2375.67
8638,334,13,16,Total,Industria,N/A,2319.35
8639,335,13,16,Total,Industria,N/A,2158.45
8640,336,13,16,Total,Industria,N/A,2571.17
8641,337,13,16,Total,Industria,N/A,2294.71
8642,338,13,16,Total,Industria,N/A,2315.48
8643,339,13,16,Total,Industria,N/A,2157.25
8644,340,13,16,Total,Industria,N/A,2499.77
8645,341,13,16,Total,Industria,N/A,2176.55
8646,342,13,16,Total,Industria,N/A,2254.44
8647,343,13,16,Total,Industria,N/A,2122.54
8648,344,13,16,Total,Industria,N/A,2526.16
8649,345,13,16,Total,Industria,N/A,2153.75
8650,346,13,16,Total,Industria,N/A,2200.74
8651,347,13,16,Total,Industria,N/A,2138.86
8652,348,13,16,Total,Industria,N/A,2401.57
8653,349,13,16,Total,Industria,N/A,2107.91
8654,350,13,16,Total,Industria,N/A,2110.66
8655,351,13,16,Total,Industria,N/A,1970.27
8656,352,13,16,Total,Industria,N/A,2324.69
8657,353,13,16,Total,Industria,N/A,2109.85
8658,354,13,16,Total,Industria,N/A,2098.03
8659,355,13,16,Total,Industria,N/A,1999.76
8660,356,13,16,Total,Industria,N/A,2267.81
8661,357,13,16,Total,Industria,N/A,2058.44
8662,358,13,16,Total,Industria,N/A,2107.31
8663,359,13,16,Total,Industria,N/A,2055.57
8664,289,13,16,Total,Construcción,N/A,2497.99
8665,290,13,16,Total,Construcción,N/A,2712.75
8666,291,13,16,Total,Construcción,N/A,2392.87
8667,292,13,16,Total,Construcción,N/A,2695.82
8668,293,13,16,Total,Construcción,N/A,2386.07
8669,294,13,16,Total,Construcción,N/A,2671.28
8670,295,13,16,Total,Construcción,N/A,2431.2
8671,296,13,16,Total,Construcción,N/A,2553.42
8672,297,13,16,Total,Construcción,N/A,2295.92
8673,298,13,16,Total,Construcción,N/A,2530.79
8674,299,13,16,Total,Construcción,N/A,2176.4
8675,300,13,16,Total,Construcción,N/A,2522.72
8676,301,13,16,Total,Construcción,N/A,2209.03
8677,302,13,16,Total,Construcción,N/A,2215.04
8678,303,13,16,Total,Construcción,N/A,2008.97
8679,304,13,16,Total,Construcción,N/A,2449.39
8680,305,13,16,Total,Construcción,N/A,2133.39
8681,306,13,16,Total,Construcción,N/A,2194.83
8682,307,13,16,Total,Construcción,N/A,2079.97
8683,308,13,16,Total,Construcción,N/A,2333.87
8684,309,13,16,Total,Construcción,N/A,2027.18
8685,310,13,16,Total,Construcción,N/A,1891.14
8686,311,13,16,Total,Construcción,N/A,1926.74
8687,312,13,16,Total,Construcción,N/A,2330.22
8688,313,13,16,Total,Construcción,N/A,1976.15
8689,314,13,16,Total,Construcción,N/A,2075.55
8690,315,13,16,Total,Construcción,N/A,1837.67
8691,316,13,16,Total,Construcción,N/A,2308.89
8692,317,13,16,Total,Construcción,N/A,1901.95
8693,318,13,16,Total,Construcción,N/A,2054.07
8694,319,13,16,Total,Construcción,N/A,1854.46
8695,320,13,16,Total,Construcción,N/A,2349.69
8696,321,13,16,Total,Construcción,N/A,1840.33
8697,322,13,16,Total,Construcción,N/A,2076.22
8698,323,13,16,Total,Construcción,N/A,1736.57
8699,324,13,16,Total,Construcción,N/A,2406.75
8700,325,13,16,Total,Construcción,N/A,1916.67
8701,326,13,16,Total,Construcción,N/A,2193.49
8702,327,13,16,Total,Construcción,N/A,1888.55
8703,328,13,16,Total,Construcción,N/A,2382.53
8704,329,13,16,Total,Construcción,N/A,1832.86
8705,330,13,16,Total,Construcción,N/A,2077.92
8706,331,13,16,Total,Construcción,N/A,1834.53
8707,332,13,16,Total,Construcción,N/A,2205.71
8708,333,13,16,Total,Construcción,N/A,1849.82
8709,334,13,16,Total,Construcción,N/A,2051.4
8710,335,13,16,Total,Construcción,N/A,1814.37
8711,336,13,16,Total,Construcción,N/A,2369.18
8712,337,13,16,Total,Construcción,N/A,1855.14
8713,338,13,16,Total,Construcción,N/A,2238.32
8714,339,13,16,Total,Construcción,N/A,1886.55
8715,340,13,16,Total,Construcción,N/A,2470.59
8716,341,13,16,Total,Construcción,N/A,1871.27
8717,342,13,16,Total,Construcción,N/A,2236.18
8718,343,13,16,Total,Construcción,N/A,1936.66
8719,344,13,16,Total,Construcción,N/A,2658.03
8720,345,13,16,Total,Construcción,N/A,1965.87
8721,346,13,16,Total,Construcción,N/A,2326.84
8722,347,13,16,Total,Construcción,N/A,2016.5
8723,348,13,16,Total,Construcción,N/A,2490.64
8724,349,13,16,Total,Construcción,N/A,2021.88
8725,350,13,16,Total,Construcción,N/A,2333.5
8726,351,13,16,Total,Construcción,N/A,2044.55
8727,352,13,16,Total,Construcción,N/A,2411.3
8728,353,13,16,Total,Construcción,N/A,1923.09
8729,354,13,16,Total,Construcción,N/A,2190.51
8730,355,13,16,Total,Construcción,N/A,1832.83
8731,356,13,16,Total,Construcción,N/A,2254.7
8732,357,13,16,Total,Construcción,N/A,1914.39
8733,358,13,16,Total,Construcción,N/A,1983.85
8734,359,13,16,Total,Construcción,N/A,1757.82
8735,289,13,16,Total,Servicios,N/A,2257.2
8736,290,13,16,Total,Servicios,N/A,2402.71
8737,291,13,16,Total,Servicios,N/A,2174.49
8738,292,13,16,Total,Servicios,N/A,2524.23
8739,293,13,16,Total,Servicios,N/A,2250.04
8740,294,13,16,Total,Servicios,N/A,2384.29
8741,295,13,16,Total,Servicios,N/A,2163.23
8742,296,13,16,Total,Servicios,N/A,2481.19
8743,297,13,16,Total,Servicios,N/A,2172.34
8744,298,13,16,Total,Servicios,N/A,2319.23
8745,299,13,16,Total,Servicios,N/A,2065.05
8746,300,13,16,Total,Servicios,N/A,2402.18
8747,301,13,16,Total,Servicios,N/A,2075.91
8748,302,13,16,Total,Servicios,N/A,2211.7
8749,303,13,16,Total,Servicios,N/A,1948.24
8750,304,13,16,Total,Servicios,N/A,2251.54
8751,305,13,16,Total,Servicios,N/A,1984.04
8752,306,13,16,Total,Servicios,N/A,2141.66
8753,307,13,16,Total,Servicios,N/A,1907.05
8754,308,13,16,Total,Servicios,N/A,2191.66
8755,309,13,16,Total,Servicios,N/A,1941.66
8756,310,13,16,Total,Servicios,N/A,2021.84
8757,311,13,16,Total,Servicios,N/A,1873.05
8758,312,13,16,Total,Servicios,N/A,2189.15
8759,313,13,16,Total,Servicios,N/A,1887.89
8760,314,13,16,Total,Servicios,N/A,2016.61
8761,315,13,16,Total,Servicios,N/A,1841.0
8762,316,13,16,Total,Servicios,N/A,2101.26
8763,317,13,16,Total,Servicios,N/A,1857.48
8764,318,13,16,Total,Servicios,N/A,1989.79
8765,319,13,16,Total,Servicios,N/A,1808.27
8766,320,13,16,Total,Servicios,N/A,2019.03
8767,321,13,16,Total,Servicios,N/A,1792.42
8768,322,13,16,Total,Servicios,N/A,1924.36
8769,323,13,16,Total,Servicios,N/A,1803.68
8770,324,13,16,Total,Servicios,N/A,1925.64
8771,325,13,16,Total,Servicios,N/A,1699.88
8772,326,13,16,Total,Servicios,N/A,1789.35
8773,327,13,16,Total,Servicios,N/A,1721.97
8774,328,13,16,Total,Servicios,N/A,1874.61
8775,329,13,16,Total,Servicios,N/A,1722.98
8776,330,13,16,Total,Servicios,N/A,1810.0
8777,331,13,16,Total,Servicios,N/A,1755.26
8778,332,13,16,Total,Servicios,N/A,1951.38
8779,333,13,16,Total,Servicios,N/A,1716.01
8780,334,13,16,Total,Servicios,N/A,1831.16
8781,335,13,16,Total,Servicios,N/A,1759.24
8782,336,13,16,Total,Servicios,N/A,1857.89
8783,337,13,16,Total,Servicios,N/A,1704.28
8784,338,13,16,Total,Servicios,N/A,1756.87
8785,339,13,16,Total,Servicios,N/A,1647.44
8786,340,13,16,Total,Servicios,N/A,1800.86
8787,341,13,16,Total,Servicios,N/A,1764.59
8788,342,13,16,Total,Servicios,N/A,1839.2
8789,343,13,16,Total,Servicios,N/A,1705.63
8790,344,13,16,Total,Servicios,N/A,1941.98
8791,345,13,16,Total,Servicios,N/A,1772.71
8792,346,13,16,Total,Servicios,N/A,1886.53
8793,347,13,16,Total,Servicios,N/A,1772.97
8794,348,13,16,Total,Servicios,N/A,2021.18
8795,349,13,16,Total,Servicios,N/A,1771.77
8796,350,13,16,Total,Servicios,N/A,1889.16
8797,351,13,16,Total,Servicios,N/A,1735.39
8798,352,13,16,Total,Servicios,N/A,1978.83
8799,353,13,16,Total,Servicios,N/A,1719.51
8800,354,13,16,Total,Servicios,N/A,1884.82
8801,355,13,16,Total,Servicios,N/A,1707.52
8802,356,13,16,Total,Servicios,N/A,1984.45
8803,357,13,16,Total,Servicios,N/A,1698.45
8804,358,13,16,Total,Servicios,N/A,1851.51
8805,359,13,16,Total,Servicios,N/A,1654.18
8806,289,13,17,Total,"Industria, construcción y servicios (excepto actividades de los hogares como empleadores y de organizaciones y organismos extraterritoriales)",N/A,2682.46
8807,290,13,17,Total,"Industria, construcción y servicios (excepto actividades de los hogares como empleadores y de organizaciones y organismos extraterritoriales)",N/A,2588.14
8808,291,13,17,Total,"Industria, construcción y servicios (excepto actividades de los hogares como empleadores y de organizaciones y organismos extraterritoriales)",N/A,2543.5
8809,292,13,17,Total,"Industria, construcción y servicios (excepto actividades de los hogares como empleadores y de organizaciones y organismos extraterritoriales)",N/A,2744.09
8810,293,13,17,Total,"Industria, construcción y servicios (excepto actividades de los hogares como empleadores y de organizaciones y organismos extraterritoriales)",N/A,2577.99
8811,294,13,17,Total,"Industria, construcción y servicios (excepto actividades de los hogares como empleadores y de organizaciones y organismos extraterritoriales)",N/A,2503.77
8812,295,13,17,Total,"Industria, construcción y servicios (excepto actividades de los hogares como empleadores y de organizaciones y organismos extraterritoriales)",N/A,2460.27
8813,296,13,17,Total,"Industria, construcción y servicios (excepto actividades de los hogares como empleadores y de organizaciones y organismos extraterritoriales)",N/A,2712.27
8814,297,13,17,Total,"Industria, construcción y servicios (excepto actividades de los hogares como empleadores y de organizaciones y organismos extraterritoriales)",N/A,2486.8
8815,298,13,17,Total,"Industria, construcción y servicios (excepto actividades de los hogares como empleadores y de organizaciones y organismos extraterritoriales)",N/A,2442.09
8816,299,13,17,Total,"Industria, construcción y servicios (excepto actividades de los hogares como empleadores y de organizaciones y organismos extraterritoriales)",N/A,2414.95
8817,300,13,17,Total,"Industria, construcción y servicios (excepto actividades de los hogares como empleadores y de organizaciones y organismos extraterritoriales)",N/A,2693.14
8818,301,13,17,Total,"Industria, construcción y servicios (excepto actividades de los hogares como empleadores y de organizaciones y organismos extraterritoriales)",N/A,2392.36
8819,302,13,17,Total,"Industria, construcción y servicios (excepto actividades de los hogares como empleadores y de organizaciones y organismos extraterritoriales)",N/A,2297.86
8820,303,13,17,Total,"Industria, construcción y servicios (excepto actividades de los hogares como empleadores y de organizaciones y organismos extraterritoriales)",N/A,2316.35
8821,304,13,17,Total,"Industria, construcción y servicios (excepto actividades de los hogares como empleadores y de organizaciones y organismos extraterritoriales)",N/A,2535.82
8822,305,13,17,Total,"Industria, construcción y servicios (excepto actividades de los hogares como empleadores y de organizaciones y organismos extraterritoriales)",N/A,2369.53
8823,306,13,17,Total,"Industria, construcción y servicios (excepto actividades de los hogares como empleadores y de organizaciones y organismos extraterritoriales)",N/A,2263.59
8824,307,13,17,Total,"Industria, construcción y servicios (excepto actividades de los hogares como empleadores y de organizaciones y organismos extraterritoriales)",N/A,2259.42
8825,308,13,17,Total,"Industria, construcción y servicios (excepto actividades de los hogares como empleadores y de organizaciones y organismos extraterritoriales)",N/A,2444.06
8826,309,13,17,Total,"Industria, construcción y servicios (excepto actividades de los hogares como empleadores y de organizaciones y organismos extraterritoriales)",N/A,2279.12
8827,310,13,17,Total,"Industria, construcción y servicios (excepto actividades de los hogares como empleadores y de organizaciones y organismos extraterritoriales)",N/A,2065.91
8828,311,13,17,Total,"Industria, construcción y servicios (excepto actividades de los hogares como empleadores y de organizaciones y organismos extraterritoriales)",N/A,2199.66
8829,312,13,17,Total,"Industria, construcción y servicios (excepto actividades de los hogares como empleadores y de organizaciones y organismos extraterritoriales)",N/A,2444.01
8830,313,13,17,Total,"Industria, construcción y servicios (excepto actividades de los hogares como empleadores y de organizaciones y organismos extraterritoriales)",N/A,2298.38
8831,314,13,17,Total,"Industria, construcción y servicios (excepto actividades de los hogares como empleadores y de organizaciones y organismos extraterritoriales)",N/A,2256.2
8832,315,13,17,Total,"Industria, construcción y servicios (excepto actividades de los hogares como empleadores y de organizaciones y organismos extraterritoriales)",N/A,2161.18
8833,316,13,17,Total,"Industria, construcción y servicios (excepto actividades de los hogares como empleadores y de organizaciones y organismos extraterritoriales)",N/A,2438.82
8834,317,13,17,Total,"Industria, construcción y servicios (excepto actividades de los hogares como empleadores y de organizaciones y organismos extraterritoriales)",N/A,2279.45
8835,318,13,17,Total,"Industria, construcción y servicios (excepto actividades de los hogares como empleadores y de organizaciones y organismos extraterritoriales)",N/A,2186.71
8836,319,13,17,Total,"Industria, construcción y servicios (excepto actividades de los hogares como empleadores y de organizaciones y organismos extraterritoriales)",N/A,2128.34
8837,320,13,17,Total,"Industria, construcción y servicios (excepto actividades de los hogares como empleadores y de organizaciones y organismos extraterritoriales)",N/A,2363.24
8838,321,13,17,Total,"Industria, construcción y servicios (excepto actividades de los hogares como empleadores y de organizaciones y organismos extraterritoriales)",N/A,2200.05
8839,322,13,17,Total,"Industria, construcción y servicios (excepto actividades de los hogares como empleadores y de organizaciones y organismos extraterritoriales)",N/A,2163.71
8840,323,13,17,Total,"Industria, construcción y servicios (excepto actividades de los hogares como empleadores y de organizaciones y organismos extraterritoriales)",N/A,2095.3
8841,324,13,17,Total,"Industria, construcción y servicios (excepto actividades de los hogares como empleadores y de organizaciones y organismos extraterritoriales)",N/A,2344.54
8842,325,13,17,Total,"Industria, construcción y servicios (excepto actividades de los hogares como empleadores y de organizaciones y organismos extraterritoriales)",N/A,2175.63
8843,326,13,17,Total,"Industria, construcción y servicios (excepto actividades de los hogares como empleadores y de organizaciones y organismos extraterritoriales)",N/A,2200.89
8844,327,13,17,Total,"Industria, construcción y servicios (excepto actividades de los hogares como empleadores y de organizaciones y organismos extraterritoriales)",N/A,2094.68
8845,328,13,17,Total,"Industria, construcción y servicios (excepto actividades de los hogares como empleadores y de organizaciones y organismos extraterritoriales)",N/A,2386.82
8846,329,13,17,Total,"Industria, construcción y servicios (excepto actividades de los hogares como empleadores y de organizaciones y organismos extraterritoriales)",N/A,2191.94
8847,330,13,17,Total,"Industria, construcción y servicios (excepto actividades de los hogares como empleadores y de organizaciones y organismos extraterritoriales)",N/A,2216.47
8848,331,13,17,Total,"Industria, construcción y servicios (excepto actividades de los hogares como empleadores y de organizaciones y organismos extraterritoriales)",N/A,2118.04
8849,332,13,17,Total,"Industria, construcción y servicios (excepto actividades de los hogares como empleadores y de organizaciones y organismos extraterritoriales)",N/A,2393.36
8850,333,13,17,Total,"Industria, construcción y servicios (excepto actividades de los hogares como empleadores y de organizaciones y organismos extraterritoriales)",N/A,2213.04
8851,334,13,17,Total,"Industria, construcción y servicios (excepto actividades de los hogares como empleadores y de organizaciones y organismos extraterritoriales)",N/A,2213.1
8852,335,13,17,Total,"Industria, construcción y servicios (excepto actividades de los hogares como empleadores y de organizaciones y organismos extraterritoriales)",N/A,2118.14
8853,336,13,17,Total,"Industria, construcción y servicios (excepto actividades de los hogares como empleadores y de organizaciones y organismos extraterritoriales)",N/A,2409.2
8854,337,13,17,Total,"Industria, construcción y servicios (excepto actividades de los hogares como empleadores y de organizaciones y organismos extraterritoriales)",N/A,2249.72
8855,338,13,17,Total,"Industria, construcción y servicios (excepto actividades de los hogares como empleadores y de organizaciones y organismos extraterritoriales)",N/A,2211.36
8856,339,13,17,Total,"Industria, construcción y servicios (excepto actividades de los hogares como empleadores y de organizaciones y organismos extraterritoriales)",N/A,2155.12
8857,340,13,17,Total,"Industria, construcción y servicios (excepto actividades de los hogares como empleadores y de organizaciones y organismos extraterritoriales)",N/A,2340.6
8858,341,13,17,Total,"Industria, construcción y servicios (excepto actividades de los hogares como empleadores y de organizaciones y organismos extraterritoriales)",N/A,2219.71
8859,342,13,17,Total,"Industria, construcción y servicios (excepto actividades de los hogares como empleadores y de organizaciones y organismos extraterritoriales)",N/A,2207.7
8860,343,13,17,Total,"Industria, construcción y servicios (excepto actividades de los hogares como empleadores y de organizaciones y organismos extraterritoriales)",N/A,2128.85
8861,344,13,17,Total,"Industria, construcción y servicios (excepto actividades de los hogares como empleadores y de organizaciones y organismos extraterritoriales)",N/A,2392.16
8862,345,13,17,Total,"Industria, construcción y servicios (excepto actividades de los hogares como empleadores y de organizaciones y organismos extraterritoriales)",N/A,2192.14
8863,346,13,17,Total,"Industria, construcción y servicios (excepto actividades de los hogares como empleadores y de organizaciones y organismos extraterritoriales)",N/A,2156.02
8864,347,13,17,Total,"Industria, construcción y servicios (excepto actividades de los hogares como empleadores y de organizaciones y organismos extraterritoriales)",N/A,2098.47
8865,348,13,17,Total,"Industria, construcción y servicios (excepto actividades de los hogares como empleadores y de organizaciones y organismos extraterritoriales)",N/A,2371.0
8866,349,13,17,Total,"Industria, construcción y servicios (excepto actividades de los hogares como empleadores y de organizaciones y organismos extraterritoriales)",N/A,2176.6
8867,350,13,17,Total,"Industria, construcción y servicios (excepto actividades de los hogares como empleadores y de organizaciones y organismos extraterritoriales)",N/A,2181.65
8868,351,13,17,Total,"Industria, construcción y servicios (excepto actividades de los hogares como empleadores y de organizaciones y organismos extraterritoriales)",N/A,2096.07
8869,352,13,17,Total,"Industria, construcción y servicios (excepto actividades de los hogares como empleadores y de organizaciones y organismos extraterritoriales)",N/A,2347.93
8870,353,13,17,Total,"Industria, construcción y servicios (excepto actividades de los hogares como empleadores y de organizaciones y organismos extraterritoriales)",N/A,2124.87
8871,354,13,17,Total,"Industria, construcción y servicios (excepto actividades de los hogares como empleadores y de organizaciones y organismos extraterritoriales)",N/A,2123.29
8872,355,13,17,Total,"Industria, construcción y servicios (excepto actividades de los hogares como empleadores y de organizaciones y organismos extraterritoriales)",N/A,2053.56
8873,356,13,17,Total,"Industria, construcción y servicios (excepto actividades de los hogares como empleadores y de organizaciones y organismos extraterritoriales)",N/A,2297.51
8874,357,13,17,Total,"Industria, construcción y servicios (excepto actividades de los hogares como empleadores y de organizaciones y organismos extraterritoriales)",N/A,2112.72
8875,358,13,17,Total,"Industria, construcción y servicios (excepto actividades de los hogares como empleadores y de organizaciones y organismos extraterritoriales)",N/A,2040.2
8876,359,13,17,Total,"Industria, construcción y servicios (excepto actividades de los hogares como empleadores y de organizaciones y organismos extraterritoriales)",N/A,1961.99
8877,289,13,17,Total,Industria,N/A,3319.25
8878,290,13,17,Total,Industria,N/A,3028.09
8879,291,13,17,Total,Industria,N/A,3145.07
8880,292,13,17,Total,Industria,N/A,3458.17
8881,293,13,17,Total,Industria,N/A,3299.37
8882,294,13,17,Total,Industria,N/A,3054.36
8883,295,13,17,Total,Industria,N/A,3108.02
8884,296,13,17,Total,Industria,N/A,3490.13
8885,297,13,17,Total,Industria,N/A,3109.35
8886,298,13,17,Total,Industria,N/A,2941.96
8887,299,13,17,Total,Industria,N/A,3003.66
8888,300,13,17,Total,Industria,N/A,3281.48
8889,301,13,17,Total,Industria,N/A,2901.38
8890,302,13,17,Total,Industria,N/A,2730.04
8891,303,13,17,Total,Industria,N/A,2885.12
8892,304,13,17,Total,Industria,N/A,3170.81
8893,305,13,17,Total,Industria,N/A,2792.39
8894,306,13,17,Total,Industria,N/A,2612.67
8895,307,13,17,Total,Industria,N/A,2743.89
8896,308,13,17,Total,Industria,N/A,3124.44
8897,309,13,17,Total,Industria,N/A,2727.87
8898,310,13,17,Total,Industria,N/A,2340.09
8899,311,13,17,Total,Industria,N/A,2606.08
8900,312,13,17,Total,Industria,N/A,3054.39
8901,313,13,17,Total,Industria,N/A,2740.73
8902,314,13,17,Total,Industria,N/A,2672.58
8903,315,13,17,Total,Industria,N/A,2586.67
8904,316,13,17,Total,Industria,N/A,3106.24
8905,317,13,17,Total,Industria,N/A,2778.61
8906,318,13,17,Total,Industria,N/A,2575.93
8907,319,13,17,Total,Industria,N/A,2546.58
8908,320,13,17,Total,Industria,N/A,3081.3
8909,321,13,17,Total,Industria,N/A,2757.98
8910,322,13,17,Total,Industria,N/A,2569.79
8911,323,13,17,Total,Industria,N/A,2475.99
8912,324,13,17,Total,Industria,N/A,2933.29
8913,325,13,17,Total,Industria,N/A,2682.37
8914,326,13,17,Total,Industria,N/A,2531.84
8915,327,13,17,Total,Industria,N/A,2426.7
8916,328,13,17,Total,Industria,N/A,2887.6
8917,329,13,17,Total,Industria,N/A,2640.41
8918,330,13,17,Total,Industria,N/A,2519.13
8919,331,13,17,Total,Industria,N/A,2438.88
8920,332,13,17,Total,Industria,N/A,2818.75
8921,333,13,17,Total,Industria,N/A,2687.21
8922,334,13,17,Total,Industria,N/A,2479.79
8923,335,13,17,Total,Industria,N/A,2408.69
8924,336,13,17,Total,Industria,N/A,2784.68
8925,337,13,17,Total,Industria,N/A,2662.33
8926,338,13,17,Total,Industria,N/A,2424.43
8927,339,13,17,Total,Industria,N/A,2381.0
8928,340,13,17,Total,Industria,N/A,2736.97
8929,341,13,17,Total,Industria,N/A,2535.57
8930,342,13,17,Total,Industria,N/A,2328.51
8931,343,13,17,Total,Industria,N/A,2316.08
8932,344,13,17,Total,Industria,N/A,2737.94
8933,345,13,17,Total,Industria,N/A,2562.93
8934,346,13,17,Total,Industria,N/A,2332.25
8935,347,13,17,Total,Industria,N/A,2238.97
8936,348,13,17,Total,Industria,N/A,2697.59
8937,349,13,17,Total,Industria,N/A,2518.47
8938,350,13,17,Total,Industria,N/A,2269.26
8939,351,13,17,Total,Industria,N/A,2216.92
8940,352,13,17,Total,Industria,N/A,2645.96
8941,353,13,17,Total,Industria,N/A,2385.37
8942,354,13,17,Total,Industria,N/A,2155.32
8943,355,13,17,Total,Industria,N/A,2229.64
8944,356,13,17,Total,Industria,N/A,2615.37
8945,357,13,17,Total,Industria,N/A,2458.95
8946,358,13,17,Total,Industria,N/A,2177.79
8947,359,13,17,Total,Industria,N/A,2216.36
8948,289,13,17,Total,Construcción,N/A,2629.92
8949,290,13,17,Total,Construcción,N/A,2655.76
8950,291,13,17,Total,Construcción,N/A,2524.1
8951,292,13,17,Total,Construcción,N/A,2858.7
8952,293,13,17,Total,Construcción,N/A,2439.09
8953,294,13,17,Total,Construcción,N/A,2489.41
8954,295,13,17,Total,Construcción,N/A,2496.46
8955,296,13,17,Total,Construcción,N/A,2759.54
8956,297,13,17,Total,Construcción,N/A,2364.86
8957,298,13,17,Total,Construcción,N/A,2431.7
8958,299,13,17,Total,Construcción,N/A,2246.31
8959,300,13,17,Total,Construcción,N/A,2595.41
8960,301,13,17,Total,Construcción,N/A,2315.94
8961,302,13,17,Total,Construcción,N/A,2363.73
8962,303,13,17,Total,Construcción,N/A,2145.06
8963,304,13,17,Total,Construcción,N/A,2462.94
8964,305,13,17,Total,Construcción,N/A,2210.25
8965,306,13,17,Total,Construcción,N/A,2290.32
8966,307,13,17,Total,Construcción,N/A,2095.8
8967,308,13,17,Total,Construcción,N/A,2421.57
8968,309,13,17,Total,Construcción,N/A,2227.32
8969,310,13,17,Total,Construcción,N/A,2107.44
8970,311,13,17,Total,Construcción,N/A,2064.7
8971,312,13,17,Total,Construcción,N/A,2400.68
8972,313,13,17,Total,Construcción,N/A,2221.34
8973,314,13,17,Total,Construcción,N/A,2257.21
8974,315,13,17,Total,Construcción,N/A,2005.4
8975,316,13,17,Total,Construcción,N/A,2470.49
8976,317,13,17,Total,Construcción,N/A,2161.63
8977,318,13,17,Total,Construcción,N/A,2305.33
8978,319,13,17,Total,Construcción,N/A,2058.17
8979,320,13,17,Total,Construcción,N/A,2292.88
8980,321,13,17,Total,Construcción,N/A,2189.68
8981,322,13,17,Total,Construcción,N/A,2316.8
8982,323,13,17,Total,Construcción,N/A,2022.34
8983,324,13,17,Total,Construcción,N/A,2439.29
8984,325,13,17,Total,Construcción,N/A,2176.7
8985,326,13,17,Total,Construcción,N/A,2365.79
8986,327,13,17,Total,Construcción,N/A,1991.99
8987,328,13,17,Total,Construcción,N/A,2448.71
8988,329,13,17,Total,Construcción,N/A,2228.27
8989,330,13,17,Total,Construcción,N/A,2341.73
8990,331,13,17,Total,Construcción,N/A,2011.7
8991,332,13,17,Total,Construcción,N/A,2461.68
8992,333,13,17,Total,Construcción,N/A,2177.51
8993,334,13,17,Total,Construcción,N/A,2247.34
8994,335,13,17,Total,Construcción,N/A,1949.3
8995,336,13,17,Total,Construcción,N/A,2232.48
8996,337,13,17,Total,Construcción,N/A,2194.32
8997,338,13,17,Total,Construcción,N/A,2106.5
8998,339,13,17,Total,Construcción,N/A,1904.18
8999,340,13,17,Total,Construcción,N/A,2240.67
9000,341,13,17,Total,Construcción,N/A,2076.21
9001,342,13,17,Total,Construcción,N/A,2117.9
9002,343,13,17,Total,Construcción,N/A,1964.65
9003,344,13,17,Total,Construcción,N/A,2304.4
9004,345,13,17,Total,Construcción,N/A,2125.19
9005,346,13,17,Total,Construcción,N/A,2226.93
9006,347,13,17,Total,Construcción,N/A,1994.18
9007,348,13,17,Total,Construcción,N/A,2292.29
9008,349,13,17,Total,Construcción,N/A,2091.7
9009,350,13,17,Total,Construcción,N/A,2175.94
9010,351,13,17,Total,Construcción,N/A,1936.47
9011,352,13,17,Total,Construcción,N/A,2294.34
9012,353,13,17,Total,Construcción,N/A,2055.76
9013,354,13,17,Total,Construcción,N/A,2186.45
9014,355,13,17,Total,Construcción,N/A,1894.33
9015,356,13,17,Total,Construcción,N/A,2393.4
9016,357,13,17,Total,Construcción,N/A,2086.78
9017,358,13,17,Total,Construcción,N/A,2133.51
9018,359,13,17,Total,Construcción,N/A,1866.18
9019,289,13,17,Total,Servicios,N/A,2517.6
9020,290,13,17,Total,Servicios,N/A,2468.51
9021,291,13,17,Total,Servicios,N/A,2383.17
9022,292,13,17,Total,Servicios,N/A,2552.55
9023,293,13,17,Total,Servicios,N/A,2399.01
9024,294,13,17,Total,Servicios,N/A,2362.52
9025,295,13,17,Total,Servicios,N/A,2286.1
9026,296,13,17,Total,Servicios,N/A,2504.86
9027,297,13,17,Total,Servicios,N/A,2328.57
9028,298,13,17,Total,Servicios,N/A,2309.7
9029,299,13,17,Total,Servicios,N/A,2265.37
9030,300,13,17,Total,Servicios,N/A,2541.13
9031,301,13,17,Total,Servicios,N/A,2257.23
9032,302,13,17,Total,Servicios,N/A,2176.07
9033,303,13,17,Total,Servicios,N/A,2173.84
9034,304,13,17,Total,Servicios,N/A,2361.81
9035,305,13,17,Total,Servicios,N/A,2257.78
9036,306,13,17,Total,Servicios,N/A,2164.17
9037,307,13,17,Total,Servicios,N/A,2131.29
9038,308,13,17,Total,Servicios,N/A,2255.73
9039,309,13,17,Total,Servicios,N/A,2154.46
9040,310,13,17,Total,Servicios,N/A,1985.8
9041,311,13,17,Total,Servicios,N/A,2094.69
9042,312,13,17,Total,Servicios,N/A,2274.92
9043,313,13,17,Total,Servicios,N/A,2173.74
9044,314,13,17,Total,Servicios,N/A,2137.76
9045,315,13,17,Total,Servicios,N/A,2047.14
9046,316,13,17,Total,Servicios,N/A,2245.33
9047,317,13,17,Total,Servicios,N/A,2138.67
9048,318,13,17,Total,Servicios,N/A,2064.55
9049,319,13,17,Total,Servicios,N/A,2008.95
9050,320,13,17,Total,Servicios,N/A,2153.73
9051,321,13,17,Total,Servicios,N/A,2030.37
9052,322,13,17,Total,Servicios,N/A,2029.92
9053,323,13,17,Total,Servicios,N/A,1984.83
9054,324,13,17,Total,Servicios,N/A,2164.22
9055,325,13,17,Total,Servicios,N/A,2024.23
9056,326,13,17,Total,Servicios,N/A,2093.86
9057,327,13,17,Total,Servicios,N/A,2002.26
9058,328,13,17,Total,Servicios,N/A,2227.7
9059,329,13,17,Total,Servicios,N/A,2048.23
9060,330,13,17,Total,Servicios,N/A,2115.96
9061,331,13,17,Total,Servicios,N/A,2024.71
9062,332,13,17,Total,Servicios,N/A,2257.8
9063,333,13,17,Total,Servicios,N/A,2067.88
9064,334,13,17,Total,Servicios,N/A,2128.85
9065,335,13,17,Total,Servicios,N/A,2038.26
9066,336,13,17,Total,Servicios,N/A,2302.71
9067,337,13,17,Total,Servicios,N/A,2119.15
9068,338,13,17,Total,Servicios,N/A,2151.19
9069,339,13,17,Total,Servicios,N/A,2099.78
9070,340,13,17,Total,Servicios,N/A,2217.29
9071,341,13,17,Total,Servicios,N/A,2124.17
9072,342,13,17,Total,Servicios,N/A,2174.2
9073,343,13,17,Total,Servicios,N/A,2079.99
9074,344,13,17,Total,Servicios,N/A,2282.8
9075,345,13,17,Total,Servicios,N/A,2072.41
9076,346,13,17,Total,Servicios,N/A,2087.94
9077,347,13,17,Total,Servicios,N/A,2060.45
9078,348,13,17,Total,Servicios,N/A,2261.57
9079,349,13,17,Total,Servicios,N/A,2058.61
9080,350,13,17,Total,Servicios,N/A,2149.92
9081,351,13,17,Total,Servicios,N/A,2070.95
9082,352,13,17,Total,Servicios,N/A,2247.43
9083,353,13,17,Total,Servicios,N/A,2037.14
9084,354,13,17,Total,Servicios,N/A,2102.21
9085,355,13,17,Total,Servicios,N/A,2005.64
9086,356,13,17,Total,Servicios,N/A,2160.24
9087,357,13,17,Total,Servicios,N/A,1974.08
9088,358,13,17,Total,Servicios,N/A,1972.2
9089,359,13,17,Total,Servicios,N/A,1869.17
9090,289,13,18,Total,"Industria, construcción y servicios (excepto actividades de los hogares como empleadores y de organizaciones y organismos extraterritoriales)",N/A,2049.32
9091,290,13,18,Total,"Industria, construcción y servicios (excepto actividades de los hogares como empleadores y de organizaciones y organismos extraterritoriales)",N/A,2320.52
9092,291,13,18,Total,"Industria, construcción y servicios (excepto actividades de los hogares como empleadores y de organizaciones y organismos extraterritoriales)",N/A,2004.93
9093,292,13,18,Total,"Industria, construcción y servicios (excepto actividades de los hogares como empleadores y de organizaciones y organismos extraterritoriales)",N/A,2263.17
9094,293,13,18,Total,"Industria, construcción y servicios (excepto actividades de los hogares como empleadores y de organizaciones y organismos extraterritoriales)",N/A,1951.91
9095,294,13,18,Total,"Industria, construcción y servicios (excepto actividades de los hogares como empleadores y de organizaciones y organismos extraterritoriales)",N/A,2210.59
9096,295,13,18,Total,"Industria, construcción y servicios (excepto actividades de los hogares como empleadores y de organizaciones y organismos extraterritoriales)",N/A,1918.19
9097,296,13,18,Total,"Industria, construcción y servicios (excepto actividades de los hogares como empleadores y de organizaciones y organismos extraterritoriales)",N/A,2142.07
9098,297,13,18,Total,"Industria, construcción y servicios (excepto actividades de los hogares como empleadores y de organizaciones y organismos extraterritoriales)",N/A,1884.85
9099,298,13,18,Total,"Industria, construcción y servicios (excepto actividades de los hogares como empleadores y de organizaciones y organismos extraterritoriales)",N/A,2085.36
9100,299,13,18,Total,"Industria, construcción y servicios (excepto actividades de los hogares como empleadores y de organizaciones y organismos extraterritoriales)",N/A,1865.24
9101,300,13,18,Total,"Industria, construcción y servicios (excepto actividades de los hogares como empleadores y de organizaciones y organismos extraterritoriales)",N/A,2065.68
9102,301,13,18,Total,"Industria, construcción y servicios (excepto actividades de los hogares como empleadores y de organizaciones y organismos extraterritoriales)",N/A,1781.58
9103,302,13,18,Total,"Industria, construcción y servicios (excepto actividades de los hogares como empleadores y de organizaciones y organismos extraterritoriales)",N/A,1962.97
9104,303,13,18,Total,"Industria, construcción y servicios (excepto actividades de los hogares como empleadores y de organizaciones y organismos extraterritoriales)",N/A,1753.72
9105,304,13,18,Total,"Industria, construcción y servicios (excepto actividades de los hogares como empleadores y de organizaciones y organismos extraterritoriales)",N/A,1959.0
9106,305,13,18,Total,"Industria, construcción y servicios (excepto actividades de los hogares como empleadores y de organizaciones y organismos extraterritoriales)",N/A,1695.16
9107,306,13,18,Total,"Industria, construcción y servicios (excepto actividades de los hogares como empleadores y de organizaciones y organismos extraterritoriales)",N/A,1866.77
9108,307,13,18,Total,"Industria, construcción y servicios (excepto actividades de los hogares como empleadores y de organizaciones y organismos extraterritoriales)",N/A,1660.19
9109,308,13,18,Total,"Industria, construcción y servicios (excepto actividades de los hogares como empleadores y de organizaciones y organismos extraterritoriales)",N/A,1888.15
9110,309,13,18,Total,"Industria, construcción y servicios (excepto actividades de los hogares como empleadores y de organizaciones y organismos extraterritoriales)",N/A,1668.46
9111,310,13,18,Total,"Industria, construcción y servicios (excepto actividades de los hogares como empleadores y de organizaciones y organismos extraterritoriales)",N/A,1654.55
9112,311,13,18,Total,"Industria, construcción y servicios (excepto actividades de los hogares como empleadores y de organizaciones y organismos extraterritoriales)",N/A,1659.43
9113,312,13,18,Total,"Industria, construcción y servicios (excepto actividades de los hogares como empleadores y de organizaciones y organismos extraterritoriales)",N/A,1910.44
9114,313,13,18,Total,"Industria, construcción y servicios (excepto actividades de los hogares como empleadores y de organizaciones y organismos extraterritoriales)",N/A,1669.95
9115,314,13,18,Total,"Industria, construcción y servicios (excepto actividades de los hogares como empleadores y de organizaciones y organismos extraterritoriales)",N/A,1858.45
9116,315,13,18,Total,"Industria, construcción y servicios (excepto actividades de los hogares como empleadores y de organizaciones y organismos extraterritoriales)",N/A,1653.01
9117,316,13,18,Total,"Industria, construcción y servicios (excepto actividades de los hogares como empleadores y de organizaciones y organismos extraterritoriales)",N/A,1878.95
9118,317,13,18,Total,"Industria, construcción y servicios (excepto actividades de los hogares como empleadores y de organizaciones y organismos extraterritoriales)",N/A,1641.01
9119,318,13,18,Total,"Industria, construcción y servicios (excepto actividades de los hogares como empleadores y de organizaciones y organismos extraterritoriales)",N/A,1791.63
9120,319,13,18,Total,"Industria, construcción y servicios (excepto actividades de los hogares como empleadores y de organizaciones y organismos extraterritoriales)",N/A,1612.46
9121,320,13,18,Total,"Industria, construcción y servicios (excepto actividades de los hogares como empleadores y de organizaciones y organismos extraterritoriales)",N/A,1899.07
9122,321,13,18,Total,"Industria, construcción y servicios (excepto actividades de los hogares como empleadores y de organizaciones y organismos extraterritoriales)",N/A,1630.01
9123,322,13,18,Total,"Industria, construcción y servicios (excepto actividades de los hogares como empleadores y de organizaciones y organismos extraterritoriales)",N/A,1826.72
9124,323,13,18,Total,"Industria, construcción y servicios (excepto actividades de los hogares como empleadores y de organizaciones y organismos extraterritoriales)",N/A,1671.02
9125,324,13,18,Total,"Industria, construcción y servicios (excepto actividades de los hogares como empleadores y de organizaciones y organismos extraterritoriales)",N/A,1903.25
9126,325,13,18,Total,"Industria, construcción y servicios (excepto actividades de los hogares como empleadores y de organizaciones y organismos extraterritoriales)",N/A,1603.74
9127,326,13,18,Total,"Industria, construcción y servicios (excepto actividades de los hogares como empleadores y de organizaciones y organismos extraterritoriales)",N/A,1835.71
9128,327,13,18,Total,"Industria, construcción y servicios (excepto actividades de los hogares como empleadores y de organizaciones y organismos extraterritoriales)",N/A,1665.42
9129,328,13,18,Total,"Industria, construcción y servicios (excepto actividades de los hogares como empleadores y de organizaciones y organismos extraterritoriales)",N/A,1908.8
9130,329,13,18,Total,"Industria, construcción y servicios (excepto actividades de los hogares como empleadores y de organizaciones y organismos extraterritoriales)",N/A,1673.54
9131,330,13,18,Total,"Industria, construcción y servicios (excepto actividades de los hogares como empleadores y de organizaciones y organismos extraterritoriales)",N/A,1864.61
9132,331,13,18,Total,"Industria, construcción y servicios (excepto actividades de los hogares como empleadores y de organizaciones y organismos extraterritoriales)",N/A,1679.22
9133,332,13,18,Total,"Industria, construcción y servicios (excepto actividades de los hogares como empleadores y de organizaciones y organismos extraterritoriales)",N/A,1884.33
9134,333,13,18,Total,"Industria, construcción y servicios (excepto actividades de los hogares como empleadores y de organizaciones y organismos extraterritoriales)",N/A,1627.74
9135,334,13,18,Total,"Industria, construcción y servicios (excepto actividades de los hogares como empleadores y de organizaciones y organismos extraterritoriales)",N/A,1846.97
9136,335,13,18,Total,"Industria, construcción y servicios (excepto actividades de los hogares como empleadores y de organizaciones y organismos extraterritoriales)",N/A,1616.77
9137,336,13,18,Total,"Industria, construcción y servicios (excepto actividades de los hogares como empleadores y de organizaciones y organismos extraterritoriales)",N/A,1920.0
9138,337,13,18,Total,"Industria, construcción y servicios (excepto actividades de los hogares como empleadores y de organizaciones y organismos extraterritoriales)",N/A,1655.32
9139,338,13,18,Total,"Industria, construcción y servicios (excepto actividades de los hogares como empleadores y de organizaciones y organismos extraterritoriales)",N/A,1900.29
9140,339,13,18,Total,"Industria, construcción y servicios (excepto actividades de los hogares como empleadores y de organizaciones y organismos extraterritoriales)",N/A,1607.89
9141,340,13,18,Total,"Industria, construcción y servicios (excepto actividades de los hogares como empleadores y de organizaciones y organismos extraterritoriales)",N/A,1818.6
9142,341,13,18,Total,"Industria, construcción y servicios (excepto actividades de los hogares como empleadores y de organizaciones y organismos extraterritoriales)",N/A,1669.0
9143,342,13,18,Total,"Industria, construcción y servicios (excepto actividades de los hogares como empleadores y de organizaciones y organismos extraterritoriales)",N/A,1841.19
9144,343,13,18,Total,"Industria, construcción y servicios (excepto actividades de los hogares como empleadores y de organizaciones y organismos extraterritoriales)",N/A,1623.41
9145,344,13,18,Total,"Industria, construcción y servicios (excepto actividades de los hogares como empleadores y de organizaciones y organismos extraterritoriales)",N/A,1924.76
9146,345,13,18,Total,"Industria, construcción y servicios (excepto actividades de los hogares como empleadores y de organizaciones y organismos extraterritoriales)",N/A,1677.84
9147,346,13,18,Total,"Industria, construcción y servicios (excepto actividades de los hogares como empleadores y de organizaciones y organismos extraterritoriales)",N/A,1870.96
9148,347,13,18,Total,"Industria, construcción y servicios (excepto actividades de los hogares como empleadores y de organizaciones y organismos extraterritoriales)",N/A,1643.15
9149,348,13,18,Total,"Industria, construcción y servicios (excepto actividades de los hogares como empleadores y de organizaciones y organismos extraterritoriales)",N/A,1932.98
9150,349,13,18,Total,"Industria, construcción y servicios (excepto actividades de los hogares como empleadores y de organizaciones y organismos extraterritoriales)",N/A,1616.25
9151,350,13,18,Total,"Industria, construcción y servicios (excepto actividades de los hogares como empleadores y de organizaciones y organismos extraterritoriales)",N/A,1876.71
9152,351,13,18,Total,"Industria, construcción y servicios (excepto actividades de los hogares como empleadores y de organizaciones y organismos extraterritoriales)",N/A,1621.09
9153,352,13,18,Total,"Industria, construcción y servicios (excepto actividades de los hogares como empleadores y de organizaciones y organismos extraterritoriales)",N/A,1912.74
9154,353,13,18,Total,"Industria, construcción y servicios (excepto actividades de los hogares como empleadores y de organizaciones y organismos extraterritoriales)",N/A,1628.28
9155,354,13,18,Total,"Industria, construcción y servicios (excepto actividades de los hogares como empleadores y de organizaciones y organismos extraterritoriales)",N/A,1852.31
9156,355,13,18,Total,"Industria, construcción y servicios (excepto actividades de los hogares como empleadores y de organizaciones y organismos extraterritoriales)",N/A,1602.7
9157,356,13,18,Total,"Industria, construcción y servicios (excepto actividades de los hogares como empleadores y de organizaciones y organismos extraterritoriales)",N/A,1822.14
9158,357,13,18,Total,"Industria, construcción y servicios (excepto actividades de los hogares como empleadores y de organizaciones y organismos extraterritoriales)",N/A,1567.98
9159,358,13,18,Total,"Industria, construcción y servicios (excepto actividades de los hogares como empleadores y de organizaciones y organismos extraterritoriales)",N/A,1763.47
9160,359,13,18,Total,"Industria, construcción y servicios (excepto actividades de los hogares como empleadores y de organizaciones y organismos extraterritoriales)",N/A,1529.05
9161,289,13,18,Total,Industria,N/A,2316.04
9162,290,13,18,Total,Industria,N/A,2492.78
9163,291,13,18,Total,Industria,N/A,2167.2
9164,292,13,18,Total,Industria,N/A,2405.71
9165,293,13,18,Total,Industria,N/A,2177.89
9166,294,13,18,Total,Industria,N/A,2380.74
9167,295,13,18,Total,Industria,N/A,2094.13
9168,296,13,18,Total,Industria,N/A,2289.87
9169,297,13,18,Total,Industria,N/A,2055.32
9170,298,13,18,Total,Industria,N/A,2245.88
9171,299,13,18,Total,Industria,N/A,2022.0
9172,300,13,18,Total,Industria,N/A,2212.34
9173,301,13,18,Total,Industria,N/A,1964.05
9174,302,13,18,Total,Industria,N/A,2123.65
9175,303,13,18,Total,Industria,N/A,1918.5
9176,304,13,18,Total,Industria,N/A,2097.18
9177,305,13,18,Total,Industria,N/A,1933.9
9178,306,13,18,Total,Industria,N/A,2084.78
9179,307,13,18,Total,Industria,N/A,1867.95
9180,308,13,18,Total,Industria,N/A,2108.76
9181,309,13,18,Total,Industria,N/A,1946.02
9182,310,13,18,Total,Industria,N/A,1810.0
9183,311,13,18,Total,Industria,N/A,1920.92
9184,312,13,18,Total,Industria,N/A,2141.54
9185,313,13,18,Total,Industria,N/A,1930.51
9186,314,13,18,Total,Industria,N/A,2125.29
9187,315,13,18,Total,Industria,N/A,1899.89
9188,316,13,18,Total,Industria,N/A,2140.8
9189,317,13,18,Total,Industria,N/A,1943.09
9190,318,13,18,Total,Industria,N/A,2049.85
9191,319,13,18,Total,Industria,N/A,1875.66
9192,320,13,18,Total,Industria,N/A,2086.55
9193,321,13,18,Total,Industria,N/A,1901.06
9194,322,13,18,Total,Industria,N/A,2051.21
9195,323,13,18,Total,Industria,N/A,1924.38
9196,324,13,18,Total,Industria,N/A,2065.62
9197,325,13,18,Total,Industria,N/A,1823.61
9198,326,13,18,Total,Industria,N/A,2052.77
9199,327,13,18,Total,Industria,N/A,1832.19
9200,328,13,18,Total,Industria,N/A,2012.78
9201,329,13,18,Total,Industria,N/A,1877.83
9202,330,13,18,Total,Industria,N/A,2006.23
9203,331,13,18,Total,Industria,N/A,1771.09
9204,332,13,18,Total,Industria,N/A,1987.89
9205,333,13,18,Total,Industria,N/A,1813.8
9206,334,13,18,Total,Industria,N/A,1928.57
9207,335,13,18,Total,Industria,N/A,1723.45
9208,336,13,18,Total,Industria,N/A,2008.04
9209,337,13,18,Total,Industria,N/A,1918.65
9210,338,13,18,Total,Industria,N/A,2063.3
9211,339,13,18,Total,Industria,N/A,1785.49
9212,340,13,18,Total,Industria,N/A,2073.6
9213,341,13,18,Total,Industria,N/A,1922.02
9214,342,13,18,Total,Industria,N/A,1950.39
9215,343,13,18,Total,Industria,N/A,1747.83
9216,344,13,18,Total,Industria,N/A,2018.97
9217,345,13,18,Total,Industria,N/A,1816.93
9218,346,13,18,Total,Industria,N/A,1925.28
9219,347,13,18,Total,Industria,N/A,1690.2
9220,348,13,18,Total,Industria,N/A,1927.31
9221,349,13,18,Total,Industria,N/A,1700.08
9222,350,13,18,Total,Industria,N/A,1854.33
9223,351,13,18,Total,Industria,N/A,1608.54
9224,352,13,18,Total,Industria,N/A,1911.95
9225,353,13,18,Total,Industria,N/A,1735.84
9226,354,13,18,Total,Industria,N/A,1853.07
9227,355,13,18,Total,Industria,N/A,1639.93
9228,356,13,18,Total,Industria,N/A,1929.47
9229,357,13,18,Total,Industria,N/A,1672.36
9230,358,13,18,Total,Industria,N/A,1853.07
9231,359,13,18,Total,Industria,N/A,1615.4
9232,289,13,18,Total,Construcción,N/A,1964.34
9233,290,13,18,Total,Construcción,N/A,2345.89
9234,291,13,18,Total,Construcción,N/A,1971.01
9235,292,13,18,Total,Construcción,N/A,2400.62
9236,293,13,18,Total,Construcción,N/A,1900.6
9237,294,13,18,Total,Construcción,N/A,2317.62
9238,295,13,18,Total,Construcción,N/A,1910.25
9239,296,13,18,Total,Construcción,N/A,2297.22
9240,297,13,18,Total,Construcción,N/A,1947.26
9241,298,13,18,Total,Construcción,N/A,2226.21
9242,299,13,18,Total,Construcción,N/A,1969.08
9243,300,13,18,Total,Construcción,N/A,2285.24
9244,301,13,18,Total,Construcción,N/A,1763.58
9245,302,13,18,Total,Construcción,N/A,2169.89
9246,303,13,18,Total,Construcción,N/A,1780.7
9247,304,13,18,Total,Construcción,N/A,2135.28
9248,305,13,18,Total,Construcción,N/A,1814.13
9249,306,13,18,Total,Construcción,N/A,2057.25
9250,307,13,18,Total,Construcción,N/A,1661.0
9251,308,13,18,Total,Construcción,N/A,2024.86
9252,309,13,18,Total,Construcción,N/A,1667.8
9253,310,13,18,Total,Construcción,N/A,1817.89
9254,311,13,18,Total,Construcción,N/A,1635.91
9255,312,13,18,Total,Construcción,N/A,2080.02
9256,313,13,18,Total,Construcción,N/A,1749.36
9257,314,13,18,Total,Construcción,N/A,2010.33
9258,315,13,18,Total,Construcción,N/A,1637.31
9259,316,13,18,Total,Construcción,N/A,2075.09
9260,317,13,18,Total,Construcción,N/A,1764.2
9261,318,13,18,Total,Construcción,N/A,2004.95
9262,319,13,18,Total,Construcción,N/A,1628.45
9263,320,13,18,Total,Construcción,N/A,2083.19
9264,321,13,18,Total,Construcción,N/A,1662.7
9265,322,13,18,Total,Construcción,N/A,2002.62
9266,323,13,18,Total,Construcción,N/A,1617.44
9267,324,13,18,Total,Construcción,N/A,2011.35
9268,325,13,18,Total,Construcción,N/A,1660.35
9269,326,13,18,Total,Construcción,N/A,2016.89
9270,327,13,18,Total,Construcción,N/A,1732.44
9271,328,13,18,Total,Construcción,N/A,2230.33
9272,329,13,18,Total,Construcción,N/A,1820.82
9273,330,13,18,Total,Construcción,N/A,2177.04
9274,331,13,18,Total,Construcción,N/A,1789.8
9275,332,13,18,Total,Construcción,N/A,2258.47
9276,333,13,18,Total,Construcción,N/A,1801.34
9277,334,13,18,Total,Construcción,N/A,2170.27
9278,335,13,18,Total,Construcción,N/A,1701.06
9279,336,13,18,Total,Construcción,N/A,2117.39
9280,337,13,18,Total,Construcción,N/A,1624.8
9281,338,13,18,Total,Construcción,N/A,1974.81
9282,339,13,18,Total,Construcción,N/A,1590.57
9283,340,13,18,Total,Construcción,N/A,2062.58
9284,341,13,18,Total,Construcción,N/A,1712.58
9285,342,13,18,Total,Construcción,N/A,2068.88
9286,343,13,18,Total,Construcción,N/A,1775.13
9287,344,13,18,Total,Construcción,N/A,2194.37
9288,345,13,18,Total,Construcción,N/A,1766.54
9289,346,13,18,Total,Construcción,N/A,2119.57
9290,347,13,18,Total,Construcción,N/A,1776.05
9291,348,13,18,Total,Construcción,N/A,2201.2
9292,349,13,18,Total,Construcción,N/A,1758.27
9293,350,13,18,Total,Construcción,N/A,1980.45
9294,351,13,18,Total,Construcción,N/A,1629.43
9295,352,13,18,Total,Construcción,N/A,1954.47
9296,353,13,18,Total,Construcción,N/A,1677.59
9297,354,13,18,Total,Construcción,N/A,2026.7
9298,355,13,18,Total,Construcción,N/A,1671.88
9299,356,13,18,Total,Construcción,N/A,1866.92
9300,357,13,18,Total,Construcción,N/A,1532.94
9301,358,13,18,Total,Construcción,N/A,1788.48
9302,359,13,18,Total,Construcción,N/A,1492.2
9303,289,13,18,Total,Servicios,N/A,1969.77
9304,290,13,18,Total,Servicios,N/A,2264.32
9305,291,13,18,Total,Servicios,N/A,1955.48
9306,292,13,18,Total,Servicios,N/A,2205.11
9307,293,13,18,Total,Servicios,N/A,1878.47
9308,294,13,18,Total,Servicios,N/A,2144.94
9309,295,13,18,Total,Servicios,N/A,1858.84
9310,296,13,18,Total,Servicios,N/A,2077.19
9311,297,13,18,Total,Servicios,N/A,1819.76
9312,298,13,18,Total,Servicios,N/A,2017.45
9313,299,13,18,Total,Servicios,N/A,1799.38
9314,300,13,18,Total,Servicios,N/A,1991.83
9315,301,13,18,Total,Servicios,N/A,1713.62
9316,302,13,18,Total,Servicios,N/A,1884.89
9317,303,13,18,Total,Servicios,N/A,1688.9
9318,304,13,18,Total,Servicios,N/A,1891.76
9319,305,13,18,Total,Servicios,N/A,1595.62
9320,306,13,18,Total,Servicios,N/A,1765.35
9321,307,13,18,Total,Servicios,N/A,1580.15
9322,308,13,18,Total,Servicios,N/A,1797.02
9323,309,13,18,Total,Servicios,N/A,1567.45
9324,310,13,18,Total,Servicios,N/A,1585.33
9325,311,13,18,Total,Servicios,N/A,1559.63
9326,312,13,18,Total,Servicios,N/A,1809.2
9327,313,13,18,Total,Servicios,N/A,1563.36
9328,314,13,18,Total,Servicios,N/A,1744.76
9329,315,13,18,Total,Servicios,N/A,1559.02
9330,316,13,18,Total,Servicios,N/A,1763.85
9331,317,13,18,Total,Servicios,N/A,1517.16
9332,318,13,18,Total,Servicios,N/A,1672.47
9333,319,13,18,Total,Servicios,N/A,1509.74
9334,320,13,18,Total,Servicios,N/A,1811.94
9335,321,13,18,Total,Servicios,N/A,1521.66
9336,322,13,18,Total,Servicios,N/A,1725.75
9337,323,13,18,Total,Servicios,N/A,1573.96
9338,324,13,18,Total,Servicios,N/A,1831.05
9339,325,13,18,Total,Servicios,N/A,1512.12
9340,326,13,18,Total,Servicios,N/A,1737.05
9341,327,13,18,Total,Servicios,N/A,1593.08
9342,328,13,18,Total,Servicios,N/A,1842.48
9343,329,13,18,Total,Servicios,N/A,1577.35
9344,330,13,18,Total,Servicios,N/A,1781.68
9345,331,13,18,Total,Servicios,N/A,1632.5
9346,332,13,18,Total,Servicios,N/A,1815.35
9347,333,13,18,Total,Servicios,N/A,1541.89
9348,334,13,18,Total,Servicios,N/A,1787.91
9349,335,13,18,Total,Servicios,N/A,1567.59
9350,336,13,18,Total,Servicios,N/A,1865.63
9351,337,13,18,Total,Servicios,N/A,1547.0
9352,338,13,18,Total,Servicios,N/A,1823.02
9353,339,13,18,Total,Servicios,N/A,1532.2
9354,340,13,18,Total,Servicios,N/A,1684.19
9355,341,13,18,Total,Servicios,N/A,1553.63
9356,342,13,18,Total,Servicios,N/A,1769.51
9357,343,13,18,Total,Servicios,N/A,1552.56
9358,344,13,18,Total,Servicios,N/A,1848.32
9359,345,13,18,Total,Servicios,N/A,1601.89
9360,346,13,18,Total,Servicios,N/A,1810.02
9361,347,13,18,Total,Servicios,N/A,1601.7
9362,348,13,18,Total,Servicios,N/A,1897.4
9363,349,13,18,Total,Servicios,N/A,1558.08
9364,350,13,18,Total,Servicios,N/A,1870.06
9365,351,13,18,Total,Servicios,N/A,1625.47
9366,352,13,18,Total,Servicios,N/A,1905.72
9367,353,13,18,Total,Servicios,N/A,1570.36
9368,354,13,18,Total,Servicios,N/A,1820.12
9369,355,13,18,Total,Servicios,N/A,1572.89
9370,356,13,18,Total,Servicios,N/A,1763.7
9371,357,13,18,Total,Servicios,N/A,1525.84
9372,358,13,18,Total,Servicios,N/A,1715.02
9373,359,13,18,Total,Servicios,N/A,1496.49
